"sourceId","assetId","path","scope","mediaType","mimeType","extension","bytes","sha256","width","height","aspectRatio","orientation","hasAlpha","animated","frameCount","colorSpace","entityType","entityId","assetRole","sourceType","rightsStatus","cacheAllowed","derivativesAllowed","authenticity","manifestStatus","protected","referenced","referenceCount","referenceLocations","focalPoint","safeArea","brandIconSource","additionalProfiles","variantPolicyId","processingEligibility","processingBlockReason","duplicateGroup","decodeError","notes"
"source-1af22e79ed23d0559ca5","unregistered.1af22e79ed23d0559ca5","assets/design/ai-trip-flow.svg","design-source","svg","image/svg+xml","svg","4511","2109cec04acf72530868ab91d8e3ae586ef89f2a96a4e779aae2f56cef729e79","1400","900","1.555556","","true","false","","","","","","","unknown","","","unreviewed","legacy_review_required","false","true","4","[{""sourceFile"":""assets/design/README.md"",""line"":52,""referenceType"":""markdown""},{""sourceFile"":""docs/decisions/project-design-master.md"",""line"":360,""referenceType"":""markdown""},{""sourceFile"":""docs/decisions/project-design-master.md"",""line"":492,""referenceType"":""markdown""},{""sourceFile"":""docs/README.md"",""line"":61,""referenceType"":""markdown""}]","null","null","false","","","false","unmanifested-review-required","","","Inventory is not rights approval. Unknown dimensions remain null; no originals are changed."
"source-35b2240bf1973df758cb","unregistered.35b2240bf1973df758cb","assets/design/asset-library/previews/review-desktop.png","preview-only","raster","image/png","png","238476","3b0847d48fc32b5ba7722b99645b8e72dfa5795e4f261edc0a72c7cefd550a6e","1440","2944","0.48913","","false","false","1","srgb","","","","","unknown","","","unreviewed","unknown-review-required","false","false","0","[]","null","null","false","","","false","unmanifested-review-required","","","Inventory is not rights approval. Unknown dimensions remain null; no originals are changed."
"source-b00cb4352e35ca7a4753","unregistered.b00cb4352e35ca7a4753","assets/design/asset-library/previews/review-destinations.png","preview-only","raster","image/png","png","27648","23f4b8b6d51382a1e01915bd8136fa7e90549e99188fce760b188aeb837e210b","1360","416","3.269231","","false","false","1","srgb","","","","","unknown","","","unreviewed","unknown-review-required","false","false","0","[]","null","null","false","","","false","unmanifested-review-required","","","Inventory is not rights approval. Unknown dimensions remain null; no originals are changed."
"source-9f228dfc08b0c5251466","unregistered.9f228dfc08b0c5251466","assets/design/asset-library/previews/review-markers.png","preview-only","raster","image/png","png","32037","e8630f8e820ec8b932cfc2db3bb43be60df2fab94fadeb3e693170b83e07eb2e","1360","332","4.096386","","false","false","1","srgb","","","","","unknown","","","unreviewed","unknown-review-required","false","false","0","[]","null","null","false","","","false","unmanifested-review-required","","","Inventory is not rights approval. Unknown dimensions remain null; no originals are changed."
"source-a2f864a5fdc88d44b26b","unregistered.a2f864a5fdc88d44b26b","assets/design/asset-library/previews/review-mobile.png","preview-only","raster","image/png","png","263158","19e6fe03daeef0400a9698977644afc3f1dc795401407ad7feae6678c12e7614","390","4810","0.081081","","false","false","1","srgb","","","","","unknown","","","unreviewed","unknown-review-required","false","false","0","[]","null","null","false","","","false","unmanifested-review-required","","","Inventory is not rights approval. Unknown dimensions remain null; no originals are changed."
"source-5b8333c8743e5f5f0c4f","unregistered.5b8333c8743e5f5f0c4f","assets/design/home-concept.svg","design-source","svg","image/svg+xml","svg","3312","dab3c2b9045665e724050c9154dc345d4f3f9ef0b9afce58726fa0070bedd571","1600","900","1.777778","","true","false","","","","","","","unknown","","","unreviewed","legacy_review_required","false","true","6","[{""sourceFile"":""assets/design/README.md"",""line"":9,""referenceType"":""markdown""},{""sourceFile"":""docs/decisions/project-design-master.md"",""line"":120,""referenceType"":""markdown""},{""sourceFile"":""docs/decisions/project-design-master.md"",""line"":489,""referenceType"":""markdown""},{""sourceFile"":""docs/README.md"",""line"":58,""referenceType"":""markdown""},{""sourceFile"":""docs/ui/design-system.md"",""line"":227,""referenceType"":""markdown""},{""sourceFile"":""docs/ui/home-page.md"",""line"":630,""referenceType"":""markdown""}]","null","null","false","","","false","unmanifested-review-required","","","Inventory is not rights approval. Unknown dimensions remain null; no originals are changed."
"source-879a8205a8283e30dd5a","unregistered.879a8205a8283e30dd5a","assets/design/personal-center/generated-20260905/avatar-yuki.png","design-source","raster","image/png","png","1864341","6fb02192d4bcda7395ba9d06ef52b7411c129683bb5393543d8076db273d77fe","1254","1254","1","","false","false","1","srgb","","","","","unknown","","","illustrative","legacy_review_required","true","true","1","[{""sourceFile"":""docs/assets/personal-center-generated-images-20260905.manifest.json"",""line"":127,""referenceType"":""literal""}]","null","null","false","","","false","unmanifested-review-required","","","Inventory is not rights approval. Unknown dimensions remain null; no originals are changed."
"source-dbef764f9497dcb08270","unregistered.dbef764f9497dcb08270","assets/design/personal-center/generated-20260905/hero-kyoto-sakura.png","design-source","raster","image/png","png","2389762","2e2da8a52a0e82261bbfe2ba8b6c122b582519e353a508d1570830f2a73cdf2f","1942","809","2.400494","","false","false","1","srgb","","","","","unknown","","","illustrative","legacy_review_required","true","true","1","[{""sourceFile"":""docs/assets/personal-center-generated-images-20260905.manifest.json"",""line"":15,""referenceType"":""literal""}]","null","null","false","","","false","unmanifested-review-required","","","Inventory is not rights approval. Unknown dimensions remain null; no originals are changed."
"source-47e1e31743155110eb93","unregistered.47e1e31743155110eb93","assets/design/personal-center/generated-20260905/travelassist-logo-torii.png","design-source","raster","image/png","png","323826","2d77515ed32540048641fee1e12fe7149a5f0619cfd6ca6d11886e592679749a","2172","724","3","","true","false","1","srgb","","","","","unknown","","","illustrative","legacy_review_required","true","true","1","[{""sourceFile"":""docs/assets/personal-center-generated-images-20260905.manifest.json"",""line"":155,""referenceType"":""literal""}]","null","null","false","","","false","unmanifested-review-required","2d77515ed32540048641fee1e12fe7149a5f0619cfd6ca6d11886e592679749a","","Inventory is not rights approval. Unknown dimensions remain null; no originals are changed."
"source-74c15a52f24b6911ebfd","unregistered.74c15a52f24b6911ebfd","assets/design/personal-center/generated-20260905/trip-hokkaido-winter.png","design-source","raster","image/png","png","2526857","257cc780f9e0ba67c94581faeb850e8a816cd185c5afc0f056b8fb823f6fb7f0","1619","971","1.667353","","false","false","1","srgb","","","","","unknown","","","illustrative","legacy_review_required","true","true","1","[{""sourceFile"":""docs/assets/personal-center-generated-images-20260905.manifest.json"",""line"":99,""referenceType"":""literal""}]","null","null","false","","","false","unmanifested-review-required","","","Inventory is not rights approval. Unknown dimensions remain null; no originals are changed."
"source-7b27cb0d489c10965f17","unregistered.7b27cb0d489c10965f17","assets/design/personal-center/generated-20260905/trip-kyoto-gion.png","design-source","raster","image/png","png","2791158","3e9dd6fd8e6bd08777f43708c934ef61517108581eddbf7dcd47f6a572a2c0c1","1619","971","1.667353","","false","false","1","srgb","","","","","unknown","","","illustrative","legacy_review_required","true","true","1","[{""sourceFile"":""docs/assets/personal-center-generated-images-20260905.manifest.json"",""line"":43,""referenceType"":""literal""}]","null","null","false","","","false","unmanifested-review-required","","","Inventory is not rights approval. Unknown dimensions remain null; no originals are changed."
"source-a05a018628d952e54f86","unregistered.a05a018628d952e54f86","assets/design/personal-center/generated-20260905/trip-osaka-castle.png","design-source","raster","image/png","png","2681145","ac753c0e5a9e0d913ace0bd534f3e9ea156dcc056134842f4f28e5ac79fe108c","1619","971","1.667353","","false","false","1","srgb","","","","","unknown","","","illustrative","legacy_review_required","true","true","1","[{""sourceFile"":""docs/assets/personal-center-generated-images-20260905.manifest.json"",""line"":71,""referenceType"":""literal""}]","null","null","false","","","false","unmanifested-review-required","","","Inventory is not rights approval. Unknown dimensions remain null; no originals are changed."
"source-f9dbe41a301a551a06d9","unregistered.f9dbe41a301a551a06d9","assets/design/personal-center/personal-center-surface-texture.svg","design-source","svg","image/svg+xml","svg","2873","52518d86035b56491368060af555719286769f60eb0dc32f1ccad07225466fff","1920","1080","1.777778","","true","false","","","","","","","unknown","","","unreviewed","legacy_review_required","true","true","4","[{""sourceFile"":""assets/design/personal-center/README.md"",""line"":15,""referenceType"":""markdown""},{""sourceFile"":""docs/project/WBS-5.1-ASSET-SYNC.md"",""line"":22,""referenceType"":""markdown""},{""sourceFile"":""docs/project/WBS-5.1-PERSONAL-CENTER-ASSET-AUDIT.md"",""line"":29,""referenceType"":""markdown""},{""sourceFile"":""docs/tasks/RESULT-WBS-5.1-b-personal-center-assets.md"",""line"":29,""referenceType"":""markdown""}]","null","null","false","","","false","unmanifested-review-required","52518d86035b56491368060af555719286769f60eb0dc32f1ccad07225466fff","","Inventory is not rights approval. Unknown dimensions remain null; no originals are changed."
"source-4e000aa0eb1ee02d432f","unregistered.4e000aa0eb1ee02d432f","assets/design/personal-center/photoreal-v3/asset-manifest.json","design-source","metadata","application/json","json","6770","2ecd20678969192b216fb8d1f53939c5521897bf979d7b4e4db0e6255fe8e7b7","","","","","","false","","","","","","","unknown","","","unreviewed","unknown-review-required","true","false","0","[]","null","null","false","","","false","unmanifested-review-required","","","Inventory is not rights approval. Unknown dimensions remain null; no originals are changed."
"source-8bda709e726b7faf6f26","unregistered.8bda709e726b7faf6f26","assets/design/personal-center/photoreal-v3/previews/alpha-check.jpg","preview-only","raster","image/jpeg","jpg","101286","51e66f457b1657edec2d024a16cb721b99794cce4b4aff75ab0a4a518cfa1aa1","1600","700","2.285714","","false","false","1","srgb","","","","","unknown","","","unreviewed","legacy_review_required","true","true","1","[{""sourceFile"":""docs/project/WBS-5.1-VISUAL-ASSET-MANIFEST-PHOTOREAL-V3.md"",""line"":177,""referenceType"":""markdown""}]","null","null","false","","","false","unmanifested-review-required","","","Inventory is not rights approval. Unknown dimensions remain null; no originals are changed."
"source-7fad197614bc9a8845ce","unregistered.7fad197614bc9a8845ce","assets/design/personal-center/photoreal-v3/previews/asset-contact-sheet.jpg","preview-only","raster","image/jpeg","jpg","371161","b8ca82b7ea77d8709a1edc8aa010bdcec6875f37e32afe26d0db9583f8f98503","1800","1200","1.5","","false","false","1","srgb","","","","","unknown","","","unreviewed","legacy_review_required","true","true","2","[{""sourceFile"":""docs/project/README-PERSONAL-CENTER-PHOTOREAL-V3.md"",""line"":20,""referenceType"":""markdown""},{""sourceFile"":""docs/project/WBS-5.1-VISUAL-ASSET-MANIFEST-PHOTOREAL-V3.md"",""line"":177,""referenceType"":""markdown""}]","null","null","false","","","false","unmanifested-review-required","","","Inventory is not rights approval. Unknown dimensions remain null; no originals are changed."
"source-600dacc0c5800e7f1ecb","unregistered.600dacc0c5800e7f1ecb","assets/design/personal-center/photoreal-v3/sources/neutral-paper-centre-source.png","design-source","raster","image/png","png","161678","82d8933a6b352a48b97ef8789f81a071307984015c4955036c258be3c5816367","540","320","1.6875","","false","false","1","srgb","","","","","unknown","","","illustrative","legacy_review_required","true","false","0","[]","null","null","false","","","false","unmanifested-review-required","","","Inventory is not rights approval. Unknown dimensions remain null; no originals are changed."
"source-372218ee3c688a5f5793","unregistered.372218ee3c688a5f5793","assets/design/personal-center/photoreal-v3/sources/sidebar-torii-photo-master.png","design-source","raster","image/png","png","1436427","dbf9cd73ed288ef73012bf8697b0006838955e351034d613b13b586c0d375f32","960","960","1","","false","false","1","srgb","","","","","unknown","","","illustrative","legacy_review_required","true","false","0","[]","null","null","false","","","false","unmanifested-review-required","","","Inventory is not rights approval. Unknown dimensions remain null; no originals are changed."
"source-0a08a0a42c8c30c75361","unregistered.0a08a0a42c8c30c75361","assets/design/personal-center/photoreal-v3/sources/torii-sakura-lake-ai-source.png","design-source","raster","image/png","png","2915982","11b79ff92a1fb2cd6f510da9cc4dc5d4a2599e1a4599fe43e578a0526689ef3d","1536","1024","1.5","","false","false","1","srgb","","","","","unknown","","","illustrative","legacy_review_required","true","true","1","[{""sourceFile"":""docs/project/WBS-5.1-VISUAL-ASSET-MANIFEST-PHOTOREAL-V3.md"",""line"":26,""referenceType"":""markdown""}]","null","null","false","","","false","unmanifested-review-required","","","Inventory is not rights approval. Unknown dimensions remain null; no originals are changed."
"source-58565aedb0c8cd9ef484","unregistered.58565aedb0c8cd9ef484","assets/design/personal-center/sidebar-torii-watercolor.svg","design-source","svg","image/svg+xml","svg","4439","e5b32b4f232e3fe1086bc1310cdaed46edafce0c90470a865a57c3e25671fca9","1200","800","1.5","","true","false","","","","","","","unknown","","","unreviewed","legacy_review_required","true","true","4","[{""sourceFile"":""assets/design/personal-center/README.md"",""line"":14,""referenceType"":""markdown""},{""sourceFile"":""docs/project/WBS-5.1-ASSET-SYNC.md"",""line"":17,""referenceType"":""markdown""},{""sourceFile"":""docs/project/WBS-5.1-PERSONAL-CENTER-ASSET-AUDIT.md"",""line"":16,""referenceType"":""markdown""},{""sourceFile"":""docs/tasks/RESULT-WBS-5.1-b-personal-center-assets.md"",""line"":24,""referenceType"":""markdown""}]","null","null","false","","","false","unmanifested-review-required","","","Inventory is not rights approval. Unknown dimensions remain null; no originals are changed."
"source-a2a30cdfe83c4a20b9e0","unregistered.a2a30cdfe83c4a20b9e0","assets/design/preference-panel-concept.svg","design-source","svg","image/svg+xml","svg","5186","bb9a2a4b859ca06f704574bd6d705f3853966b6e6ee4d6cdfeb7815bc38874e7","1200","900","1.333333","","true","false","","","","","","","unknown","","","unreviewed","legacy_review_required","false","true","5","[{""sourceFile"":""assets/design/README.md"",""line"":39,""referenceType"":""markdown""},{""sourceFile"":""docs/decisions/project-design-master.md"",""line"":206,""referenceType"":""markdown""},{""sourceFile"":""docs/decisions/project-design-master.md"",""line"":491,""referenceType"":""markdown""},{""sourceFile"":""docs/README.md"",""line"":60,""referenceType"":""markdown""},{""sourceFile"":""docs/ui/design-system.md"",""line"":279,""referenceType"":""markdown""}]","null","null","false","","","false","unmanifested-review-required","","","Inventory is not rights approval. Unknown dimensions remain null; no originals are changed."
"source-b6a87f6e02ac1e72676c","unregistered.b6a87f6e02ac1e72676c","assets/design/trip-planner-concept.svg","design-source","svg","image/svg+xml","svg","7427","4fce2328231acefa33a3ce254a2cf5828fdb74ce9a62599ff4e11ce7d03e89db","1600","900","1.777778","","true","false","","","","","","","unknown","","","unreviewed","legacy_review_required","false","true","5","[{""sourceFile"":""assets/design/README.md"",""line"":23,""referenceType"":""markdown""},{""sourceFile"":""docs/decisions/project-design-master.md"",""line"":168,""referenceType"":""markdown""},{""sourceFile"":""docs/decisions/project-design-master.md"",""line"":490,""referenceType"":""markdown""},{""sourceFile"":""docs/README.md"",""line"":59,""referenceType"":""markdown""},{""sourceFile"":""docs/ui/design-system.md"",""line"":249,""referenceType"":""markdown""}]","null","null","false","","","false","unmanifested-review-required","","","Inventory is not rights approval. Unknown dimensions remain null; no originals are changed."
"source-0d017eebb2b1b0532e52","unregistered.0d017eebb2b1b0532e52","docs/assets/personal-center-generated-images-20260905.manifest.json","documentation-only","metadata","application/json","json","8521","39c9911014853759ae4e545129a66f04cc593cd3ef79c4b6e91e1dc1ae48c5e2","","","","","","false","","","","","","","unknown","","","unreviewed","unknown-review-required","false","false","0","[]","null","null","false","","","false","unmanifested-review-required","","","Inventory is not rights approval. Unknown dimensions remain null; no originals are changed."
"source-fd5275db201852683674","unregistered.fd5275db201852683674","docs/evidence/WBS-5.5-B/preferences/1280x720-categories.png","documentation-only","raster","image/png","png","753895","41ad94671db721e2486c73b8bff0b59396ee4bf1b298bb8c6741c84c536c20c6","1280","720","1.777778","","false","false","1","srgb","","","","","unknown","","","unreviewed","unknown-review-required","false","false","0","[]","null","null","false","","","false","unmanifested-review-required","","","Inventory is not rights approval. Unknown dimensions remain null; no originals are changed."
"source-357e7493e25d118fd9aa","unregistered.357e7493e25d118fd9aa","docs/evidence/WBS-5.5-B/preferences/1280x720-overview.png","documentation-only","raster","image/png","png","601139","20a6ca8672ce9681d9555c3f5627785968db804d6eb27e85f491c7707462488e","1280","720","1.777778","","false","false","1","srgb","","","","","unknown","","","unreviewed","unknown-review-required","false","false","0","[]","null","null","false","","","false","unmanifested-review-required","","","Inventory is not rights approval. Unknown dimensions remain null; no originals are changed."
"source-ecde0cfbe5bcabcb129d","unregistered.ecde0cfbe5bcabcb129d","docs/evidence/WBS-5.5-B/preferences/1440x900-advanced.png","documentation-only","raster","image/png","png","1007315","2109fd29f4807e3b0b48c7b83d2161f1cd29e8f165678f31487296bd87890c37","1440","900","1.6","","false","false","1","srgb","","","","","unknown","","","unreviewed","unknown-review-required","false","false","0","[]","null","null","false","","","false","unmanifested-review-required","","","Inventory is not rights approval. Unknown dimensions remain null; no originals are changed."
"source-447b77205bd9684c3e59","unregistered.447b77205bd9684c3e59","docs/evidence/WBS-5.5-B/preferences/1440x900-categories.png","documentation-only","raster","image/png","png","920588","9a35ea421d488acfb6ba5907084c8eba34db63a2b7bc5cffcfd17ddf3d300edd","1440","900","1.6","","false","false","1","srgb","","","","","unknown","","","unreviewed","unknown-review-required","false","false","0","[]","null","null","false","","","false","unmanifested-review-required","","","Inventory is not rights approval. Unknown dimensions remain null; no originals are changed."
"source-824e81f94ce59c9774f9","unregistered.824e81f94ce59c9774f9","docs/evidence/WBS-5.5-B/preferences/1440x900-overview.png","documentation-only","raster","image/png","png","855602","a89b2d65f8d423327121881671fd39d68e8a92c33edfa43467119d3f4a080f4d","1440","900","1.6","","false","false","1","srgb","","","","","unknown","","","unreviewed","unknown-review-required","false","false","0","[]","null","null","false","","","false","unmanifested-review-required","","","Inventory is not rights approval. Unknown dimensions remain null; no originals are changed."
"source-97576c7f87baa5d8d7f3","unregistered.97576c7f87baa5d8d7f3","docs/evidence/WBS-5.5-B/preferences/1440x900-reset-empty.png","documentation-only","raster","image/png","png","815855","0691b69c1a64cad09e6c4d8b9aed6b8d1fda7f002cb81d2b14caac434d9b6fd8","1440","900","1.6","","false","false","1","srgb","","","","","unknown","","","unreviewed","unknown-review-required","false","false","0","[]","null","null","false","","","false","unmanifested-review-required","","","Inventory is not rights approval. Unknown dimensions remain null; no originals are changed."
"source-6e98b9720c911d3c7733","unregistered.6e98b9720c911d3c7733","docs/evidence/WBS-5.5-B/preferences/1920x1080-categories.png","documentation-only","raster","image/png","png","1357447","8e688ccfbb9cb851c1b664f66b4ff244c9329f7fa7bc72dc1ce71257772e7b27","1920","1080","1.777778","","false","false","1","srgb","","","","","unknown","","","unreviewed","unknown-review-required","false","false","0","[]","null","null","false","","","false","unmanifested-review-required","","","Inventory is not rights approval. Unknown dimensions remain null; no originals are changed."
"source-b61622d0fe493541cf03","unregistered.b61622d0fe493541cf03","docs/evidence/WBS-5.5-B/preferences/1920x1080-overview.png","documentation-only","raster","image/png","png","1360098","8ee1b3ef7f4badd1ab5e4e4e2d18ce05aa5a9ddf9efcc2660b51e4c36cc7fc0f","1920","1080","1.777778","","false","false","1","srgb","","","","","unknown","","","unreviewed","unknown-review-required","false","false","0","[]","null","null","false","","","false","unmanifested-review-required","","","Inventory is not rights approval. Unknown dimensions remain null; no originals are changed."
"source-ed358e7ed6ca243cfd4f","unregistered.ed358e7ed6ca243cfd4f","docs/evidence/WBS-5.5-B/preferences/320x740-categories.png","documentation-only","raster","image/png","png","183491","244dc8eb5240bbff2e910cb8eb217553e77c8db82e290cf6ae13345c7b2695f4","320","740","0.432432","","false","false","1","srgb","","","","","unknown","","","unreviewed","unknown-review-required","false","false","0","[]","null","null","false","","","false","unmanifested-review-required","","","Inventory is not rights approval. Unknown dimensions remain null; no originals are changed."
"source-b6e3a1c3f2c20c06e214","unregistered.b6e3a1c3f2c20c06e214","docs/evidence/WBS-5.5-B/preferences/320x740-overview.png","documentation-only","raster","image/png","png","152325","7f37c4b6c21514b93dab82816f2d8e209bdffca1183b4f85955fd90960b66767","320","740","0.432432","","false","false","1","srgb","","","","","unknown","","","unreviewed","unknown-review-required","false","false","0","[]","null","null","false","","","false","unmanifested-review-required","","","Inventory is not rights approval. Unknown dimensions remain null; no originals are changed."
"source-600e4f779c16dd519855","unregistered.600e4f779c16dd519855","docs/evidence/WBS-5.5-B/preferences/390x844-categories.png","documentation-only","raster","image/png","png","254140","1b15133b7d209f6678e1ceaf6b5cb8cb638146ee585291441cbc697d4ecc3d70","390","844","0.462085","","false","false","1","srgb","","","","","unknown","","","unreviewed","unknown-review-required","false","false","0","[]","null","null","false","","","false","unmanifested-review-required","","","Inventory is not rights approval. Unknown dimensions remain null; no originals are changed."
"source-fc8467eb29c8cddd2499","unregistered.fc8467eb29c8cddd2499","docs/evidence/WBS-5.5-B/preferences/390x844-overview.png","documentation-only","raster","image/png","png","187008","d0292d4af210d157d1f39b0e7abf69494bd9ad30db44ede30b255ad46d7210f3","390","844","0.462085","","false","false","1","srgb","","","","","unknown","","","unreviewed","unknown-review-required","false","false","0","[]","null","null","false","","","false","unmanifested-review-required","","","Inventory is not rights approval. Unknown dimensions remain null; no originals are changed."
"source-60b76b558bce91e47801","unregistered.60b76b558bce91e47801","docs/evidence/WBS-5.6-B/companions/1280x720-overview.png","documentation-only","raster","image/png","png","646515","d625b7a037fdee304ee111999abb8c0ece32ca7d496ab9706ca866ea008aedc9","1280","720","1.777778","","false","false","1","srgb","","","","","unknown","","","unreviewed","unknown-review-required","false","false","0","[]","null","null","false","","","false","unmanifested-review-required","","","Inventory is not rights approval. Unknown dimensions remain null; no originals are changed."
"source-220e3b7929f5d434c81b","unregistered.220e3b7929f5d434c81b","docs/evidence/WBS-5.6-B/companions/1440x900-functional.png","documentation-only","raster","image/png","png","772288","f0d1f2edc2c2d70709dfd4063b23595e581077003564a34700164cb65e5e8027","1440","900","1.6","","false","false","1","srgb","","","","","unknown","","","unreviewed","unknown-review-required","false","false","0","[]","null","null","false","","","false","unmanifested-review-required","","","Inventory is not rights approval. Unknown dimensions remain null; no originals are changed."
"source-f1d1c00cc3069c208a73","unregistered.f1d1c00cc3069c208a73","docs/evidence/WBS-5.6-B/companions/1440x900-overview.png","documentation-only","raster","image/png","png","771528","73a258c2442a7b411e2438aa20bf1fe03709470d938601d79a39e4d5df225044","1440","900","1.6","","false","false","1","srgb","","","","","unknown","","","unreviewed","unknown-review-required","false","false","0","[]","null","null","false","","","false","unmanifested-review-required","","","Inventory is not rights approval. Unknown dimensions remain null; no originals are changed."
"source-05cf32eeef2db4423273","unregistered.05cf32eeef2db4423273","docs/evidence/WBS-5.6-B/companions/1920x1080-overview.png","documentation-only","raster","image/png","png","1164489","0e7c6af845ee82370e771cb6d80cf99d95ad322ff2ea6d6d6b8e05cf5a47ec5f","1920","1080","1.777778","","false","false","1","srgb","","","","","unknown","","","unreviewed","unknown-review-required","false","false","0","[]","null","null","false","","","false","unmanifested-review-required","","","Inventory is not rights approval. Unknown dimensions remain null; no originals are changed."
"source-23f1dd18ab5b286ed8b1","unregistered.23f1dd18ab5b286ed8b1","docs/evidence/WBS-5.6-B/companions/320x740-overview.png","documentation-only","raster","image/png","png","180365","5f1e0a530b647608195273eb39602218639e14ca2610d20288faefe2291f1de5","320","740","0.432432","","false","false","1","srgb","","","","","unknown","","","unreviewed","unknown-review-required","false","false","0","[]","null","null","false","","","false","unmanifested-review-required","","","Inventory is not rights approval. Unknown dimensions remain null; no originals are changed."
"source-3039f4e42d3dfe9343be","unregistered.3039f4e42d3dfe9343be","docs/evidence/WBS-5.6-B/companions/390x844-overview.png","documentation-only","raster","image/png","png","238444","cef1ff128601b38094ab1b8314ba54fc435cd2673bc51b30e68d8e3f95b69e35","390","844","0.462085","","false","false","1","srgb","","","","","unknown","","","unreviewed","unknown-review-required","false","false","0","[]","null","null","false","","","false","unmanifested-review-required","","","Inventory is not rights approval. Unknown dimensions remain null; no originals are changed."
"source-81cbc8a350b3443862d1","unregistered.81cbc8a350b3443862d1","docs/evidence/WBS-5.7-B/mobility/1280x720-bottom.png","documentation-only","raster","image/png","png","557619","7eeecd15e2875a757bda4a5eccda38891a4372b5022dd43386e613a501901492","1280","720","1.777778","","false","false","1","srgb","","","","","unknown","","","unreviewed","unknown-review-required","false","false","0","[]","null","null","false","","","false","unmanifested-review-required","","","Inventory is not rights approval. Unknown dimensions remain null; no originals are changed."
"source-f72c3d3f3d56b00caa12","unregistered.f72c3d3f3d56b00caa12","docs/evidence/WBS-5.7-B/mobility/1280x720-top.png","documentation-only","raster","image/png","png","820390","72e6bac6558ae92d9ffbf6807f65905286622be8a4144817d7535d35c602d192","1280","720","1.777778","","false","false","1","srgb","","","","","unknown","","","unreviewed","unknown-review-required","false","false","0","[]","null","null","false","","","false","unmanifested-review-required","","","Inventory is not rights approval. Unknown dimensions remain null; no originals are changed."
"source-5e99e1683963098b2466","unregistered.5e99e1683963098b2466","docs/evidence/WBS-5.7-B/mobility/1440x900-bottom.png","documentation-only","raster","image/png","png","713063","a9094bf1842684c611b759d439d16b2c571814af4f68e337150d9739979be588","1440","900","1.6","","false","false","1","srgb","","","","","unknown","","","unreviewed","unknown-review-required","false","false","0","[]","null","null","false","","","false","unmanifested-review-required","","","Inventory is not rights approval. Unknown dimensions remain null; no originals are changed."
"source-a8453f49c91844838ebc","unregistered.a8453f49c91844838ebc","docs/evidence/WBS-5.7-B/mobility/1440x900-top.png","documentation-only","raster","image/png","png","947247","197f920c9bec2d32227be195605d7008a8e2c5d05d85e847c74d0acc1d55d565","1440","900","1.6","","false","false","1","srgb","","","","","unknown","","","unreviewed","unknown-review-required","false","false","0","[]","null","null","false","","","false","unmanifested-review-required","","","Inventory is not rights approval. Unknown dimensions remain null; no originals are changed."
"source-3331832dc334f1d57685","unregistered.3331832dc334f1d57685","docs/evidence/WBS-5.7-B/mobility/1920x1080-bottom.png","documentation-only","raster","image/png","png","1331642","4129451f2c86271549d0c7838147fe261bdd3d1e9508cae1d8c4b920cf1c77b7","1920","1080","1.777778","","false","false","1","srgb","","","","","unknown","","","unreviewed","unknown-review-required","false","false","0","[]","null","null","false","","","false","unmanifested-review-required","","","Inventory is not rights approval. Unknown dimensions remain null; no originals are changed."
"source-4b981a9e412e7e7a94e5","unregistered.4b981a9e412e7e7a94e5","docs/evidence/WBS-5.7-B/mobility/1920x1080-top.png","documentation-only","raster","image/png","png","1430456","8c2c3ddac86e15541a0db396ec4fda6d14b43acf4ce2aad085b91e86108339a6","1920","1080","1.777778","","false","false","1","srgb","","","","","unknown","","","unreviewed","unknown-review-required","false","false","0","[]","null","null","false","","","false","unmanifested-review-required","","","Inventory is not rights approval. Unknown dimensions remain null; no originals are changed."
"source-2a20571b883f40f3057a","unregistered.2a20571b883f40f3057a","docs/evidence/WBS-5.7-B/mobility/320x740-bottom.png","documentation-only","raster","image/png","png","118849","9af7f5df3cce9181de2cef01d3648182e1e01d2b17a7d6c03f83bdd3e51501c9","320","740","0.432432","","false","false","1","srgb","","","","","unknown","","","unreviewed","unknown-review-required","false","false","0","[]","null","null","false","","","false","unmanifested-review-required","","","Inventory is not rights approval. Unknown dimensions remain null; no originals are changed."
"source-7a44befd41a62cfddfd9","unregistered.7a44befd41a62cfddfd9","docs/evidence/WBS-5.7-B/mobility/320x740-top.png","documentation-only","raster","image/png","png","208777","4b3dc95cdf138f13090cbbee88c844c4c0a9d4449e72ee3fb5159b22f6f475f7","320","740","0.432432","","false","false","1","srgb","","","","","unknown","","","unreviewed","unknown-review-required","false","false","0","[]","null","null","false","","","false","unmanifested-review-required","","","Inventory is not rights approval. Unknown dimensions remain null; no originals are changed."
"source-18d32e1c3e06bce4943a","unregistered.18d32e1c3e06bce4943a","docs/evidence/WBS-5.7-B/mobility/390x844-bottom.png","documentation-only","raster","image/png","png","154431","db19368ab668ccf6bff5403fc571304ddb1997f5569caaab4e8e7e7bd5607abb","390","844","0.462085","","false","false","1","srgb","","","","","unknown","","","unreviewed","unknown-review-required","false","false","0","[]","null","null","false","","","false","unmanifested-review-required","","","Inventory is not rights approval. Unknown dimensions remain null; no originals are changed."
"source-419c6c1309c08dc6e514","unregistered.419c6c1309c08dc6e514","docs/evidence/WBS-5.7-B/mobility/390x844-top.png","documentation-only","raster","image/png","png","262052","0041f37935c3f38e7dddfb79eb953a64bbbc32adeefd6c54fa7e3c6b109f11a9","390","844","0.462085","","false","false","1","srgb","","","","","unknown","","","unreviewed","unknown-review-required","false","false","0","[]","null","null","false","","","false","unmanifested-review-required","","","Inventory is not rights approval. Unknown dimensions remain null; no originals are changed."
"source-7f27ae25ad1eb2d9d2aa","unregistered.7f27ae25ad1eb2d9d2aa","docs/evidence/WBS-5.8-B/attractions/1280x720-bottom.png","documentation-only","raster","image/png","png","549735","fc9acd6eb3c55b7c749f9a6def166b7d156a13931b94b02d4f0545ee2f741583","1280","720","1.777778","","false","false","1","srgb","","","","","unknown","","","unreviewed","unknown-review-required","false","false","0","[]","null","null","false","","","false","unmanifested-review-required","","","Inventory is not rights approval. Unknown dimensions remain null; no originals are changed."
"source-dac02cefd59047dba060","unregistered.dac02cefd59047dba060","docs/evidence/WBS-5.8-B/attractions/1280x720-top.png","documentation-only","raster","image/png","png","778362","a146f9cc2b0ac12131b64aaebc239883a70218655d1f3fd41b17676f7dc80af5","1280","720","1.777778","","false","false","1","srgb","","","","","unknown","","","unreviewed","unknown-review-required","false","false","0","[]","null","null","false","","","false","unmanifested-review-required","","","Inventory is not rights approval. Unknown dimensions remain null; no originals are changed."
"source-6e95168897bcffe12194","unregistered.6e95168897bcffe12194","docs/evidence/WBS-5.8-B/attractions/1440x900-bottom.png","documentation-only","raster","image/png","png","681943","cb862b56e3b231973fd321d11eff7b73bab8c68e4c4bfbad18afc181324fbd19","1440","900","1.6","","false","false","1","srgb","","","","","unknown","","","unreviewed","unknown-review-required","false","false","0","[]","null","null","false","","","false","unmanifested-review-required","","","Inventory is not rights approval. Unknown dimensions remain null; no originals are changed."
"source-7054088f0040383507ef","unregistered.7054088f0040383507ef","docs/evidence/WBS-5.8-B/attractions/1440x900-top.png","documentation-only","raster","image/png","png","935604","bea9aa91a61680873a5753734c4410539e9a347e06a0abeee761dcc5f3bb566d","1440","900","1.6","","false","false","1","srgb","","","","","unknown","","","unreviewed","unknown-review-required","false","false","0","[]","null","null","false","","","false","unmanifested-review-required","","","Inventory is not rights approval. Unknown dimensions remain null; no originals are changed."
"source-c8905db159fe7739b89d","unregistered.c8905db159fe7739b89d","docs/evidence/WBS-5.8-B/attractions/1920x1080-bottom.png","documentation-only","raster","image/png","png","1112838","ced0aa27c3fc081a1b676892ecb1fbebdaa9cc5b20f2533d9c90205255dd5f8b","1920","1080","1.777778","","false","false","1","srgb","","","","","unknown","","","unreviewed","unknown-review-required","false","false","0","[]","null","null","false","","","false","unmanifested-review-required","","","Inventory is not rights approval. Unknown dimensions remain null; no originals are changed."
"source-7930175ede4ce5f03e9f","unregistered.7930175ede4ce5f03e9f","docs/evidence/WBS-5.8-B/attractions/1920x1080-top.png","documentation-only","raster","image/png","png","1435627","87e225204ac9a5636d1a710c6653c8b2a9036b34d3e970692a2000d07485946b","1920","1080","1.777778","","false","false","1","srgb","","","","","unknown","","","unreviewed","unknown-review-required","false","false","0","[]","null","null","false","","","false","unmanifested-review-required","","","Inventory is not rights approval. Unknown dimensions remain null; no originals are changed."
"source-ee443fae8aa0a6c6381c","unregistered.ee443fae8aa0a6c6381c","docs/evidence/WBS-5.8-B/attractions/320x740-bottom.png","documentation-only","raster","image/png","png","125652","a1b20eb0feb938a436bdc4c46feedcf679c1649454ac4e5d40d987c473aed358","320","740","0.432432","","false","false","1","srgb","","","","","unknown","","","unreviewed","unknown-review-required","false","false","0","[]","null","null","false","","","false","unmanifested-review-required","","","Inventory is not rights approval. Unknown dimensions remain null; no originals are changed."
"source-f053b0d1204616eeede7","unregistered.f053b0d1204616eeede7","docs/evidence/WBS-5.8-B/attractions/320x740-top.png","documentation-only","raster","image/png","png","225613","491772e6f50776447b01e2669df5a953364c7ba87e6065641ac344920ad3b10b","320","740","0.432432","","false","false","1","srgb","","","","","unknown","","","unreviewed","unknown-review-required","false","false","0","[]","null","null","false","","","false","unmanifested-review-required","","","Inventory is not rights approval. Unknown dimensions remain null; no originals are changed."
"source-a0d1fd2b5917eee7590a","unregistered.a0d1fd2b5917eee7590a","docs/evidence/WBS-5.8-B/attractions/390x844-bottom.png","documentation-only","raster","image/png","png","166362","df1e0f9aea6c785790c2412ca9c757a9c21b4bb677e7a15efdfe5e43c24b2bd8","390","844","0.462085","","false","false","1","srgb","","","","","unknown","","","unreviewed","unknown-review-required","false","false","0","[]","null","null","false","","","false","unmanifested-review-required","","","Inventory is not rights approval. Unknown dimensions remain null; no originals are changed."
"source-86b68e276387645dea8c","unregistered.86b68e276387645dea8c","docs/evidence/WBS-5.8-B/attractions/390x844-top.png","documentation-only","raster","image/png","png","277076","bc7b98081e92fe9403d065f8c5dac8c6fd8c59aea4b9fa57370bd1e4707ff45d","390","844","0.462085","","false","false","1","srgb","","","","","unknown","","","unreviewed","unknown-review-required","false","false","0","[]","null","null","false","","","false","unmanifested-review-required","","","Inventory is not rights approval. Unknown dimensions remain null; no originals are changed."
"source-c4d611821a78a3e237c7","unregistered.c4d611821a78a3e237c7","docs/evidence/wbs-5.4-b-v2/personal-center/1280x720-account-view.png","documentation-only","raster","image/png","png","554562","8630e1d08f770b59e122ed6735e3b9508a74dc9b1363388edcb64d3e914d366b","1280","720","1.777778","","false","false","1","srgb","","","","","unknown","","","unreviewed","unknown-review-required","false","false","0","[]","null","null","false","","","false","unmanifested-review-required","","","Inventory is not rights approval. Unknown dimensions remain null; no originals are changed."
"source-2b44b0d3901ebee2dbb5","unregistered.2b44b0d3901ebee2dbb5","docs/evidence/wbs-5.4-b-v2/personal-center/1280x720-home.png","documentation-only","raster","image/png","png","1159293","260bf22df80327691e9bd6035a5414b9d0e914bcf435e84ee44b015ad50b8984","1280","720","1.777778","","false","false","1","srgb","","","","","unknown","","","unreviewed","unknown-review-required","false","false","0","[]","null","null","false","","","false","unmanifested-review-required","","","Inventory is not rights approval. Unknown dimensions remain null; no originals are changed."
"source-48daa8b0004590255a88","unregistered.48daa8b0004590255a88","docs/evidence/wbs-5.4-b-v2/personal-center/1440x900-account-edit-avatar.png","documentation-only","raster","image/png","png","852801","cd83208c7133285d3dd8719f22a55b9e1a354b0de49b9a997fa2bb12d6870a5d","1440","900","1.6","","false","false","1","srgb","","","","","unknown","","","unreviewed","unknown-review-required","false","false","0","[]","null","null","false","","","false","unmanifested-review-required","","","Inventory is not rights approval. Unknown dimensions remain null; no originals are changed."
"source-87b0ed3b4a919c20f8fd","unregistered.87b0ed3b4a919c20f8fd","docs/evidence/wbs-5.4-b-v2/personal-center/1440x900-account-view.png","documentation-only","raster","image/png","png","838821","8ea65f05d1c64266ed5991b625f8dc6e623f38e04a822daada2b63555de3f77a","1440","900","1.6","","false","false","1","srgb","","","","","unknown","","","unreviewed","unknown-review-required","false","false","0","[]","null","null","false","","","false","unmanifested-review-required","","","Inventory is not rights approval. Unknown dimensions remain null; no originals are changed."
"source-ef38ec84f4152e7b6485","unregistered.ef38ec84f4152e7b6485","docs/evidence/wbs-5.4-b-v2/personal-center/1440x900-emergency-contact.png","documentation-only","raster","image/png","png","801417","7e32a44c638cf8e00c4ec8af42999798cec9f5ecb580b20dba016f2bf0a078ef","1440","900","1.6","","false","false","1","srgb","","","","","unknown","","","unreviewed","unknown-review-required","false","false","0","[]","null","null","false","","","false","unmanifested-review-required","","","Inventory is not rights approval. Unknown dimensions remain null; no originals are changed."
"source-4b1377871005ae4ba8e4","unregistered.4b1377871005ae4ba8e4","docs/evidence/wbs-5.4-b-v2/personal-center/1440x900-home.png","documentation-only","raster","image/png","png","1550857","7cfe87e2cea5d2d3e38473b74a4a50fcba266b62b8c11272cfecfa3337899975","1440","900","1.6","","false","false","1","srgb","","","","","unknown","","","unreviewed","unknown-review-required","false","false","0","[]","null","null","false","","","false","unmanifested-review-required","","","Inventory is not rights approval. Unknown dimensions remain null; no originals are changed."
"source-d6e361c9fe0beb5330ec","unregistered.d6e361c9fe0beb5330ec","docs/evidence/wbs-5.4-b-v2/personal-center/1440x900-unsaved-sidebar.png","documentation-only","raster","image/png","png","376707","33c08a3830edbba10f2e564706a562027af9cd810b09ed3eef22d092e5e7839d","1440","900","1.6","","false","false","1","srgb","","","","","unknown","","","unreviewed","unknown-review-required","false","false","0","[]","null","null","false","","","false","unmanifested-review-required","","","Inventory is not rights approval. Unknown dimensions remain null; no originals are changed."
"source-f1a76f41006f2f499bab","unregistered.f1a76f41006f2f499bab","docs/evidence/wbs-5.4-b-v2/personal-center/1920x1080-account-view.png","documentation-only","raster","image/png","png","1415174","965fa8aef971f7492a6bee4612535b973837fdfbeedd4df3c6a880f5c217da26","1920","1080","1.777778","","false","false","1","srgb","","","","","unknown","","","unreviewed","unknown-review-required","false","false","0","[]","null","null","false","","","false","unmanifested-review-required","","","Inventory is not rights approval. Unknown dimensions remain null; no originals are changed."
"source-8eca4d41332b3aeda957","unregistered.8eca4d41332b3aeda957","docs/evidence/wbs-5.4-b-v2/personal-center/1920x1080-home.png","documentation-only","raster","image/png","png","2406371","b26ef1e52608ff77773a2cf7f377280b6528a9d0dee7e3795376ced913c54e05","1920","1080","1.777778","","false","false","1","srgb","","","","","unknown","","","unreviewed","unknown-review-required","false","false","0","[]","null","null","false","","","false","unmanifested-review-required","","","Inventory is not rights approval. Unknown dimensions remain null; no originals are changed."
"source-6f8553f5c2b79b7f08a8","unregistered.6f8553f5c2b79b7f08a8","docs/evidence/wbs-5.4-b-v2/personal-center/320x740-account-view.png","documentation-only","raster","image/png","png","207007","60578c5f06d377295a410c197d3504e42321704726f8ba4164ac554cb39441aa","320","740","0.432432","","false","false","1","srgb","","","","","unknown","","","unreviewed","unknown-review-required","false","false","0","[]","null","null","false","","","false","unmanifested-review-required","","","Inventory is not rights approval. Unknown dimensions remain null; no originals are changed."
"source-0847ed2d5f701b8e3dfa","unregistered.0847ed2d5f701b8e3dfa","docs/evidence/wbs-5.4-b-v2/personal-center/320x740-home.png","documentation-only","raster","image/png","png","301721","99d1262857304e52b137d7ba836a6ffbe24b454916c1ed63740eacad745706a0","320","740","0.432432","","false","false","1","srgb","","","","","unknown","","","unreviewed","unknown-review-required","false","false","0","[]","null","null","false","","","false","unmanifested-review-required","","","Inventory is not rights approval. Unknown dimensions remain null; no originals are changed."
"source-1a14a90280eeb0742c39","unregistered.1a14a90280eeb0742c39","docs/evidence/wbs-5.4-b-v2/personal-center/390x844-account-view.png","documentation-only","raster","image/png","png","243712","b32fade210fe80161fa02544b433ba8caf69bba7e7159ca52b6e66801780ebe5","390","844","0.462085","","false","false","1","srgb","","","","","unknown","","","unreviewed","unknown-review-required","false","false","0","[]","null","null","false","","","false","unmanifested-review-required","","","Inventory is not rights approval. Unknown dimensions remain null; no originals are changed."
"source-0aeaea71ae032b8ab82f","unregistered.0aeaea71ae032b8ab82f","docs/evidence/wbs-5.4-b-v2/personal-center/390x844-avatar-popover.png","documentation-only","raster","image/png","png","291775","cead9fcbaa4aa731723a3d92bbb667e0f0527d8a328abae3c8f81a27d0c12448","390","844","0.462085","","false","false","1","srgb","","","","","unknown","","","unreviewed","unknown-review-required","false","false","0","[]","null","null","false","","","false","unmanifested-review-required","","","Inventory is not rights approval. Unknown dimensions remain null; no originals are changed."
"source-57ca37af785d8b02ceee","unregistered.57ca37af785d8b02ceee","docs/evidence/wbs-5.4-b-v2/personal-center/390x844-home.png","documentation-only","raster","image/png","png","433656","42a744e18110bd1636eb1985f5b2f10f96d24779e572c8108cefe24e0ca5b08c","390","844","0.462085","","false","false","1","srgb","","","","","unknown","","","unreviewed","unknown-review-required","false","false","0","[]","null","null","false","","","false","unmanifested-review-required","","","Inventory is not rights approval. Unknown dimensions remain null; no originals are changed."
"source-4e8e16a6027260014481","unregistered.4e8e16a6027260014481","docs/qa/TASK-008.2/after-1180x800-drawer.png","documentation-only","raster","image/png","png","405664","bd9f2d5993d3cee742970a8b87ebcf0781ea904e27c86015b6041a93add175b1","1180","800","1.475","","true","false","1","srgb","","","","","unknown","","","unreviewed","unknown-review-required","false","true","1","[{""sourceFile"":""docs/qa/TASK-008.2/README.md"",""line"":25,""referenceType"":""markdown""}]","null","null","false","","","false","unmanifested-review-required","","","Inventory is not rights approval. Unknown dimensions remain null; no originals are changed."
"source-ce6d29b049ac11255b2f","unregistered.ce6d29b049ac11255b2f","docs/qa/TASK-008.2/after-1180x800.png","documentation-only","raster","image/png","png","453059","b9b01ccbdf1e1879eba7d5a0283a395a332bd792c88d4646534a55aab1762d2e","1180","800","1.475","","true","false","1","srgb","","","","","unknown","","","unreviewed","unknown-review-required","false","true","2","[{""sourceFile"":""docs/qa/TASK-008.2/README.md"",""line"":20,""referenceType"":""markdown""},{""sourceFile"":""docs/tasks/RESULT-TASK-008.2-a-planner-visual-fidelity-polish.md"",""line"":47,""referenceType"":""markdown""}]","null","null","false","","","false","unmanifested-review-required","","","Inventory is not rights approval. Unknown dimensions remain null; no originals are changed."
"source-50ab5321af269864c5c1","unregistered.50ab5321af269864c5c1","docs/qa/TASK-008.2/after-1280x800.png","documentation-only","raster","image/png","png","444499","9c3d82ba72552fe89c9cc470cbbfd1c9c2acc0b53f8560a673731ceea37bc21a","1280","800","1.6","","true","false","1","srgb","","","","","unknown","","","unreviewed","unknown-review-required","false","true","2","[{""sourceFile"":""docs/qa/TASK-008.2/README.md"",""line"":19,""referenceType"":""markdown""},{""sourceFile"":""docs/tasks/RESULT-TASK-008.2-a-planner-visual-fidelity-polish.md"",""line"":46,""referenceType"":""markdown""}]","null","null","false","","","false","unmanifested-review-required","","","Inventory is not rights approval. Unknown dimensions remain null; no originals are changed."
"source-4fc5802256bf3cc2a14f","unregistered.4fc5802256bf3cc2a14f","docs/qa/TASK-008.2/after-1440x900.png","documentation-only","raster","image/png","png","545432","0877bb1d95dc36c39ed1e94e8690ec18b6402a67d8bbf523f6ed49b48f87e359","1440","900","1.6","","true","false","1","srgb","","","","","unknown","","","unreviewed","unknown-review-required","false","true","2","[{""sourceFile"":""docs/qa/TASK-008.2/README.md"",""line"":18,""referenceType"":""markdown""},{""sourceFile"":""docs/tasks/RESULT-TASK-008.2-a-planner-visual-fidelity-polish.md"",""line"":45,""referenceType"":""markdown""}]","null","null","false","","","false","unmanifested-review-required","","","Inventory is not rights approval. Unknown dimensions remain null; no originals are changed."
"source-90c348b8e0d47018cad5","unregistered.90c348b8e0d47018cad5","docs/qa/TASK-008.2/after-1600x900.png","documentation-only","raster","image/png","png","598068","283220176ca1ec209d794dd83a7a9755569ecfcdd57bab27b0399db3e1aa1dff","1600","900","1.777778","","true","false","1","srgb","","","","","unknown","","","unreviewed","unknown-review-required","false","true","2","[{""sourceFile"":""docs/qa/TASK-008.2/README.md"",""line"":17,""referenceType"":""markdown""},{""sourceFile"":""docs/tasks/RESULT-TASK-008.2-a-planner-visual-fidelity-polish.md"",""line"":44,""referenceType"":""markdown""}]","null","null","false","","","false","unmanifested-review-required","","","Inventory is not rights approval. Unknown dimensions remain null; no originals are changed."
"source-c15223d4a560171c48ac","unregistered.c15223d4a560171c48ac","docs/qa/TASK-008.2/after-390x844-drawer.png","documentation-only","raster","image/png","png","65313","e7b26988dbed756cf0ae96cfc3365f87e7e75d579b8c62113609c0d642ddf6dc","390","844","0.462085","","true","false","1","srgb","","","","","unknown","","","unreviewed","unknown-review-required","false","true","1","[{""sourceFile"":""docs/qa/TASK-008.2/README.md"",""line"":26,""referenceType"":""markdown""}]","null","null","false","","","false","unmanifested-review-required","","","Inventory is not rights approval. Unknown dimensions remain null; no originals are changed."
"source-2ff2fbb9ccb853c129ef","unregistered.2ff2fbb9ccb853c129ef","docs/qa/TASK-008.2/after-390x844-sheet.png","documentation-only","raster","image/png","png","108153","ece25a85038f8be858ae44c27a46894aecc74300b7094e032a262e4a2e06d606","390","844","0.462085","","true","false","1","srgb","","","","","unknown","","","unreviewed","unknown-review-required","false","true","1","[{""sourceFile"":""docs/qa/TASK-008.2/README.md"",""line"":27,""referenceType"":""markdown""}]","null","null","false","","","false","unmanifested-review-required","","","Inventory is not rights approval. Unknown dimensions remain null; no originals are changed."
"source-a055baf48a1c40514855","unregistered.a055baf48a1c40514855","docs/qa/TASK-008.2/after-390x844.png","documentation-only","raster","image/png","png","228298","c46cf2ab8c071e403d3e849e38520cc816f577e3e6c54693c028a691b7ee0cc7","390","844","0.462085","","true","false","1","srgb","","","","","unknown","","","unreviewed","unknown-review-required","false","true","2","[{""sourceFile"":""docs/qa/TASK-008.2/README.md"",""line"":21,""referenceType"":""markdown""},{""sourceFile"":""docs/tasks/RESULT-TASK-008.2-a-planner-visual-fidelity-polish.md"",""line"":48,""referenceType"":""markdown""}]","null","null","false","","","false","unmanifested-review-required","","","Inventory is not rights approval. Unknown dimensions remain null; no originals are changed."
"source-5046bdda1dc777a48399","unregistered.5046bdda1dc777a48399","docs/qa/TASK-008.2/after-more-settings.png","documentation-only","raster","image/png","png","607421","5e836a8f76154d1ea7f2f62d33af56061cc184a9e795e8cc867c93a2e9048aab","1600","900","1.777778","","true","false","1","srgb","","","","","unknown","","","unreviewed","unknown-review-required","false","true","1","[{""sourceFile"":""docs/qa/TASK-008.2/README.md"",""line"":28,""referenceType"":""markdown""}]","null","null","false","","","false","unmanifested-review-required","","","Inventory is not rights approval. Unknown dimensions remain null; no originals are changed."
"source-a5c4474a8bbef6b42f29","unregistered.a5c4474a8bbef6b42f29","docs/qa/TASK-008.2/after-three-days.png","documentation-only","raster","image/png","png","588971","656b0ef717026ad6b1cb8af6e11db09ee3b300a3aed9725b193f70b136e01aaf","1600","900","1.777778","","true","false","1","srgb","","","","","unknown","","","unreviewed","unknown-review-required","false","true","1","[{""sourceFile"":""docs/qa/TASK-008.2/README.md"",""line"":29,""referenceType"":""markdown""}]","null","null","false","","","false","unmanifested-review-required","","","Inventory is not rights approval. Unknown dimensions remain null; no originals are changed."
"source-349b47cc0cbd90661c9b","unregistered.349b47cc0cbd90661c9b","docs/qa/TASK-008.2/before-1180x800-drawer.png","documentation-only","raster","image/png","png","340624","6f5940de36f7020dd3de71f07520ad3bf25d66484cffffa84285d664970ba85a","1180","800","1.475","","true","false","1","srgb","","","","","unknown","","","unreviewed","unknown-review-required","false","false","0","[]","null","null","false","","","false","unmanifested-review-required","","","Inventory is not rights approval. Unknown dimensions remain null; no originals are changed."
"source-0275927a1d0c51acc702","unregistered.0275927a1d0c51acc702","docs/qa/TASK-008.2/before-1180x800.png","documentation-only","raster","image/png","png","368168","045e75aada165c53e73390e5c274eb49354d352e73b5a944133404e72a7d6afd","1180","800","1.475","","true","false","1","srgb","","","","","unknown","","","unreviewed","unknown-review-required","false","true","2","[{""sourceFile"":""docs/qa/TASK-008.2/README.md"",""line"":20,""referenceType"":""markdown""},{""sourceFile"":""docs/tasks/RESULT-TASK-008.2-a-planner-visual-fidelity-polish.md"",""line"":47,""referenceType"":""markdown""}]","null","null","false","","","false","unmanifested-review-required","","","Inventory is not rights approval. Unknown dimensions remain null; no originals are changed."
"source-745f66757ff9dcfe79bf","unregistered.745f66757ff9dcfe79bf","docs/qa/TASK-008.2/before-1280x800.png","documentation-only","raster","image/png","png","369289","ff480d48049f45b1815719afbc3371950663a7165f3b43ae02a98720a5a4b10a","1280","800","1.6","","true","false","1","srgb","","","","","unknown","","","unreviewed","unknown-review-required","false","true","2","[{""sourceFile"":""docs/qa/TASK-008.2/README.md"",""line"":19,""referenceType"":""markdown""},{""sourceFile"":""docs/tasks/RESULT-TASK-008.2-a-planner-visual-fidelity-polish.md"",""line"":46,""referenceType"":""markdown""}]","null","null","false","","","false","unmanifested-review-required","","","Inventory is not rights approval. Unknown dimensions remain null; no originals are changed."
"source-c6d93b870aedda8543bf","unregistered.c6d93b870aedda8543bf","docs/qa/TASK-008.2/before-1440x900.png","documentation-only","raster","image/png","png","445092","9dc6f50eaf9f8071b250b1a56702c6a872c2bba6f41a9767085a3cc183ecafb7","1440","900","1.6","","true","false","1","srgb","","","","","unknown","","","unreviewed","unknown-review-required","false","true","2","[{""sourceFile"":""docs/qa/TASK-008.2/README.md"",""line"":18,""referenceType"":""markdown""},{""sourceFile"":""docs/tasks/RESULT-TASK-008.2-a-planner-visual-fidelity-polish.md"",""line"":45,""referenceType"":""markdown""}]","null","null","false","","","false","unmanifested-review-required","","","Inventory is not rights approval. Unknown dimensions remain null; no originals are changed."
"source-bfec6721a12b03bb2412","unregistered.bfec6721a12b03bb2412","docs/qa/TASK-008.2/before-1600x900.png","documentation-only","raster","image/png","png","487704","cd2e00161d0c29d8bb37d83ccd283c71eef21ed85479615879bce5adcedfb247","1600","900","1.777778","","true","false","1","srgb","","","","","unknown","","","unreviewed","unknown-review-required","false","true","2","[{""sourceFile"":""docs/qa/TASK-008.2/README.md"",""line"":17,""referenceType"":""markdown""},{""sourceFile"":""docs/tasks/RESULT-TASK-008.2-a-planner-visual-fidelity-polish.md"",""line"":44,""referenceType"":""markdown""}]","null","null","false","","","false","unmanifested-review-required","","","Inventory is not rights approval. Unknown dimensions remain null; no originals are changed."
"source-9f013fba490e27303fda","unregistered.9f013fba490e27303fda","docs/qa/TASK-008.2/before-390x844-drawer.png","documentation-only","raster","image/png","png","62087","8872f37ac14c679c91d72d8f1fa8c0b3fb5368dbdd9ec6d496005dfea1b5081c","390","844","0.462085","","true","false","1","srgb","","","","","unknown","","","unreviewed","unknown-review-required","false","false","0","[]","null","null","false","","","false","unmanifested-review-required","","","Inventory is not rights approval. Unknown dimensions remain null; no originals are changed."
"source-95e85496714769b9ef0a","unregistered.95e85496714769b9ef0a","docs/qa/TASK-008.2/before-390x844-sheet.png","documentation-only","raster","image/png","png","98909","9529206c18fb71b6636da2e59fb7d4a4ca1a8125d1ae6587a43e3dd736eb0c0a","390","844","0.462085","","true","false","1","srgb","","","","","unknown","","","unreviewed","unknown-review-required","false","false","0","[]","null","null","false","","","false","unmanifested-review-required","","","Inventory is not rights approval. Unknown dimensions remain null; no originals are changed."
"source-b4379bf179ef65ca2cc0","unregistered.b4379bf179ef65ca2cc0","docs/qa/TASK-008.2/before-390x844.png","documentation-only","raster","image/png","png","187305","eeb60f220a22f387ceb04fc6055b51bff2ce4f8620420c4a53daf8411dfb475f","390","844","0.462085","","true","false","1","srgb","","","","","unknown","","","unreviewed","unknown-review-required","false","true","2","[{""sourceFile"":""docs/qa/TASK-008.2/README.md"",""line"":21,""referenceType"":""markdown""},{""sourceFile"":""docs/tasks/RESULT-TASK-008.2-a-planner-visual-fidelity-polish.md"",""line"":48,""referenceType"":""markdown""}]","null","null","false","","","false","unmanifested-review-required","","","Inventory is not rights approval. Unknown dimensions remain null; no originals are changed."
"source-a82d82f982f38f004586","unregistered.a82d82f982f38f004586","docs/qa/TASK-008.2/before-more-settings.png","documentation-only","raster","image/png","png","496932","517d4f3e81482b284c40570ef11d5d434d1a85af5fe877ab43c8a9d7bab7adc6","1600","900","1.777778","","true","false","1","srgb","","","","","unknown","","","unreviewed","unknown-review-required","false","false","0","[]","null","null","false","","","false","unmanifested-review-required","","","Inventory is not rights approval. Unknown dimensions remain null; no originals are changed."
"source-eec9671badbe0f6bf0e7","unregistered.eec9671badbe0f6bf0e7","docs/qa/TASK-008.2/before-three-days.png","documentation-only","raster","image/png","png","491302","bb34c985c1a473d56494ad80acdd4fe8f28eee69d285b162f1b2279c0530f5e0","1600","900","1.777778","","true","false","1","srgb","","","","","unknown","","","unreviewed","unknown-review-required","false","false","0","[]","null","null","false","","","false","unmanifested-review-required","","","Inventory is not rights approval. Unknown dimensions remain null; no originals are changed."
"source-22658a2ddaa9d6a3d3cb","unregistered.22658a2ddaa9d6a3d3cb","docs/qa/TASK-008.2/fallback-1180x800-drawer.png","documentation-only","raster","image/png","png","181559","bc14651d3cf6b32724cb8ac60670747af75834d69eab8ac50695610929bc46a6","1180","800","1.475","","true","false","1","srgb","","","","","unknown","","","unreviewed","unknown-review-required","false","false","0","[]","null","null","false","","","false","unmanifested-review-required","","","Inventory is not rights approval. Unknown dimensions remain null; no originals are changed."
"source-05bcf3a11fd8e8a97721","unregistered.05bcf3a11fd8e8a97721","docs/qa/TASK-008.2/fallback-1180x800.png","documentation-only","raster","image/png","png","153515","11df0bf518469fc4304889765dfab2799aca569a179ba17d9f2fdfcad8ff976d","1180","800","1.475","","true","false","1","srgb","","","","","unknown","","","unreviewed","unknown-review-required","false","true","1","[{""sourceFile"":""docs/qa/TASK-008.2/README.md"",""line"":20,""referenceType"":""markdown""}]","null","null","false","","","false","unmanifested-review-required","","","Inventory is not rights approval. Unknown dimensions remain null; no originals are changed."
"source-4028f7b3d81f4cff56c1","unregistered.4028f7b3d81f4cff56c1","docs/qa/TASK-008.2/fallback-1280x800.png","documentation-only","raster","image/png","png","207933","536d1495add03ece84acdff4a567c84fc4f7f20ff4c863740c685d2cedb89f89","1280","800","1.6","","true","false","1","srgb","","","","","unknown","","","unreviewed","unknown-review-required","false","true","1","[{""sourceFile"":""docs/qa/TASK-008.2/README.md"",""line"":19,""referenceType"":""markdown""}]","null","null","false","","","false","unmanifested-review-required","","","Inventory is not rights approval. Unknown dimensions remain null; no originals are changed."
"source-c747e0fde4870dee56c4","unregistered.c747e0fde4870dee56c4","docs/qa/TASK-008.2/fallback-1440x900.png","documentation-only","raster","image/png","png","223492","50c715db030fc97d613d2ac9e5adcf0e98cbd46cdc1a387fd8bc9d494bd9f2ea","1440","900","1.6","","true","false","1","srgb","","","","","unknown","","","unreviewed","unknown-review-required","false","true","1","[{""sourceFile"":""docs/qa/TASK-008.2/README.md"",""line"":18,""referenceType"":""markdown""}]","null","null","false","","","false","unmanifested-review-required","","","Inventory is not rights approval. Unknown dimensions remain null; no originals are changed."
"source-feb20933a7fd23528d26","unregistered.feb20933a7fd23528d26","docs/qa/TASK-008.2/fallback-1600x900.png","documentation-only","raster","image/png","png","229577","6d632064aa6d8d4fb0a4770c4057338ac6ff5136d56bf03f35642d0b99fdd436","1600","900","1.777778","","true","false","1","srgb","","","","","unknown","","","unreviewed","unknown-review-required","false","true","1","[{""sourceFile"":""docs/qa/TASK-008.2/README.md"",""line"":17,""referenceType"":""markdown""}]","null","null","false","","","false","unmanifested-review-required","","","Inventory is not rights approval. Unknown dimensions remain null; no originals are changed."
"source-a2eaa653f3f3f0c2fb7b","unregistered.a2eaa653f3f3f0c2fb7b","docs/qa/TASK-008.2/fallback-390x844-drawer.png","documentation-only","raster","image/png","png","65285","0f5cee2b88c1c250f08f3827af2c1829a18ec4ff18a13f884a82d3713bd4ee74","390","844","0.462085","","true","false","1","srgb","","","","","unknown","","","unreviewed","unknown-review-required","false","false","0","[]","null","null","false","","","false","unmanifested-review-required","","","Inventory is not rights approval. Unknown dimensions remain null; no originals are changed."
"source-41db12aae35428520d7a","unregistered.41db12aae35428520d7a","docs/qa/TASK-008.2/fallback-390x844-sheet.png","documentation-only","raster","image/png","png","62876","c94cd153ae97f62aeaa894166361305b94ca2dfe304b9ee90402d59da580896e","390","844","0.462085","","true","false","1","srgb","","","","","unknown","","","unreviewed","unknown-review-required","false","false","0","[]","null","null","false","","","false","unmanifested-review-required","","","Inventory is not rights approval. Unknown dimensions remain null; no originals are changed."
"source-9a085ce4d11b33bd6e0e","unregistered.9a085ce4d11b33bd6e0e","docs/qa/TASK-008.2/fallback-390x844.png","documentation-only","raster","image/png","png","107787","e56e425727bebf4785fe8e9bfc7f7230d25be780b10a11984ee8dbd71b875bf7","390","844","0.462085","","true","false","1","srgb","","","","","unknown","","","unreviewed","unknown-review-required","false","true","1","[{""sourceFile"":""docs/qa/TASK-008.2/README.md"",""line"":21,""referenceType"":""markdown""}]","null","null","false","","","false","unmanifested-review-required","","","Inventory is not rights approval. Unknown dimensions remain null; no originals are changed."
"source-275ab1745d4f00c02131","unregistered.275ab1745d4f00c02131","docs/qa/TASK-008.2/fallback-more-settings.png","documentation-only","raster","image/png","png","247587","c5aea1aba642dcba69fafdfaa8dda68c5be1142344f27da78b84135af2de5c29","1600","900","1.777778","","true","false","1","srgb","","","","","unknown","","","unreviewed","unknown-review-required","false","false","0","[]","null","null","false","","","false","unmanifested-review-required","","","Inventory is not rights approval. Unknown dimensions remain null; no originals are changed."
"source-33d99a623df0f44b24cc","unregistered.33d99a623df0f44b24cc","docs/qa/TASK-008.2/fallback-three-days.png","documentation-only","raster","image/png","png","251400","29c927b4b59054b31239efa6cd72e24aaa3b3381c19d1e4153ac9cda923ca6d7","1600","900","1.777778","","true","false","1","srgb","","","","","unknown","","","unreviewed","unknown-review-required","false","false","0","[]","null","null","false","","","false","unmanifested-review-required","","","Inventory is not rights approval. Unknown dimensions remain null; no originals are changed."
"source-93a875eda6e5e11f22b8","unregistered.93a875eda6e5e11f22b8","docs/qa/TASK-008.3/fallback-1180x800-comparison.png","documentation-only","raster","image/png","png","183322","7428f58e0fc024d92f56cf214d0812aa5a10935bd8100db3bd0ba5883c214e98","1180","800","1.475","","true","false","1","srgb","","","","","unknown","","","unreviewed","unknown-review-required","false","false","0","[]","null","null","false","","","false","unmanifested-review-required","","","Inventory is not rights approval. Unknown dimensions remain null; no originals are changed."
"source-fe203aa2483fb61fd67a","unregistered.fe203aa2483fb61fd67a","docs/qa/TASK-008.3/fallback-1180x800-drawer.png","documentation-only","raster","image/png","png","180314","bbcb8cd81d42e98eaea20e380f8f47e792557c87bb49888ae0195a7d8d2066e8","1180","800","1.475","","true","false","1","srgb","","","","","unknown","","","unreviewed","unknown-review-required","false","false","0","[]","null","null","false","","","false","unmanifested-review-required","","","Inventory is not rights approval. Unknown dimensions remain null; no originals are changed."
"source-9d4f7c74f3b27c7e3603","unregistered.9d4f7c74f3b27c7e3603","docs/qa/TASK-008.3/fallback-1180x800.png","documentation-only","raster","image/png","png","151992","b6daa1a9386d504ccbee93ae23a40799a5c82c57d9ab349571f477c7dc5431d6","1180","800","1.475","","true","false","1","srgb","","","","","unknown","","","unreviewed","unknown-review-required","false","true","1","[{""sourceFile"":""docs/qa/TASK-008.3/README.md"",""line"":12,""referenceType"":""markdown""}]","null","null","false","","","false","unmanifested-review-required","","","Inventory is not rights approval. Unknown dimensions remain null; no originals are changed."
"source-05cd3777ec6bd05e5009","unregistered.05cd3777ec6bd05e5009","docs/qa/TASK-008.3/fallback-1280x800-comparison.png","documentation-only","raster","image/png","png","231837","157ff0b09b9bc316f0b9e8e7fc120ede157f71fff4f3d0eebd4550ae3c0faa10","1280","800","1.6","","true","false","1","srgb","","","","","unknown","","","unreviewed","unknown-review-required","false","false","0","[]","null","null","false","","","false","unmanifested-review-required","","","Inventory is not rights approval. Unknown dimensions remain null; no originals are changed."
"source-a37f6398d5c82ffec0f6","unregistered.a37f6398d5c82ffec0f6","docs/qa/TASK-008.3/fallback-1280x800.png","documentation-only","raster","image/png","png","203596","59a2a6c4665294f298796488970662c6f6fe47e882aa5a086c3595d7d0c21473","1280","800","1.6","","true","false","1","srgb","","","","","unknown","","","unreviewed","unknown-review-required","false","true","1","[{""sourceFile"":""docs/qa/TASK-008.3/README.md"",""line"":11,""referenceType"":""markdown""}]","null","null","false","","","false","unmanifested-review-required","","","Inventory is not rights approval. Unknown dimensions remain null; no originals are changed."
"source-f4dfc0eaa4f607098777","unregistered.f4dfc0eaa4f607098777","docs/qa/TASK-008.3/fallback-1440x900-comparison.png","documentation-only","raster","image/png","png","250497","098f86c73cdf16396a169cdfa5c7378c54b3e048f448211324fe6ef2a347e479","1440","900","1.6","","true","false","1","srgb","","","","","unknown","","","unreviewed","unknown-review-required","false","false","0","[]","null","null","false","","","false","unmanifested-review-required","","","Inventory is not rights approval. Unknown dimensions remain null; no originals are changed."
"source-e4f3a45518a2eddfccf3","unregistered.e4f3a45518a2eddfccf3","docs/qa/TASK-008.3/fallback-1440x900.png","documentation-only","raster","image/png","png","221903","44811153c31f891fcec080e3f7ed5ee93abb6094f7d84e93a9972fddd515bc3a","1440","900","1.6","","true","false","1","srgb","","","","","unknown","","","unreviewed","unknown-review-required","false","true","1","[{""sourceFile"":""docs/qa/TASK-008.3/README.md"",""line"":10,""referenceType"":""markdown""}]","null","null","false","","","false","unmanifested-review-required","","","Inventory is not rights approval. Unknown dimensions remain null; no originals are changed."
"source-a524b1a5e83e0e552d17","unregistered.a524b1a5e83e0e552d17","docs/qa/TASK-008.3/fallback-1600x900-comparison.png","documentation-only","raster","image/png","png","256895","82bbf79277baf218b0b6e0dbdc9be66d80997c09c89690f8b63d93d406fcf858","1600","900","1.777778","","true","false","1","srgb","","","","","unknown","","","unreviewed","unknown-review-required","false","false","0","[]","null","null","false","","","false","unmanifested-review-required","82bbf79277baf218b0b6e0dbdc9be66d80997c09c89690f8b63d93d406fcf858","","Inventory is not rights approval. Unknown dimensions remain null; no originals are changed."
"source-f719b11a212293a41fd8","unregistered.f719b11a212293a41fd8","docs/qa/TASK-008.3/fallback-1600x900.png","documentation-only","raster","image/png","png","226817","b202a131862299974d7ea58fb6099775531fc686e29932cf8e3053fb973e7281","1600","900","1.777778","","true","false","1","srgb","","","","","unknown","","","unreviewed","unknown-review-required","false","true","1","[{""sourceFile"":""docs/qa/TASK-008.3/README.md"",""line"":9,""referenceType"":""markdown""}]","null","null","false","","","false","unmanifested-review-required","","","Inventory is not rights approval. Unknown dimensions remain null; no originals are changed."
"source-34c796d31588eae80031","unregistered.34c796d31588eae80031","docs/qa/TASK-008.3/fallback-390x844-drawer.png","documentation-only","raster","image/png","png","65996","573e9fa1ec999be4b20ffd12d033b5dcbfbc4e3696adff18f41dafba6085d124","390","844","0.462085","","true","false","1","srgb","","","","","unknown","","","unreviewed","unknown-review-required","false","false","0","[]","null","null","false","","","false","unmanifested-review-required","","","Inventory is not rights approval. Unknown dimensions remain null; no originals are changed."
"source-6d3726ffdb7fd307a1f2","unregistered.6d3726ffdb7fd307a1f2","docs/qa/TASK-008.3/fallback-390x844-nested-preference.png","documentation-only","raster","image/png","png","36872","0015923d9a4554a3162c0d42a5985c3aeb321e284f65eb7c761f1343efa18c8b","390","844","0.462085","","true","false","1","srgb","","","","","unknown","","","unreviewed","unknown-review-required","false","false","0","[]","null","null","false","","","false","unmanifested-review-required","","","Inventory is not rights approval. Unknown dimensions remain null; no originals are changed."
"source-f5196d5cac5769937319","unregistered.f5196d5cac5769937319","docs/qa/TASK-008.3/fallback-390x844-sheet.png","documentation-only","raster","image/png","png","66162","d9075116605ea0b6c1b913b4ddd4bef38af746e867d49927a9ca9451aa1570d2","390","844","0.462085","","true","false","1","srgb","","","","","unknown","","","unreviewed","unknown-review-required","false","false","0","[]","null","null","false","","","false","unmanifested-review-required","","","Inventory is not rights approval. Unknown dimensions remain null; no originals are changed."
"source-c62d11042d6805d73e7c","unregistered.c62d11042d6805d73e7c","docs/qa/TASK-008.3/fallback-390x844.png","documentation-only","raster","image/png","png","102024","7eedbab35d59b853e546be698db67922c6cc11735b1465bdda7a653f3769becf","390","844","0.462085","","true","false","1","srgb","","","","","unknown","","","unreviewed","unknown-review-required","false","true","1","[{""sourceFile"":""docs/qa/TASK-008.3/README.md"",""line"":13,""referenceType"":""markdown""}]","null","null","false","","","false","unmanifested-review-required","","","Inventory is not rights approval. Unknown dimensions remain null; no originals are changed."
"source-d44abf3a4e0ee08f4a4e","unregistered.d44abf3a4e0ee08f4a4e","docs/qa/TASK-008.3/fallback-confirmed-hotel.png","documentation-only","raster","image/png","png","289551","77fc62ae92814fd6c1aa12d38fa21204f51e799d9c9585e32ccf3c8afa2609fd","1600","900","1.777778","","true","false","1","srgb","","","","","unknown","","","unreviewed","unknown-review-required","false","false","0","[]","null","null","false","","","false","unmanifested-review-required","","","Inventory is not rights approval. Unknown dimensions remain null; no originals are changed."
"source-20e5d0117d8f7e6423be","unregistered.20e5d0117d8f7e6423be","docs/qa/TASK-008.3/fallback-more-settings.png","documentation-only","raster","image/png","png","251495","96638e48fd405799bf87c3ac1cd93bde70e4d3dbbe2c1600d9eda99c6a9a3d31","1600","900","1.777778","","true","false","1","srgb","","","","","unknown","","","unreviewed","unknown-review-required","false","false","0","[]","null","null","false","","","false","unmanifested-review-required","","","Inventory is not rights approval. Unknown dimensions remain null; no originals are changed."
"source-29f34a49140efe54c63f","unregistered.29f34a49140efe54c63f","docs/qa/TASK-008.3/fallback-morph-quick.png","documentation-only","raster","image/png","png","286588","44a2f96d2353880651e33fb2c0a69004f65847972ed941b68e671d9f097d840c","1600","900","1.777778","","true","false","1","srgb","","","","","unknown","","","unreviewed","unknown-review-required","false","false","0","[]","null","null","false","","","false","unmanifested-review-required","","","Inventory is not rights approval. Unknown dimensions remain null; no originals are changed."
"source-ea61af4260a7dd8c3303","unregistered.ea61af4260a7dd8c3303","docs/qa/TASK-008.3/fallback-preferences.png","documentation-only","raster","image/png","png","229806","60640a45216cc7a3bafe07304ba451e24e73ac6227e97b359d6cb2aff19eae4a","1600","900","1.777778","","true","false","1","srgb","","","","","unknown","","","unreviewed","unknown-review-required","false","false","0","[]","null","null","false","","","false","unmanifested-review-required","","","Inventory is not rights approval. Unknown dimensions remain null; no originals are changed."
"source-55b9185dca9d38f59b43","unregistered.55b9185dca9d38f59b43","docs/qa/TASK-008.3/fallback-stay-area.png","documentation-only","raster","image/png","png","279574","2a63881c1f53e5e6c5e6926753616f527fa1192a4d7e1e8c41d0e33fcd3e7608","1600","900","1.777778","","true","false","1","srgb","","","","","unknown","","","unreviewed","unknown-review-required","false","false","0","[]","null","null","false","","","false","unmanifested-review-required","","","Inventory is not rights approval. Unknown dimensions remain null; no originals are changed."
"source-2063d234e041d4794416","unregistered.2063d234e041d4794416","docs/qa/TASK-008.3/fallback-three-day-comparison.png","documentation-only","raster","image/png","png","256895","82bbf79277baf218b0b6e0dbdc9be66d80997c09c89690f8b63d93d406fcf858","1600","900","1.777778","","true","false","1","srgb","","","","","unknown","","","unreviewed","unknown-review-required","false","false","0","[]","null","null","false","","","false","unmanifested-review-required","82bbf79277baf218b0b6e0dbdc9be66d80997c09c89690f8b63d93d406fcf858","","Inventory is not rights approval. Unknown dimensions remain null; no originals are changed."
"source-c7f87d54d5456ad054c7","unregistered.c7f87d54d5456ad054c7","docs/qa/TASK-008.3/mapbox-1180x800-comparison.png","documentation-only","raster","image/png","png","465048","45c80bdabcb8c7ebfcb447b4685e576b146c10f3b6c2e598d690146cf4694644","1180","800","1.475","","true","false","1","srgb","","","","","unknown","","","unreviewed","unknown-review-required","false","true","1","[{""sourceFile"":""docs/qa/TASK-008.3/README.md"",""line"":19,""referenceType"":""markdown""}]","null","null","false","","","false","unmanifested-review-required","","","Inventory is not rights approval. Unknown dimensions remain null; no originals are changed."
"source-cbf4380867a96fa01e38","unregistered.cbf4380867a96fa01e38","docs/qa/TASK-008.3/mapbox-1180x800-drawer.png","documentation-only","raster","image/png","png","406888","bc2d30e2f4b3adb1b532a9eca649649bd3524e5fe448c9350545eb47ccfedbac","1180","800","1.475","","true","false","1","srgb","","","","","unknown","","","unreviewed","unknown-review-required","false","true","1","[{""sourceFile"":""docs/qa/TASK-008.3/README.md"",""line"":24,""referenceType"":""markdown""}]","null","null","false","","","false","unmanifested-review-required","","","Inventory is not rights approval. Unknown dimensions remain null; no originals are changed."
"source-a5d1e2d2d5834266784f","unregistered.a5d1e2d2d5834266784f","docs/qa/TASK-008.3/mapbox-1180x800.png","documentation-only","raster","image/png","png","455721","275a658cb0f2c2486d7e8259ec5408572fdd41885918bec9cc4f7f5e26f9ff5b","1180","800","1.475","","true","false","1","srgb","","","","","unknown","","","unreviewed","unknown-review-required","false","true","2","[{""sourceFile"":""docs/qa/TASK-008.3/README.md"",""line"":12,""referenceType"":""markdown""},{""sourceFile"":""docs/tasks/RESULT-TASK-008.3-a-planner-v03-interactions.md"",""line"":85,""referenceType"":""markdown""}]","null","null","false","","","false","unmanifested-review-required","","","Inventory is not rights approval. Unknown dimensions remain null; no originals are changed."
"source-d2bc69dbe154e57aa8d8","unregistered.d2bc69dbe154e57aa8d8","docs/qa/TASK-008.3/mapbox-1280x800-comparison.png","documentation-only","raster","image/png","png","462600","3eb54856552e4d75116d85c1944b0e833caa69e3cb98728675475b60c6ed598e","1280","800","1.6","","true","false","1","srgb","","","","","unknown","","","unreviewed","unknown-review-required","false","true","1","[{""sourceFile"":""docs/qa/TASK-008.3/README.md"",""line"":19,""referenceType"":""markdown""}]","null","null","false","","","false","unmanifested-review-required","","","Inventory is not rights approval. Unknown dimensions remain null; no originals are changed."
"source-94a2a0bebcd332a9653b","unregistered.94a2a0bebcd332a9653b","docs/qa/TASK-008.3/mapbox-1280x800.png","documentation-only","raster","image/png","png","445363","5793a961fd712f97f90eedde63a69c262394ff7675b72d9ad874a491853b2f17","1280","800","1.6","","true","false","1","srgb","","","","","unknown","","","unreviewed","unknown-review-required","false","true","2","[{""sourceFile"":""docs/qa/TASK-008.3/README.md"",""line"":11,""referenceType"":""markdown""},{""sourceFile"":""docs/tasks/RESULT-TASK-008.3-a-planner-v03-interactions.md"",""line"":84,""referenceType"":""markdown""}]","null","null","false","","","false","unmanifested-review-required","","","Inventory is not rights approval. Unknown dimensions remain null; no originals are changed."
"source-14da1050212affad1db9","unregistered.14da1050212affad1db9","docs/qa/TASK-008.3/mapbox-1440x900-comparison.png","documentation-only","raster","image/png","png","555000","1e5052694091dffb22c532dae54342a2c255625dc8fa5aad56515b2c835a075c","1440","900","1.6","","true","false","1","srgb","","","","","unknown","","","unreviewed","unknown-review-required","false","true","1","[{""sourceFile"":""docs/qa/TASK-008.3/README.md"",""line"":19,""referenceType"":""markdown""}]","null","null","false","","","false","unmanifested-review-required","","","Inventory is not rights approval. Unknown dimensions remain null; no originals are changed."
"source-0ae073c73b16d4d5fa65","unregistered.0ae073c73b16d4d5fa65","docs/qa/TASK-008.3/mapbox-1440x900.png","documentation-only","raster","image/png","png","548537","579c055243e90a2b4601738e3b34dbff0b6a156321c09cee337ad82df0052081","1440","900","1.6","","true","false","1","srgb","","","","","unknown","","","unreviewed","unknown-review-required","false","true","2","[{""sourceFile"":""docs/qa/TASK-008.3/README.md"",""line"":10,""referenceType"":""markdown""},{""sourceFile"":""docs/tasks/RESULT-TASK-008.3-a-planner-v03-interactions.md"",""line"":83,""referenceType"":""markdown""}]","null","null","false","","","false","unmanifested-review-required","","","Inventory is not rights approval. Unknown dimensions remain null; no originals are changed."
"source-4c1c849135308bb30843","unregistered.4c1c849135308bb30843","docs/qa/TASK-008.3/mapbox-1600x900-comparison.png","documentation-only","raster","image/png","png","598648","cdaa4a0444e04fe158fdd0331ae0e24c7a4664b7910a5e93bd8dc3c6011f37b5","1600","900","1.777778","","true","false","1","srgb","","","","","unknown","","","unreviewed","unknown-review-required","false","true","1","[{""sourceFile"":""docs/qa/TASK-008.3/README.md"",""line"":19,""referenceType"":""markdown""}]","null","null","false","","","false","unmanifested-review-required","","","Inventory is not rights approval. Unknown dimensions remain null; no originals are changed."
"source-75683e3e06890a92a24d","unregistered.75683e3e06890a92a24d","docs/qa/TASK-008.3/mapbox-1600x900.png","documentation-only","raster","image/png","png","600573","cbdbff76cd44bfa042e2ad8bad329c70c06aed55983be296766e53202cb36989","1600","900","1.777778","","true","false","1","srgb","","","","","unknown","","","unreviewed","unknown-review-required","false","true","2","[{""sourceFile"":""docs/qa/TASK-008.3/README.md"",""line"":9,""referenceType"":""markdown""},{""sourceFile"":""docs/tasks/RESULT-TASK-008.3-a-planner-v03-interactions.md"",""line"":82,""referenceType"":""markdown""}]","null","null","false","","","false","unmanifested-review-required","","","Inventory is not rights approval. Unknown dimensions remain null; no originals are changed."
"source-6b339a2139ceb434000b","unregistered.6b339a2139ceb434000b","docs/qa/TASK-008.3/mapbox-390x844-drawer.png","documentation-only","raster","image/png","png","64710","70bd7257b9d3bc8b16602149a48f6f9147141ba60b969a8201ca20a60de8988e","390","844","0.462085","","true","false","1","srgb","","","","","unknown","","","unreviewed","unknown-review-required","false","true","1","[{""sourceFile"":""docs/qa/TASK-008.3/README.md"",""line"":24,""referenceType"":""markdown""}]","null","null","false","","","false","unmanifested-review-required","","","Inventory is not rights approval. Unknown dimensions remain null; no originals are changed."
"source-c8578b4c4df529722243","unregistered.c8578b4c4df529722243","docs/qa/TASK-008.3/mapbox-390x844-nested-preference.png","documentation-only","raster","image/png","png","36920","050e5ed8ec3da677f41049e1eeb265b8269c30f23761f69f641a8e431968ec7b","390","844","0.462085","","true","false","1","srgb","","","","","unknown","","","unreviewed","unknown-review-required","false","true","1","[{""sourceFile"":""docs/qa/TASK-008.3/README.md"",""line"":21,""referenceType"":""markdown""}]","null","null","false","","","false","unmanifested-review-required","","","Inventory is not rights approval. Unknown dimensions remain null; no originals are changed."
"source-429753de8a019d239a35","unregistered.429753de8a019d239a35","docs/qa/TASK-008.3/mapbox-390x844-sheet.png","documentation-only","raster","image/png","png","113150","3aaac311646d787c79620564dd5d8f14cee0f84e0f548c5fb8f3d390b4425474","390","844","0.462085","","true","false","1","srgb","","","","","unknown","","","unreviewed","unknown-review-required","false","true","1","[{""sourceFile"":""docs/qa/TASK-008.3/README.md"",""line"":24,""referenceType"":""markdown""}]","null","null","false","","","false","unmanifested-review-required","","","Inventory is not rights approval. Unknown dimensions remain null; no originals are changed."
"source-0ceefb8a5b28e4a501f6","unregistered.0ceefb8a5b28e4a501f6","docs/qa/TASK-008.3/mapbox-390x844.png","documentation-only","raster","image/png","png","227782","330437651d3f2cbd3b8e89213da3ad1c18f86782d7048fff2fe96f84603d6c35","390","844","0.462085","","true","false","1","srgb","","","","","unknown","","","unreviewed","unknown-review-required","false","true","2","[{""sourceFile"":""docs/qa/TASK-008.3/README.md"",""line"":13,""referenceType"":""markdown""},{""sourceFile"":""docs/tasks/RESULT-TASK-008.3-a-planner-v03-interactions.md"",""line"":86,""referenceType"":""markdown""}]","null","null","false","","","false","unmanifested-review-required","","","Inventory is not rights approval. Unknown dimensions remain null; no originals are changed."
"source-96c8cce968cb1f8d34e8","unregistered.96c8cce968cb1f8d34e8","docs/qa/TASK-008.3/mapbox-confirmed-hotel.png","documentation-only","raster","image/png","png","580027","b68fec786c75cb0e64d1366a2b96c1bb836965bac42e8744d62bfda647628d52","1600","900","1.777778","","true","false","1","srgb","","","","","unknown","","","unreviewed","unknown-review-required","false","true","1","[{""sourceFile"":""docs/qa/TASK-008.3/README.md"",""line"":23,""referenceType"":""markdown""}]","null","null","false","","","false","unmanifested-review-required","","","Inventory is not rights approval. Unknown dimensions remain null; no originals are changed."
"source-63423b68aefd0c624435","unregistered.63423b68aefd0c624435","docs/qa/TASK-008.3/mapbox-more-settings.png","documentation-only","raster","image/png","png","611160","82a77f76ce5f55e2a0839c777209d945787d227176c45a3be3bee5e8d7ca2098","1600","900","1.777778","","true","false","1","srgb","","","","","unknown","","","unreviewed","unknown-review-required","false","true","1","[{""sourceFile"":""docs/qa/TASK-008.3/README.md"",""line"":20,""referenceType"":""markdown""}]","null","null","false","","","false","unmanifested-review-required","","","Inventory is not rights approval. Unknown dimensions remain null; no originals are changed."
"source-459833aaf065b3f5733f","unregistered.459833aaf065b3f5733f","docs/qa/TASK-008.3/mapbox-morph-quick.png","documentation-only","raster","image/png","png","517352","4f729e3c62c23171142e8ddaed0ad244bce8c7e952327aa793f074d7139eeb7a","1600","900","1.777778","","true","false","1","srgb","","","","","unknown","","","unreviewed","unknown-review-required","false","true","1","[{""sourceFile"":""docs/qa/TASK-008.3/README.md"",""line"":22,""referenceType"":""markdown""}]","null","null","false","","","false","unmanifested-review-required","","","Inventory is not rights approval. Unknown dimensions remain null; no originals are changed."
"source-192f6beb1bbd7ca1f1f9","unregistered.192f6beb1bbd7ca1f1f9","docs/qa/TASK-008.3/mapbox-preferences.png","documentation-only","raster","image/png","png","557896","37f283fbf9e95c94f051271d83be8867e09f20b9b24a6d33f3ee89c9073db6a2","1600","900","1.777778","","true","false","1","srgb","","","","","unknown","","","unreviewed","unknown-review-required","false","true","1","[{""sourceFile"":""docs/qa/TASK-008.3/README.md"",""line"":21,""referenceType"":""markdown""}]","null","null","false","","","false","unmanifested-review-required","","","Inventory is not rights approval. Unknown dimensions remain null; no originals are changed."
"source-d1e457004a8cc8938ad0","unregistered.d1e457004a8cc8938ad0","docs/qa/TASK-008.3/mapbox-stay-area.png","documentation-only","raster","image/png","png","571996","ed09bc490774a3c87429b5d38c0cd59320536a28e0eeb1f584d6a6a5646fd226","1600","900","1.777778","","true","false","1","srgb","","","","","unknown","","","unreviewed","unknown-review-required","false","true","1","[{""sourceFile"":""docs/qa/TASK-008.3/README.md"",""line"":23,""referenceType"":""markdown""}]","null","null","false","","","false","unmanifested-review-required","","","Inventory is not rights approval. Unknown dimensions remain null; no originals are changed."
"source-1f3a34762f89230b12d8","unregistered.1f3a34762f89230b12d8","docs/qa/TASK-008.3/mapbox-three-day-comparison.png","documentation-only","raster","image/png","png","591613","c2239720a390e0aa443bd0f987cd5592163489d0960790b3055616598c761feb","1600","900","1.777778","","true","false","1","srgb","","","","","unknown","","","unreviewed","unknown-review-required","false","false","0","[]","null","null","false","","","false","unmanifested-review-required","","","Inventory is not rights approval. Unknown dimensions remain null; no originals are changed."
"source-a900d390a97227ce1ca8","unregistered.a900d390a97227ce1ca8","docs/qa/TASK-010-B/1024x768-guard.png","documentation-only","raster","image/png","png","184785","ef5f3f4148bfd3733f9f8fa2d4f55d25814110da23bca16f714fa0478526fe37","1024","768","1.333333","","false","false","1","srgb","","","","","unknown","","","unreviewed","unknown-review-required","false","false","0","[]","null","null","false","","","false","unmanifested-review-required","","","Inventory is not rights approval. Unknown dimensions remain null; no originals are changed."
"source-8de0517a6ada31de79cc","unregistered.8de0517a6ada31de79cc","docs/qa/TASK-010-B/1024x768-home.png","documentation-only","raster","image/png","png","1026434","da5d4aca5bc136f540858d66c6559a0485f517a3e9212988fd4320a0bac3d93d","1024","768","1.333333","","false","false","1","srgb","","","","","unknown","","","unreviewed","unknown-review-required","false","false","0","[]","null","null","false","","","false","unmanifested-review-required","","","Inventory is not rights approval. Unknown dimensions remain null; no originals are changed."
"source-d07d4b4cfb20fa3f4825","unregistered.d07d4b4cfb20fa3f4825","docs/qa/TASK-010-B/1024x768-trips.png","documentation-only","raster","image/png","png","602252","1a8e20266ea0e407165e4f8a7af90168270e08c611af35228f4ebc0fe4c104f3","1024","768","1.333333","","false","false","1","srgb","","","","","unknown","","","unreviewed","unknown-review-required","false","false","0","[]","null","null","false","","","false","unmanifested-review-required","","","Inventory is not rights approval. Unknown dimensions remain null; no originals are changed."
"source-f7ff2142bd77ae4db01d","unregistered.f7ff2142bd77ae4db01d","docs/qa/TASK-010-B/1440x900-guard.png","documentation-only","raster","image/png","png","368800","dd4c879385843051ca64159feb9ceb0cd1470049fec479ed9e857d3145f3624c","1440","900","1.6","","false","false","1","srgb","","","","","unknown","","","unreviewed","unknown-review-required","false","false","0","[]","null","null","false","","","false","unmanifested-review-required","","","Inventory is not rights approval. Unknown dimensions remain null; no originals are changed."
"source-092342673632e4ec7b42","unregistered.092342673632e4ec7b42","docs/qa/TASK-010-B/1440x900-home.png","documentation-only","raster","image/png","png","1554083","23016907960e6b0f86d75f29b08d13dad3e536c4d0a9c3aa50c837788bbba5e4","1440","900","1.6","","false","false","1","srgb","","","","","unknown","","","unreviewed","unknown-review-required","false","false","0","[]","null","null","false","","","false","unmanifested-review-required","","","Inventory is not rights approval. Unknown dimensions remain null; no originals are changed."
"source-46808400f0d4f801e9dd","unregistered.46808400f0d4f801e9dd","docs/qa/TASK-010-B/1440x900-trips.png","documentation-only","raster","image/png","png","973575","5329dbb95d1bd665d4c6f4f8fcb090efce1497fcb6dd16fa0625a19728fedd1f","1440","900","1.6","","false","false","1","srgb","","","","","unknown","","","unreviewed","unknown-review-required","false","false","0","[]","null","null","false","","","false","unmanifested-review-required","","","Inventory is not rights approval. Unknown dimensions remain null; no originals are changed."
"source-0b25366a952ac00e80f2","unregistered.0b25366a952ac00e80f2","docs/qa/TASK-010-B/320x740-guard.png","documentation-only","raster","image/png","png","68819","1ba3f3f9e4737e66bbb85e1aa0b6b2f3e0a64cbd273a64d69ed622c4f80e01bf","320","740","0.432432","","false","false","1","srgb","","","","","unknown","","","unreviewed","unknown-review-required","false","false","0","[]","null","null","false","","","false","unmanifested-review-required","","","Inventory is not rights approval. Unknown dimensions remain null; no originals are changed."
"source-391d199e4e9aba2066c0","unregistered.391d199e4e9aba2066c0","docs/qa/TASK-010-B/320x740-home.png","documentation-only","raster","image/png","png","272678","c6d6af8e2cfa094474c135728a250205cd2945543fc9374c91c2fd9525195e74","320","740","0.432432","","false","false","1","srgb","","","","","unknown","","","unreviewed","unknown-review-required","false","false","0","[]","null","null","false","","","false","unmanifested-review-required","","","Inventory is not rights approval. Unknown dimensions remain null; no originals are changed."
"source-40e5b506bddb5f5276c3","unregistered.40e5b506bddb5f5276c3","docs/qa/TASK-010-B/320x740-trips.png","documentation-only","raster","image/png","png","143953","ce2c9ab6f1b2d91f2368c471723e3fc5c6997f2817a0c64391722b0d2b87a449","320","740","0.432432","","false","false","1","srgb","","","","","unknown","","","unreviewed","unknown-review-required","false","false","0","[]","null","null","false","","","false","unmanifested-review-required","","","Inventory is not rights approval. Unknown dimensions remain null; no originals are changed."
"source-1360254c10beb3b393fe","unregistered.1360254c10beb3b393fe","docs/qa/TASK-010-B/390x844-guard.png","documentation-only","raster","image/png","png","93545","7ae11437ea4c9e085afd2bce5c7c1df4dd81b503889a3bab0bf46c3303e42506","390","844","0.462085","","false","false","1","srgb","","","","","unknown","","","unreviewed","unknown-review-required","false","false","0","[]","null","null","false","","","false","unmanifested-review-required","","","Inventory is not rights approval. Unknown dimensions remain null; no originals are changed."
"source-36cb91c216a8fcc17a11","unregistered.36cb91c216a8fcc17a11","docs/qa/TASK-010-B/390x844-home.png","documentation-only","raster","image/png","png","422728","c7f447613d4cd84c9308235bcaf212b8fcf2d2e943a385e61f4487adbf8a3ba1","390","844","0.462085","","false","false","1","srgb","","","","","unknown","","","unreviewed","unknown-review-required","false","false","0","[]","null","null","false","","","false","unmanifested-review-required","","","Inventory is not rights approval. Unknown dimensions remain null; no originals are changed."
"source-b3814c18232f61d14860","unregistered.b3814c18232f61d14860","docs/qa/TASK-010-B/390x844-trips.png","documentation-only","raster","image/png","png","221603","94b6241039c606b3c14e30b274418c450b68b8c79ac7cf18dea67cdb875ee2d4","390","844","0.462085","","false","false","1","srgb","","","","","unknown","","","unreviewed","unknown-review-required","false","false","0","[]","null","null","false","","","false","unmanifested-review-required","","","Inventory is not rights approval. Unknown dimensions remain null; no originals are changed."
"source-ae731002e396f505835d","unregistered.ae731002e396f505835d","docs/qa/TASK-010/desktop-step3.png","documentation-only","raster","image/png","png","585949","9593d285e6c93250da91065c46a37d3f4050866cbb5840c4f7fe8679289afc84","1440","900","1.6","","false","false","1","srgb","","","","","unknown","","","unreviewed","unknown-review-required","false","false","0","[]","null","null","false","","","false","unmanifested-review-required","","","Inventory is not rights approval. Unknown dimensions remain null; no originals are changed."
"source-2d313c4fa569601e06e7","unregistered.2d313c4fa569601e06e7","docs/qa/TASK-010/mobile-step3.png","documentation-only","raster","image/png","png","132725","6c5a329c0d87cf8356b84a24dc840cdf78faebfcd577977f72cd1404ca1ccbfd","390","844","0.462085","","false","false","1","srgb","","","","","unknown","","","unreviewed","unknown-review-required","false","false","0","[]","null","null","false","","","false","unmanifested-review-required","","","Inventory is not rights approval. Unknown dimensions remain null; no originals are changed."
"source-5199363e05419e98d06c","unregistered.5199363e05419e98d06c","docs/qa/TASK-010/tablet-step3.png","documentation-only","raster","image/png","png","278229","586f00f307b50a43e58db0d254a05d7a22a3a6a3900124a7b512bc6368c6993a","1024","768","1.333333","","false","false","1","srgb","","","","","unknown","","","unreviewed","unknown-review-required","false","false","0","[]","null","null","false","","","false","unmanifested-review-required","","","Inventory is not rights approval. Unknown dimensions remain null; no originals are changed."
"source-b9ceb56acd86e2d93be5","unregistered.b9ceb56acd86e2d93be5","docs/qa/TASK-011/compact-detail.png","documentation-only","raster","image/png","png","122085","d898793e26c345e5220752e89cd0d7e78e5ace504f2054ff9ad21dbbc85d6880","1180","800","1.475","","false","false","1","srgb","","","","","unknown","","","unreviewed","unknown-review-required","false","false","0","[]","null","null","false","","","false","unmanifested-review-required","","","Inventory is not rights approval. Unknown dimensions remain null; no originals are changed."
"source-d410ed8efac75d1d2201","unregistered.d410ed8efac75d1d2201","docs/qa/TASK-011/compact-planner.png","documentation-only","raster","image/png","png","134552","14bc0dd36190f1121b44442632a61b773322968cef72e4651f7d2b21c4e8c959","1180","800","1.475","","false","false","1","srgb","","","","","unknown","","","unreviewed","unknown-review-required","false","false","0","[]","null","null","false","","","false","unmanifested-review-required","","","Inventory is not rights approval. Unknown dimensions remain null; no originals are changed."
"source-44dcbe17b3f2fb6b88de","unregistered.44dcbe17b3f2fb6b88de","docs/qa/TASK-011/desktop-detail.png","documentation-only","raster","image/png","png","186509","f081b2cf3b6f7ba02aa6cb2b2964b0e157b874539527e1249f4ba097e2f6848f","1440","900","1.6","","false","false","1","srgb","","","","","unknown","","","unreviewed","unknown-review-required","false","false","0","[]","null","null","false","","","false","unmanifested-review-required","","","Inventory is not rights approval. Unknown dimensions remain null; no originals are changed."
"source-a3ea964c0183c70dff85","unregistered.a3ea964c0183c70dff85","docs/qa/TASK-011/desktop-planner.png","documentation-only","raster","image/png","png","206760","a7168d8845cc2f3c502c18ffa0a33b282e28d5a1c169a9b429fd7ebe8677516f","1440","900","1.6","","false","false","1","srgb","","","","","unknown","","","unreviewed","unknown-review-required","false","false","0","[]","null","null","false","","","false","unmanifested-review-required","","","Inventory is not rights approval. Unknown dimensions remain null; no originals are changed."
"source-b3a8b9be0d518a4aa3f9","unregistered.b3a8b9be0d518a4aa3f9","docs/qa/TASK-011/mobile-detail.png","documentation-only","raster","image/png","png","86977","0a8e8db100932540139f6a6c8f8c55f174d11b792c3fab13f7f55e26ee29c906","390","844","0.462085","","false","false","1","srgb","","","","","unknown","","","unreviewed","unknown-review-required","false","false","0","[]","null","null","false","","","false","unmanifested-review-required","","","Inventory is not rights approval. Unknown dimensions remain null; no originals are changed."
"source-58c01abf31e1b939ed1c","unregistered.58c01abf31e1b939ed1c","docs/qa/TASK-011/mobile-planner.png","documentation-only","raster","image/png","png","89957","c3cc9348e48c681efe42b2cb4a43d7752174e7dc2735611bcd1cd483965131ac","390","844","0.462085","","false","false","1","srgb","","","","","unknown","","","unreviewed","unknown-review-required","false","false","0","[]","null","null","false","","","false","unmanifested-review-required","","","Inventory is not rights approval. Unknown dimensions remain null; no originals are changed."
"source-eeea5501fe5f15a1cc32","unregistered.eeea5501fe5f15a1cc32","docs/qa/TASK-012/detail-regression/compact-detail.png","documentation-only","raster","image/png","png","153045","7bfb0508305e57f99d21622f2502fbc32f0a5cfd41d81e4a0935c30134cb95bc","1180","800","1.475","","false","false","1","srgb","","","","","unknown","","","unreviewed","unknown-review-required","false","false","0","[]","null","null","false","","","false","unmanifested-review-required","","","Inventory is not rights approval. Unknown dimensions remain null; no originals are changed."
"source-cf909c14a0cd3d814b3b","unregistered.cf909c14a0cd3d814b3b","docs/qa/TASK-012/detail-regression/compact-planner.png","documentation-only","raster","image/png","png","164869","329fe4c89c4358145e2fe967106ee9f0b307cb651514f61ee5386771cb58eceb","1180","800","1.475","","false","false","1","srgb","","","","","unknown","","","unreviewed","unknown-review-required","false","false","0","[]","null","null","false","","","false","unmanifested-review-required","","","Inventory is not rights approval. Unknown dimensions remain null; no originals are changed."
"source-551c4e839e06d1012616","unregistered.551c4e839e06d1012616","docs/qa/TASK-012/detail-regression/desktop-detail.png","documentation-only","raster","image/png","png","207022","00e17c398daf27a6bc25211c227dc8c349337a85b496209ed5ef0d232b0ecac8","1440","900","1.6","","false","false","1","srgb","","","","","unknown","","","unreviewed","unknown-review-required","false","false","0","[]","null","null","false","","","false","unmanifested-review-required","","","Inventory is not rights approval. Unknown dimensions remain null; no originals are changed."
"source-19233ae693b90e4fb35c","unregistered.19233ae693b90e4fb35c","docs/qa/TASK-012/detail-regression/desktop-planner.png","documentation-only","raster","image/png","png","222329","5d1ea657c96134dea59070a3357683bfabc7f67010a544ac4bcf56a03d77d70a","1440","900","1.6","","false","false","1","srgb","","","","","unknown","","","unreviewed","unknown-review-required","false","false","0","[]","null","null","false","","","false","unmanifested-review-required","","","Inventory is not rights approval. Unknown dimensions remain null; no originals are changed."
"source-ebc23064d6aab26a2081","unregistered.ebc23064d6aab26a2081","docs/qa/TASK-012/detail-regression/mobile-detail.png","documentation-only","raster","image/png","png","93039","4b8a4c9312f827cfa206a0652b2373c31f412a22fc11dbf5363cd42597995bbc","390","844","0.462085","","false","false","1","srgb","","","","","unknown","","","unreviewed","unknown-review-required","false","false","0","[]","null","null","false","","","false","unmanifested-review-required","","","Inventory is not rights approval. Unknown dimensions remain null; no originals are changed."
"source-c64ae195e2d9cae8c53e","unregistered.c64ae195e2d9cae8c53e","docs/qa/TASK-012/detail-regression/mobile-planner.png","documentation-only","raster","image/png","png","95355","2cef40a6aa5af24aad6f32bf3deeff84cda96c65ef40fc710b4a1d9ca0637ba8","390","844","0.462085","","false","false","1","srgb","","","","","unknown","","","unreviewed","unknown-review-required","false","false","0","[]","null","null","false","","","false","unmanifested-review-required","","","Inventory is not rights approval. Unknown dimensions remain null; no originals are changed."
"source-23eaeb4815a6db04e900","unregistered.23eaeb4815a6db04e900","docs/qa/TASK-012/merged-preview-3113.png","documentation-only","raster","image/png","png","222022","d0057e7f560fef6ac1e9c26d28c73e9eef679b962885a3416cbdf6009aee0743","1440","900","1.6","","false","false","1","srgb","","","","","unknown","","","unreviewed","unknown-review-required","false","false","0","[]","null","null","false","","","false","unmanifested-review-required","","","Inventory is not rights approval. Unknown dimensions remain null; no originals are changed."
"source-da2c6671662fff02d0cc","unregistered.da2c6671662fff02d0cc","docs/qa/TASK-012/planner-all-days-1180x800.png","documentation-only","raster","image/png","png","448245","5e8fb64b0f2bf8454f2aadb746f9e7ac1526b84b2907f9a28787c0c6176f4ce2","1180","800","1.475","","false","false","1","srgb","","","","","unknown","","","unreviewed","unknown-review-required","false","false","0","[]","null","null","false","","","false","unmanifested-review-required","","","Inventory is not rights approval. Unknown dimensions remain null; no originals are changed."
"source-7d5bf42cd7190695c22a","unregistered.7d5bf42cd7190695c22a","docs/qa/TASK-012/planner-booking-1440x900.png","documentation-only","raster","image/png","png","544488","6fa7c3038f0abb03a347e83236767d11606c287e1932dfddfee68301889ed1a4","1440","900","1.6","","false","false","1","srgb","","","","","unknown","","","unreviewed","unknown-review-required","false","false","0","[]","null","null","false","","","false","unmanifested-review-required","","","Inventory is not rights approval. Unknown dimensions remain null; no originals are changed."
"source-e9109768630390373e36","unregistered.e9109768630390373e36","docs/qa/TASK-012/planner-compact-1024x768.png","documentation-only","raster","image/png","png","434939","26147db4125aad622bde1c80b30a4e5ee2aa48c63d64c8d90616aa87db7e434b","1024","768","1.333333","","false","false","1","srgb","","","","","unknown","","","unreviewed","unknown-review-required","false","false","0","[]","null","null","false","","","false","unmanifested-review-required","26147db4125aad622bde1c80b30a4e5ee2aa48c63d64c8d90616aa87db7e434b","","Inventory is not rights approval. Unknown dimensions remain null; no originals are changed."
"source-082524557bf75b36b169","unregistered.082524557bf75b36b169","docs/qa/TASK-012/planner-default-1180x800.png","documentation-only","raster","image/png","png","497211","b7d80be8f4f6069d7c5dfa8de425eed774d119f034902255e44c79badbe32582","1180","800","1.475","","false","false","1","srgb","","","","","unknown","","","unreviewed","unknown-review-required","false","false","0","[]","null","null","false","","","false","unmanifested-review-required","b7d80be8f4f6069d7c5dfa8de425eed774d119f034902255e44c79badbe32582","","Inventory is not rights approval. Unknown dimensions remain null; no originals are changed."
"source-8420ad9a475f1e6480f8","unregistered.8420ad9a475f1e6480f8","docs/qa/TASK-012/planner-default-1280x800.png","documentation-only","raster","image/png","png","481713","5ba97991b243def1f393ad3df3aa1c199385baa34cabbe457d932fa8c9ed8cc7","1280","800","1.6","","false","false","1","srgb","","","","","unknown","","","unreviewed","unknown-review-required","false","false","0","[]","null","null","false","","","false","unmanifested-review-required","5ba97991b243def1f393ad3df3aa1c199385baa34cabbe457d932fa8c9ed8cc7","","Inventory is not rights approval. Unknown dimensions remain null; no originals are changed."
"source-320b347c91dda4330253","unregistered.320b347c91dda4330253","docs/qa/TASK-012/planner-default-1440x900.png","documentation-only","raster","image/png","png","553178","db815a756dc14d42d4a5e00e41301725536216937c7659bd380d932466682cc7","1440","900","1.6","","false","false","1","srgb","","","","","unknown","","","unreviewed","unknown-review-required","false","false","0","[]","null","null","false","","","false","unmanifested-review-required","","","Inventory is not rights approval. Unknown dimensions remain null; no originals are changed."
"source-cb6c6eef1ff96faeba27","unregistered.cb6c6eef1ff96faeba27","docs/qa/TASK-012/planner-default-1600x900.png","documentation-only","raster","image/png","png","599528","7199450b5e2814edb331abb620a19e0f767bbdebfc706124a54ee5fe76e2346a","1600","900","1.777778","","false","false","1","srgb","","","","","unknown","","","unreviewed","unknown-review-required","false","false","0","[]","null","null","false","","","false","unmanifested-review-required","7199450b5e2814edb331abb620a19e0f767bbdebfc706124a54ee5fe76e2346a","","Inventory is not rights approval. Unknown dimensions remain null; no originals are changed."
"source-1471269d9d9dc2b1ad25","unregistered.1471269d9d9dc2b1ad25","docs/qa/TASK-012/planner-detail-health-1440x900.png","documentation-only","raster","image/png","png","547285","ed357a114c159764348b79c0bd731964d8d885dbfc3ac65e95bafa63de251bf7","1440","900","1.6","","false","false","1","srgb","","","","","unknown","","","unreviewed","unknown-review-required","false","false","0","[]","null","null","false","","","false","unmanifested-review-required","","","Inventory is not rights approval. Unknown dimensions remain null; no originals are changed."
"source-415d45a898f58519be24","unregistered.415d45a898f58519be24","docs/qa/TASK-012/planner-fallback-1440x900.png","documentation-only","raster","image/png","png","209511","d2a9defe0edb31547e89a060e3ef805698bb448fc9a0a6773eaaa359b7bbcbc7","1440","900","1.6","","false","false","1","srgb","","","","","unknown","","","unreviewed","unknown-review-required","false","false","0","[]","null","null","false","","","false","unmanifested-review-required","","","Inventory is not rights approval. Unknown dimensions remain null; no originals are changed."
"source-ad6fcf0e2ea7ef6d316d","unregistered.ad6fcf0e2ea7ef6d316d","docs/qa/TASK-012/planner-fallback-compact-1024x768.png","documentation-only","raster","image/png","png","158330","4e78324d84fdc7720f0f33ccc08ab011328db60cb7efa551eb372291978a5b8e","1024","768","1.333333","","false","false","1","srgb","","","","","unknown","","","unreviewed","unknown-review-required","false","false","0","[]","null","null","false","","","false","unmanifested-review-required","","","Inventory is not rights approval. Unknown dimensions remain null; no originals are changed."
"source-3834562556c01d3b377b","unregistered.3834562556c01d3b377b","docs/qa/TASK-012/planner-fallback-default-1180x800.png","documentation-only","raster","image/png","png","168239","869b3e56c4e58e3a411187f3bfd2688a07d82ddd8046721b6e86d97d40ed0b5a","1180","800","1.475","","false","false","1","srgb","","","","","unknown","","","unreviewed","unknown-review-required","false","false","0","[]","null","null","false","","","false","unmanifested-review-required","","","Inventory is not rights approval. Unknown dimensions remain null; no originals are changed."
"source-3460671d65de763b428b","unregistered.3460671d65de763b428b","docs/qa/TASK-012/planner-fallback-default-1280x800.png","documentation-only","raster","image/png","png","204901","764c6b68bb4b4fbd9237ae7159b695bf5381504276b920bf698af3ef638cdf08","1280","800","1.6","","false","false","1","srgb","","","","","unknown","","","unreviewed","unknown-review-required","false","false","0","[]","null","null","false","","","false","unmanifested-review-required","","","Inventory is not rights approval. Unknown dimensions remain null; no originals are changed."
"source-246a019f297a76f6a089","unregistered.246a019f297a76f6a089","docs/qa/TASK-012/planner-fallback-default-1440x900.png","documentation-only","raster","image/png","png","222778","d77a25af94a039fa027b7cc5994122eeb2ecfac57ffcd8dee581bad365c76695","1440","900","1.6","","false","false","1","srgb","","","","","unknown","","","unreviewed","unknown-review-required","false","false","0","[]","null","null","false","","","false","unmanifested-review-required","","","Inventory is not rights approval. Unknown dimensions remain null; no originals are changed."
"source-5cf7ca279297302c86c1","unregistered.5cf7ca279297302c86c1","docs/qa/TASK-012/planner-fallback-default-1600x900.png","documentation-only","raster","image/png","png","228414","2b1abea3da8373fb743c394a75fd1e2965643d0ec93fa31a89435bc89a7ce0de","1600","900","1.777778","","false","false","1","srgb","","","","","unknown","","","unreviewed","unknown-review-required","false","false","0","[]","null","null","false","","","false","unmanifested-review-required","","","Inventory is not rights approval. Unknown dimensions remain null; no originals are changed."
"source-c93b1e6b0238cd2fa9c0","unregistered.c93b1e6b0238cd2fa9c0","docs/qa/TASK-012/planner-fallback-mobile-390x844.png","documentation-only","raster","image/png","png","95709","72d5e46bbcaed3e10f7671955698659b600f2fc9805e94bc48437b2f4e3a1925","390","844","0.462085","","false","false","1","srgb","","","","","unknown","","","unreviewed","unknown-review-required","false","false","0","[]","null","null","false","","","false","unmanifested-review-required","","","Inventory is not rights approval. Unknown dimensions remain null; no originals are changed."
"source-d390b13bbc8d8f438212","unregistered.d390b13bbc8d8f438212","docs/qa/TASK-012/planner-mapbox-compact-1024x768.png","documentation-only","raster","image/png","png","434939","26147db4125aad622bde1c80b30a4e5ee2aa48c63d64c8d90616aa87db7e434b","1024","768","1.333333","","false","false","1","srgb","","","","","unknown","","","unreviewed","unknown-review-required","false","false","0","[]","null","null","false","","","false","unmanifested-review-required","26147db4125aad622bde1c80b30a4e5ee2aa48c63d64c8d90616aa87db7e434b","","Inventory is not rights approval. Unknown dimensions remain null; no originals are changed."
"source-cded4e6a61f7aa2f2546","unregistered.cded4e6a61f7aa2f2546","docs/qa/TASK-012/planner-mapbox-default-1180x800.png","documentation-only","raster","image/png","png","497211","b7d80be8f4f6069d7c5dfa8de425eed774d119f034902255e44c79badbe32582","1180","800","1.475","","false","false","1","srgb","","","","","unknown","","","unreviewed","unknown-review-required","false","false","0","[]","null","null","false","","","false","unmanifested-review-required","b7d80be8f4f6069d7c5dfa8de425eed774d119f034902255e44c79badbe32582","","Inventory is not rights approval. Unknown dimensions remain null; no originals are changed."
"source-8667fd94e29f86deb984","unregistered.8667fd94e29f86deb984","docs/qa/TASK-012/planner-mapbox-default-1280x800.png","documentation-only","raster","image/png","png","481713","5ba97991b243def1f393ad3df3aa1c199385baa34cabbe457d932fa8c9ed8cc7","1280","800","1.6","","false","false","1","srgb","","","","","unknown","","","unreviewed","unknown-review-required","false","false","0","[]","null","null","false","","","false","unmanifested-review-required","5ba97991b243def1f393ad3df3aa1c199385baa34cabbe457d932fa8c9ed8cc7","","Inventory is not rights approval. Unknown dimensions remain null; no originals are changed."
"source-961de2eb1644b4a1db51","unregistered.961de2eb1644b4a1db51","docs/qa/TASK-012/planner-mapbox-default-1440x900.png","documentation-only","raster","image/png","png","553311","c1031ddcc7e0a9d626567f97b9e4605f46bb795fa45df5ccd0f7cb3df0cf71b2","1440","900","1.6","","false","false","1","srgb","","","","","unknown","","","unreviewed","unknown-review-required","false","false","0","[]","null","null","false","","","false","unmanifested-review-required","","","Inventory is not rights approval. Unknown dimensions remain null; no originals are changed."
"source-2c67096bf451f4982ec7","unregistered.2c67096bf451f4982ec7","docs/qa/TASK-012/planner-mapbox-default-1600x900.png","documentation-only","raster","image/png","png","599528","7199450b5e2814edb331abb620a19e0f767bbdebfc706124a54ee5fe76e2346a","1600","900","1.777778","","false","false","1","srgb","","","","","unknown","","","unreviewed","unknown-review-required","false","false","0","[]","null","null","false","","","false","unmanifested-review-required","7199450b5e2814edb331abb620a19e0f767bbdebfc706124a54ee5fe76e2346a","","Inventory is not rights approval. Unknown dimensions remain null; no originals are changed."
"source-167b06b7f017da236544","unregistered.167b06b7f017da236544","docs/qa/TASK-012/planner-mapbox-mobile-390x844.png","documentation-only","raster","image/png","png","306465","d02dd0e0cd2fd5d45ddadbaedd8b37f7d34e9569e8349966abeeb3eebbb239bb","390","844","0.462085","","false","false","1","srgb","","","","","unknown","","","unreviewed","unknown-review-required","false","false","0","[]","null","null","false","","","false","unmanifested-review-required","d02dd0e0cd2fd5d45ddadbaedd8b37f7d34e9569e8349966abeeb3eebbb239bb","","Inventory is not rights approval. Unknown dimensions remain null; no originals are changed."
"source-cf08cab7151e27295340","unregistered.cf08cab7151e27295340","docs/qa/TASK-012/planner-mobile-390x844.png","documentation-only","raster","image/png","png","306465","d02dd0e0cd2fd5d45ddadbaedd8b37f7d34e9569e8349966abeeb3eebbb239bb","390","844","0.462085","","false","false","1","srgb","","","","","unknown","","","unreviewed","unknown-review-required","false","false","0","[]","null","null","false","","","false","unmanifested-review-required","d02dd0e0cd2fd5d45ddadbaedd8b37f7d34e9569e8349966abeeb3eebbb239bb","","Inventory is not rights approval. Unknown dimensions remain null; no originals are changed."
"source-423b7eccee6119dbe1eb","unregistered.423b7eccee6119dbe1eb","docs/qa/TASK-012/planner-mobility-1440x900.png","documentation-only","raster","image/png","png","554220","35be61f195282424f3b836aadaffb5fdb2d4afe9da60eacf4b578d2742b98be3","1440","900","1.6","","false","false","1","srgb","","","","","unknown","","","unreviewed","unknown-review-required","false","false","0","[]","null","null","false","","","false","unmanifested-review-required","","","Inventory is not rights approval. Unknown dimensions remain null; no originals are changed."
"source-9727d683e0c263ad1087","unregistered.9727d683e0c263ad1087","docs/qa/TASK-012/planner-more-settings-1440x900.png","documentation-only","raster","image/png","png","369278","9ef944ec4030213a67788327fa3b1496e206088bd2ed5445b2822d76c7af9a3b","1440","900","1.6","","false","false","1","srgb","","","","","unknown","","","unreviewed","unknown-review-required","false","false","0","[]","null","null","false","","","false","unmanifested-review-required","","","Inventory is not rights approval. Unknown dimensions remain null; no originals are changed."
"source-912058c9ddee10515d53","unregistered.912058c9ddee10515d53","docs/qa/TASK-012/planner-stay-dining-1440x900.png","documentation-only","raster","image/png","png","550802","4e308da7095147eb822a2aa9a91b52086d1dbe869660d3ec06a56754b42b0f33","1440","900","1.6","","false","false","1","srgb","","","","","unknown","","","unreviewed","unknown-review-required","false","false","0","[]","null","null","false","","","false","unmanifested-review-required","","","Inventory is not rights approval. Unknown dimensions remain null; no originals are changed."
"source-f89ebe7502de6f467d32","unregistered.f89ebe7502de6f467d32","docs/qa/TASK-012/planner-three-days-1280x800.png","documentation-only","raster","image/png","png","510952","2996a85307bf5a4de46fa0294398b4679530000021b27fb9294b81f75fcdc7c6","1280","800","1.6","","false","false","1","srgb","","","","","unknown","","","unreviewed","unknown-review-required","false","false","0","[]","null","null","false","","","false","unmanifested-review-required","","","Inventory is not rights approval. Unknown dimensions remain null; no originals are changed."
"source-088f30cc4050299dac49","unregistered.088f30cc4050299dac49","docs/qa/TASK-012/planner-weather-1440x900.png","documentation-only","raster","image/png","png","551157","1889fd89ff257c2acb1dd211c95bcf3e8c31aba4537627f7e73cc145da2fc1b8","1440","900","1.6","","false","false","1","srgb","","","","","unknown","","","unreviewed","unknown-review-required","false","false","0","[]","null","null","false","","","false","unmanifested-review-required","","","Inventory is not rights approval. Unknown dimensions remain null; no originals are changed."
"source-36ab7f04df962017e9d4","unregistered.36ab7f04df962017e9d4","docs/qa/TASK-012/recommendations-after-1024.png","documentation-only","raster","image/png","png","27054","c788d56bf5ae06db381881a3d9ab93fc6116c0ed1add1f5fe7ab172d6d328a48","418","353","1.184136","","false","false","1","srgb","","","","","unknown","","","unreviewed","unknown-review-required","false","true","1","[{""sourceFile"":""docs/qa/TASK-012/recommendations-before-after.md"",""line"":12,""referenceType"":""markdown""}]","null","null","false","","","false","unmanifested-review-required","","","Inventory is not rights approval. Unknown dimensions remain null; no originals are changed."
"source-18dd1d6e983493262ebb","unregistered.18dd1d6e983493262ebb","docs/qa/TASK-012/recommendations-after-1180.png","documentation-only","raster","image/png","png","26518","3ac437b4ec2670cfd35c9058df2f9b9d26cfe73d5b27eb109133e3650ea3b3fd","418","369","1.132791","","false","false","1","srgb","","","","","unknown","","","unreviewed","unknown-review-required","false","true","1","[{""sourceFile"":""docs/qa/TASK-012/recommendations-before-after.md"",""line"":11,""referenceType"":""markdown""}]","null","null","false","","","false","unmanifested-review-required","","","Inventory is not rights approval. Unknown dimensions remain null; no originals are changed."
"source-e76d82a83a982b98e6e7","unregistered.e76d82a83a982b98e6e7","docs/qa/TASK-012/recommendations-after-1280.png","documentation-only","raster","image/png","png","24299","b302de3c6deca643e9d94ded482dc54f302edd77d3419ce7c0e36b055707ba76","319","366","0.871585","","false","false","1","srgb","","","","","unknown","","","unreviewed","unknown-review-required","false","true","1","[{""sourceFile"":""docs/qa/TASK-012/recommendations-before-after.md"",""line"":10,""referenceType"":""markdown""}]","null","null","false","","","false","unmanifested-review-required","","","Inventory is not rights approval. Unknown dimensions remain null; no originals are changed."
"source-5ace8fd49a963a7a7647","unregistered.5ace8fd49a963a7a7647","docs/qa/TASK-012/recommendations-after-1440.png","documentation-only","raster","image/png","png","27346","ae318bbb09b6e2e9fbc4138eadce5942fe415a4fc492ad71c635fbb084105070","359","416","0.862981","","false","false","1","srgb","","","","","unknown","","","unreviewed","unknown-review-required","false","true","1","[{""sourceFile"":""docs/qa/TASK-012/recommendations-before-after.md"",""line"":9,""referenceType"":""markdown""}]","null","null","false","","","false","unmanifested-review-required","","","Inventory is not rights approval. Unknown dimensions remain null; no originals are changed."
"source-8dc59f323603d2fd4198","unregistered.8dc59f323603d2fd4198","docs/qa/TASK-012/recommendations-after-1600.png","documentation-only","raster","image/png","png","27665","a73c1ede2d7bda0ec6b42134b219614bef403caa97c4a666a25a58af9da71ff8","399","416","0.959135","","false","false","1","srgb","","","","","unknown","","","unreviewed","unknown-review-required","false","true","1","[{""sourceFile"":""docs/qa/TASK-012/recommendations-before-after.md"",""line"":8,""referenceType"":""markdown""}]","null","null","false","","","false","unmanifested-review-required","","","Inventory is not rights approval. Unknown dimensions remain null; no originals are changed."
"source-6559af0eaeb9c248efe2","unregistered.6559af0eaeb9c248efe2","docs/qa/TASK-012/recommendations-after-390.png","documentation-only","raster","image/png","png","26125","8558802b67c4a4c799d0d6b7554fb75d3e7d9add167b859e60a884dfa19fb43b","388","391","0.992327","","false","false","1","srgb","","","","","unknown","","","unreviewed","unknown-review-required","false","true","1","[{""sourceFile"":""docs/qa/TASK-012/recommendations-before-after.md"",""line"":13,""referenceType"":""markdown""}]","null","null","false","","","false","unmanifested-review-required","","","Inventory is not rights approval. Unknown dimensions remain null; no originals are changed."
"source-3435136ca151315b91b6","unregistered.3435136ca151315b91b6","docs/qa/TASK-012/recommendations-before-1024.png","documentation-only","raster","image/png","png","29227","b638a4e00bb25ab2a189677525b6ab60b90af588ba6e8776bbc6be9eae99f8c8","418","353","1.184136","","false","false","1","srgb","","","","","unknown","","","unreviewed","unknown-review-required","false","true","1","[{""sourceFile"":""docs/qa/TASK-012/recommendations-before-after.md"",""line"":12,""referenceType"":""markdown""}]","null","null","false","","","false","unmanifested-review-required","","","Inventory is not rights approval. Unknown dimensions remain null; no originals are changed."
"source-772351d9bcbab4057ccb","unregistered.772351d9bcbab4057ccb","docs/qa/TASK-012/recommendations-before-1180.png","documentation-only","raster","image/png","png","29209","923d166efdc0f4fc20ef079f0fc3d95a94faa0cd02ca098c7ca6ef8b4b30e2eb","418","369","1.132791","","false","false","1","srgb","","","","","unknown","","","unreviewed","unknown-review-required","false","true","1","[{""sourceFile"":""docs/qa/TASK-012/recommendations-before-after.md"",""line"":11,""referenceType"":""markdown""}]","null","null","false","","","false","unmanifested-review-required","","","Inventory is not rights approval. Unknown dimensions remain null; no originals are changed."
"source-c0fb4f6df50d071dc68a","unregistered.c0fb4f6df50d071dc68a","docs/qa/TASK-012/recommendations-before-1280.png","documentation-only","raster","image/png","png","26742","31a00e414686ba6452f2c6bd55365a62aa2cc619632b7dd7b437736dbee0b922","319","366","0.871585","","false","false","1","srgb","","","","","unknown","","","unreviewed","unknown-review-required","false","true","1","[{""sourceFile"":""docs/qa/TASK-012/recommendations-before-after.md"",""line"":10,""referenceType"":""markdown""}]","null","null","false","","","false","unmanifested-review-required","","","Inventory is not rights approval. Unknown dimensions remain null; no originals are changed."
"source-24a38da1f8d462f569c5","unregistered.24a38da1f8d462f569c5","docs/qa/TASK-012/recommendations-before-1440.png","documentation-only","raster","image/png","png","29255","d0ef351a358b3fec7078188824152491fad044d9f18a6b4b99cdf5439eac9215","359","416","0.862981","","false","false","1","srgb","","","","","unknown","","","unreviewed","unknown-review-required","false","true","1","[{""sourceFile"":""docs/qa/TASK-012/recommendations-before-after.md"",""line"":9,""referenceType"":""markdown""}]","null","null","false","","","false","unmanifested-review-required","","","Inventory is not rights approval. Unknown dimensions remain null; no originals are changed."
"source-e95d9f9950e8dabd42a7","unregistered.e95d9f9950e8dabd42a7","docs/qa/TASK-012/recommendations-before-1600.png","documentation-only","raster","image/png","png","29673","1b24572c160b6719587a97a3720e9af0838ae51b612591c61ecf45b7c5e74ae9","399","416","0.959135","","false","false","1","srgb","","","","","unknown","","","unreviewed","unknown-review-required","false","true","1","[{""sourceFile"":""docs/qa/TASK-012/recommendations-before-after.md"",""line"":8,""referenceType"":""markdown""}]","null","null","false","","","false","unmanifested-review-required","","","Inventory is not rights approval. Unknown dimensions remain null; no originals are changed."
"source-0b8a2cef2f97730e24dc","unregistered.0b8a2cef2f97730e24dc","docs/qa/TASK-012/recommendations-before-390.png","documentation-only","raster","image/png","png","28252","33b531c591c54eec5063064caa8909af28cc78dc5f601325b216be272560a804","388","391","0.992327","","false","false","1","srgb","","","","","unknown","","","unreviewed","unknown-review-required","false","true","1","[{""sourceFile"":""docs/qa/TASK-012/recommendations-before-after.md"",""line"":13,""referenceType"":""markdown""}]","null","null","false","","","false","unmanifested-review-required","","","Inventory is not rights approval. Unknown dimensions remain null; no originals are changed."
"source-0043d28dbd2c8ced4ecc","destination.jp.fuji-hakone.placeholder.default.001","public/media/destinations/jp/fuji-hakone/placeholder-destination.svg","runtime-source","svg","image/svg+xml","svg","493","e6c7aada63373be350728a910338ae06603dbb14fb661672ffda3c17b01a2407","240","160","1.5","","true","false","","","destination-cluster","jp-fuji-hakone","placeholder","placeholder","TravelAssist-original","true","true","symbolic","approved","false","true","1","[{""sourceFile"":""docs/assets/catalog/asset-manifest.v1.json"",""line"":1,""referenceType"":""manifest""}]","{""x"":0.5,""y"":0.5}","null","false","","placeholder","false","vector-token-only","","","Inventory is not rights approval. Unknown dimensions remain null; no originals are changed."
"source-713789f2275914a00185","destination.jp.hokkaido.placeholder.default.001","public/media/destinations/jp/hokkaido/placeholder-destination.svg","runtime-source","svg","image/svg+xml","svg","554","120e69c30124350a944178ebe3eaa741e45b2b8b974f9d5eab8f5c9ec9409aee","240","160","1.5","","true","false","","","region","jp-hokkaido","placeholder","placeholder","TravelAssist-original","true","true","symbolic","approved","false","true","1","[{""sourceFile"":""docs/assets/catalog/asset-manifest.v1.json"",""line"":1,""referenceType"":""manifest""}]","{""x"":0.5,""y"":0.5}","null","false","","placeholder","false","vector-token-only","","","Inventory is not rights approval. Unknown dimensions remain null; no originals are changed."
"source-51d01c4fc7f88f0434ef","destination.jp.kyoto.placeholder.default.001","public/media/destinations/jp/kyoto/placeholder-destination.svg","runtime-source","svg","image/svg+xml","svg","441","44bb56455cf5a6a593b17c2e8e9128d3fe9945cf97b5e62cd154651ff6b03db0","240","160","1.5","","true","false","","","city","jp-kyoto","placeholder","placeholder","TravelAssist-original","true","true","symbolic","approved","false","true","1","[{""sourceFile"":""docs/assets/catalog/asset-manifest.v1.json"",""line"":1,""referenceType"":""manifest""}]","{""x"":0.5,""y"":0.5}","null","false","","placeholder","false","vector-token-only","","","Inventory is not rights approval. Unknown dimensions remain null; no originals are changed."
"source-95a041e52485b3ba7138","destination.jp.osaka.placeholder.default.001","public/media/destinations/jp/osaka/placeholder-destination.svg","runtime-source","svg","image/svg+xml","svg","509","8cc14e19de033abb58840f8231badaa558d40942f7ba24e9ba98354417e34159","240","160","1.5","","true","false","","","city","jp-osaka","placeholder","placeholder","TravelAssist-original","true","true","symbolic","approved","false","true","1","[{""sourceFile"":""docs/assets/catalog/asset-manifest.v1.json"",""line"":1,""referenceType"":""manifest""}]","{""x"":0.5,""y"":0.5}","null","false","","placeholder","false","vector-token-only","","","Inventory is not rights approval. Unknown dimensions remain null; no originals are changed."
"source-bbcb475c2c8450ab8ee6","destination.jp.tokyo.placeholder.default.001","public/media/destinations/jp/tokyo/placeholder-destination.svg","runtime-source","svg","image/svg+xml","svg","479","0bdb0fa1cfd48c3e5f5d315c1dd84a06d9846668f499d7f0538eb75f97ce6621","240","160","1.5","","true","false","","","city","jp-tokyo","placeholder","placeholder","TravelAssist-original","true","true","symbolic","approved","false","true","1","[{""sourceFile"":""docs/assets/catalog/asset-manifest.v1.json"",""line"":1,""referenceType"":""manifest""}]","{""x"":0.5,""y"":0.5}","null","false","","placeholder","false","vector-token-only","","","Inventory is not rights approval. Unknown dimensions remain null; no originals are changed."
"source-42595ada538e9b0ed962","unregistered.42595ada538e9b0ed962","public/media/home/home-hero-poster.webp","legacy-protected","raster","image/webp","webp","161854","7464b34430b89ea9c010242bed05156e374aff347d1d7875d5bedbb57c4a5466","1672","941","1.776833","","false","false","1","srgb","","","","","unknown","","","unreviewed","legacy_review_required","true","true","6","[{""sourceFile"":""docs/project/WBS-5.1-PERSONAL-CENTER-ASSET-AUDIT.md"",""line"":17,""referenceType"":""markdown""},{""sourceFile"":""docs/project/WBS-5.1-VISUAL-READINESS-RECHECK-2026-09-05.md"",""line"":45,""referenceType"":""markdown""},{""sourceFile"":""docs/tasks/TASK-WBS-5.1-b-personal-center-shell-navigation.md"",""line"":50,""referenceType"":""markdown""},{""sourceFile"":""docs/tasks/TASK-WBS-5.4-b-personal-center-generated-assets-integration.md"",""line"":265,""referenceType"":""markdown""},{""sourceFile"":""src/features/home/components/immersive-background.tsx"",""line"":8,""referenceType"":""import""},{""sourceFile"":""src/features/start-flow/start-flow.module.css"",""line"":1731,""referenceType"":""css-url""}]","null","null","false","","","false","unmanifested-review-required","","","Inventory is not rights approval. Unknown dimensions remain null; no originals are changed."
"source-26f9bcadf6fc6627a991","unregistered.26f9bcadf6fc6627a991","public/media/personal-center/avatar-yuki.webp","legacy-protected","raster","image/webp","webp","26954","5cf220847770b24bf2577f0a7914e44eb4bc537e6bd573ea089d24bf6e9ac9d1","512","512","1","","false","false","1","srgb","","","","","unknown","","","illustrative","legacy_review_required","true","true","5","[{""sourceFile"":""docs/assets/personal-center-generated-images-20260905.manifest.json"",""line"":128,""referenceType"":""literal""},{""sourceFile"":""docs/assets/personal-center-generated-images-20260905.manifest.json"",""line"":129,""referenceType"":""literal""},{""sourceFile"":""docs/tasks/RESULT-WBS-5.6-b-companion-management-ui.md"",""line"":87,""referenceType"":""markdown""},{""sourceFile"":""src/features/personal-center/constants/personal-navigation.ts"",""line"":36,""referenceType"":""literal""},{""sourceFile"":""src/features/profile/profile-account.tsx"",""line"":373,""referenceType"":""literal""}]","null","null","false","","","false","unmanifested-review-required","","","Inventory is not rights approval. Unknown dimensions remain null; no originals are changed."
"source-0f4843bec82b96de8efb","unregistered.0f4843bec82b96de8efb","public/media/personal-center/feature-card-discovery-bg.png","legacy-protected","raster","image/png","png","754981","97522a430f7e04c909693d0d3ff81d2d38e7aee3d2d75b5539ebab89ecc9af1a","1586","992","1.59879","","true","false","1","srgb","","","","","unknown","","","unreviewed","legacy_review_required","true","true","1","[{""sourceFile"":""src/features/personal-center/components/personal-home-preview.tsx"",""line"":174,""referenceType"":""literal""}]","null","null","false","","","false","unmanifested-review-required","97522a430f7e04c909693d0d3ff81d2d38e7aee3d2d75b5539ebab89ecc9af1a","","Inventory is not rights approval. Unknown dimensions remain null; no originals are changed."
"source-029d9b1db44b519b2103","unregistered.029d9b1db44b519b2103","public/media/personal-center/feature-card-favorites-bg.png","legacy-protected","raster","image/png","png","862698","09b3305b23133498753548fb6109b8e92def2adec87e7e44698412f6467a9d7c","1586","992","1.59879","","true","false","1","srgb","","","","","unknown","","","unreviewed","legacy_review_required","true","true","1","[{""sourceFile"":""src/features/personal-center/components/personal-home-preview.tsx"",""line"":157,""referenceType"":""literal""}]","null","null","false","","","false","unmanifested-review-required","09b3305b23133498753548fb6109b8e92def2adec87e7e44698412f6467a9d7c","","Inventory is not rights approval. Unknown dimensions remain null; no originals are changed."
"source-e25b01b032563fcfd0e0","unregistered.e25b01b032563fcfd0e0","public/media/personal-center/feature-card-inspiration-bg.png","legacy-protected","raster","image/png","png","787093","789015dd5243695535269658dd71becc67ee9b3b7c116baeed7c5c0f5a068472","1586","992","1.59879","","true","false","1","srgb","","","","","unknown","","","unreviewed","legacy_review_required","true","true","1","[{""sourceFile"":""src/features/personal-center/components/personal-home-preview.tsx"",""line"":140,""referenceType"":""literal""}]","null","null","false","","","false","unmanifested-review-required","789015dd5243695535269658dd71becc67ee9b3b7c116baeed7c5c0f5a068472","","Inventory is not rights approval. Unknown dimensions remain null; no originals are changed."
"source-7fe7de47280956e597fd","unregistered.7fe7de47280956e597fd","public/media/personal-center/hero-kyoto-sakura.webp","legacy-protected","raster","image/webp","webp","260124","6ebc721fbb86fa87d4e4c2f3ab4d5fbe08ec80e5c8eb83c86d45305fcbe37f16","1920","800","2.4","","false","false","1","srgb","","","","","unknown","","","illustrative","legacy_review_required","true","true","8","[{""sourceFile"":""docs/assets/personal-center-generated-images-20260905.manifest.json"",""line"":16,""referenceType"":""literal""},{""sourceFile"":""docs/assets/personal-center-generated-images-20260905.manifest.json"",""line"":17,""referenceType"":""literal""},{""sourceFile"":""docs/assets/personal-center-generated-images-20260905.md"",""line"":56,""referenceType"":""markdown""},{""sourceFile"":""docs/tasks/RESULT-WBS-5.10-b-trip-library-ui.md"",""line"":91,""referenceType"":""markdown""},{""sourceFile"":""src/features/personal-center/components/personal-home-preview.tsx"",""line"":36,""referenceType"":""literal""},{""sourceFile"":""src/features/trip-library/trip-library-data.ts"",""line"":36,""referenceType"":""literal""},{""sourceFile"":""src/features/trip-library/trip-library-data.ts"",""line"":115,""referenceType"":""literal""},{""sourceFile"":""src/features/trip-library/trip-library-data.ts"",""line"":222,""referenceType"":""literal""}]","null","null","false","","","false","unmanifested-review-required","6ebc721fbb86fa87d4e4c2f3ab4d5fbe08ec80e5c8eb83c86d45305fcbe37f16","","Inventory is not rights approval. Unknown dimensions remain null; no originals are changed."
"source-b643d8ce008aa6795c07","unregistered.b643d8ce008aa6795c07","public/media/personal-center/personal-center-corner-decorations.png","legacy-protected","raster","image/png","png","842024","1c07b9e5de4b850234bb9ced20c59e6f87ac785792c2284faf94989735be3161","1672","941","1.776833","","true","false","1","srgb","","","","","unknown","","","unreviewed","legacy_review_required","true","true","1","[{""sourceFile"":""src/features/personal-center/personal-center.module.css"",""line"":291,""referenceType"":""css-url""}]","null","null","false","","","false","unmanifested-review-required","","","Inventory is not rights approval. Unknown dimensions remain null; no originals are changed."
"source-6956a45ec95002355129","unregistered.6956a45ec95002355129","public/media/personal-center/personal-center-surface-texture-v2.png","legacy-protected","raster","image/png","png","1744127","a4fdd9052cb4e5929a5ace181627e4f570741e36762d0cccacbb2fd90251ea6a","1672","941","1.776833","","false","false","1","srgb","","","","","unknown","","","unreviewed","legacy_review_required","true","true","2","[{""sourceFile"":""src/features/personal-center/personal-center.module.css"",""line"":278,""referenceType"":""css-url""},{""sourceFile"":""src/features/personal-center/personal-center.module.css"",""line"":887,""referenceType"":""css-url""}]","null","null","false","","","false","unmanifested-review-required","","","Inventory is not rights approval. Unknown dimensions remain null; no originals are changed."
"source-bb46ddedce97ddd61e8e","unregistered.bb46ddedce97ddd61e8e","public/media/personal-center/personal-center-surface-texture.svg","legacy-protected","svg","image/svg+xml","svg","2873","52518d86035b56491368060af555719286769f60eb0dc32f1ccad07225466fff","1920","1080","1.777778","","true","false","","","","","","","unknown","","","unreviewed","legacy_review_required","true","true","7","[{""sourceFile"":""assets/design/personal-center/README.md"",""line"":10,""referenceType"":""markdown""},{""sourceFile"":""docs/project/WBS-5.1-ASSET-SYNC.md"",""line"":21,""referenceType"":""markdown""},{""sourceFile"":""docs/project/WBS-5.1-PERSONAL-CENTER-ASSET-AUDIT.md"",""line"":25,""referenceType"":""markdown""},{""sourceFile"":""docs/tasks/CODEX-WBS-5.1-VISUAL-POLISH-2026-09-05.md"",""line"":58,""referenceType"":""markdown""},{""sourceFile"":""docs/tasks/RESULT-WBS-5.1-b-personal-center-assets.md"",""line"":28,""referenceType"":""markdown""},{""sourceFile"":""public/media/personal-center/README.md"",""line"":8,""referenceType"":""markdown""},{""sourceFile"":""public/media/personal-center/README.md"",""line"":16,""referenceType"":""markdown""}]","null","null","false","","","false","unmanifested-review-required","52518d86035b56491368060af555719286769f60eb0dc32f1ccad07225466fff","","Inventory is not rights approval. Unknown dimensions remain null; no originals are changed."
"source-cd98d5db03c543a68943","unregistered.cd98d5db03c543a68943","public/media/personal-center/photoreal-v3/feature-card-discovery-photo.png","legacy-protected","raster","image/png","png","250339","6c3b79f48041442632773297796305739b7c6cfbcdfd0b3543d5d44bc3ae48a8","800","400","2","","true","false","1","srgb","","","","","unknown","","","illustrative","legacy_review_required","true","true","4","[{""sourceFile"":""assets/design/personal-center/photoreal-v3/asset-manifest.json"",""line"":127,""referenceType"":""literal""},{""sourceFile"":""assets/design/personal-center/photoreal-v3/asset-manifest.json"",""line"":128,""referenceType"":""literal""},{""sourceFile"":""docs/project/WBS-5.1-VISUAL-ASSET-MANIFEST-PHOTOREAL-V3.md"",""line"":132,""referenceType"":""markdown""},{""sourceFile"":""docs/project/WBS-5.1-VISUAL-ASSET-MANIFEST-PHOTOREAL-V3.md"",""line"":133,""referenceType"":""markdown""}]","null","null","false","","","false","unmanifested-review-required","","","Inventory is not rights approval. Unknown dimensions remain null; no originals are changed."
"source-3f124e3a4155f83ca1f1","unregistered.3f124e3a4155f83ca1f1","public/media/personal-center/photoreal-v3/feature-card-favorites-photo.png","legacy-protected","raster","image/png","png","205935","eb1fb65a0d13fdf2a8ff8bc9ecf33afdf6fcdea51c171206a53ad438c5e21d9b","800","400","2","","true","false","1","srgb","","","","","unknown","","","illustrative","legacy_review_required","true","true","4","[{""sourceFile"":""assets/design/personal-center/photoreal-v3/asset-manifest.json"",""line"":107,""referenceType"":""literal""},{""sourceFile"":""assets/design/personal-center/photoreal-v3/asset-manifest.json"",""line"":108,""referenceType"":""literal""},{""sourceFile"":""docs/project/WBS-5.1-VISUAL-ASSET-MANIFEST-PHOTOREAL-V3.md"",""line"":118,""referenceType"":""markdown""},{""sourceFile"":""docs/project/WBS-5.1-VISUAL-ASSET-MANIFEST-PHOTOREAL-V3.md"",""line"":119,""referenceType"":""markdown""}]","null","null","false","","","false","unmanifested-review-required","","","Inventory is not rights approval. Unknown dimensions remain null; no originals are changed."
"source-803a4787085ccfd35028","unregistered.803a4787085ccfd35028","public/media/personal-center/photoreal-v3/feature-card-inspiration-photo.png","legacy-protected","raster","image/png","png","170559","aed915cc75cce36f51fde8830a6259756f2f14a1fe6c4c12defea1bbfaffee2c","800","400","2","","true","false","1","srgb","","","","","unknown","","","illustrative","legacy_review_required","true","true","4","[{""sourceFile"":""assets/design/personal-center/photoreal-v3/asset-manifest.json"",""line"":87,""referenceType"":""literal""},{""sourceFile"":""assets/design/personal-center/photoreal-v3/asset-manifest.json"",""line"":88,""referenceType"":""literal""},{""sourceFile"":""docs/project/WBS-5.1-VISUAL-ASSET-MANIFEST-PHOTOREAL-V3.md"",""line"":104,""referenceType"":""markdown""},{""sourceFile"":""docs/project/WBS-5.1-VISUAL-ASSET-MANIFEST-PHOTOREAL-V3.md"",""line"":105,""referenceType"":""markdown""}]","null","null","false","","","false","unmanifested-review-required","","","Inventory is not rights approval. Unknown dimensions remain null; no originals are changed."
"source-02942a3c6497a338c352","unregistered.02942a3c6497a338c352","public/media/personal-center/photoreal-v3/personal-center-paper-surface.webp","legacy-protected","raster","image/webp","webp","15364","39052b4e8d705ee278119c83720e67a84f16604ecea3f4d9da6f098dfd192f2c","1920","1080","1.777778","","false","false","1","srgb","","","","","unknown","","","illustrative","legacy_review_required","true","true","4","[{""sourceFile"":""assets/design/personal-center/photoreal-v3/asset-manifest.json"",""line"":27,""referenceType"":""literal""},{""sourceFile"":""assets/design/personal-center/photoreal-v3/asset-manifest.json"",""line"":28,""referenceType"":""literal""},{""sourceFile"":""docs/project/WBS-5.1-VISUAL-ASSET-MANIFEST-PHOTOREAL-V3.md"",""line"":62,""referenceType"":""markdown""},{""sourceFile"":""docs/project/WBS-5.1-VISUAL-ASSET-MANIFEST-PHOTOREAL-V3.md"",""line"":63,""referenceType"":""markdown""}]","null","null","false","","","false","unmanifested-review-required","","","Inventory is not rights approval. Unknown dimensions remain null; no originals are changed."
"source-ee731afd1ea41c80fc94","unregistered.ee731afd1ea41c80fc94","public/media/personal-center/photoreal-v3/personal-center-photo-corners.png","legacy-protected","raster","image/png","png","492801","1b83f69b40c888576275ee461b1687f20f584dde873f6d10d4bedac8edb271d2","1920","1080","1.777778","","true","false","1","srgb","","","","","unknown","","","illustrative","legacy_review_required","true","true","4","[{""sourceFile"":""assets/design/personal-center/photoreal-v3/asset-manifest.json"",""line"":67,""referenceType"":""literal""},{""sourceFile"":""assets/design/personal-center/photoreal-v3/asset-manifest.json"",""line"":68,""referenceType"":""literal""},{""sourceFile"":""docs/project/WBS-5.1-VISUAL-ASSET-MANIFEST-PHOTOREAL-V3.md"",""line"":90,""referenceType"":""markdown""},{""sourceFile"":""docs/project/WBS-5.1-VISUAL-ASSET-MANIFEST-PHOTOREAL-V3.md"",""line"":91,""referenceType"":""markdown""}]","null","null","false","","","false","unmanifested-review-required","","","Inventory is not rights approval. Unknown dimensions remain null; no originals are changed."
"source-9a20c4c63abc70ca25eb","unregistered.9a20c4c63abc70ca25eb","public/media/personal-center/photoreal-v3/sidebar-sakura-photo-overlay.png","legacy-protected","raster","image/png","png","695623","b5d66613d15013944baee412ae09fd3a819c86d7b48d3b9f1ec36152363dbaa3","960","640","1.5","","true","false","1","srgb","","","","","unknown","","","illustrative","legacy_review_required","true","true","4","[{""sourceFile"":""assets/design/personal-center/photoreal-v3/asset-manifest.json"",""line"":47,""referenceType"":""literal""},{""sourceFile"":""assets/design/personal-center/photoreal-v3/asset-manifest.json"",""line"":48,""referenceType"":""literal""},{""sourceFile"":""docs/project/WBS-5.1-VISUAL-ASSET-MANIFEST-PHOTOREAL-V3.md"",""line"":76,""referenceType"":""markdown""},{""sourceFile"":""docs/project/WBS-5.1-VISUAL-ASSET-MANIFEST-PHOTOREAL-V3.md"",""line"":77,""referenceType"":""markdown""}]","null","null","false","","","false","unmanifested-review-required","","","Inventory is not rights approval. Unknown dimensions remain null; no originals are changed."
"source-98bf9a89ce4ab3f07bf1","unregistered.98bf9a89ce4ab3f07bf1","public/media/personal-center/photoreal-v3/sidebar-torii-photo.webp","legacy-protected","raster","image/webp","webp","248966","ab1a6f7c7e10b40a0bf50f1b219cc8d47c5c2fcb1ba1f295ac397900a4e84739","960","960","1","","false","false","1","srgb","","","","","unknown","","","illustrative","legacy_review_required","true","true","4","[{""sourceFile"":""assets/design/personal-center/photoreal-v3/asset-manifest.json"",""line"":7,""referenceType"":""literal""},{""sourceFile"":""assets/design/personal-center/photoreal-v3/asset-manifest.json"",""line"":8,""referenceType"":""literal""},{""sourceFile"":""docs/project/WBS-5.1-VISUAL-ASSET-MANIFEST-PHOTOREAL-V3.md"",""line"":48,""referenceType"":""markdown""},{""sourceFile"":""docs/project/WBS-5.1-VISUAL-ASSET-MANIFEST-PHOTOREAL-V3.md"",""line"":49,""referenceType"":""markdown""}]","null","null","false","","","false","unmanifested-review-required","ab1a6f7c7e10b40a0bf50f1b219cc8d47c5c2fcb1ba1f295ac397900a4e84739","","Inventory is not rights approval. Unknown dimensions remain null; no originals are changed."
"source-8af6457c944da19b067e","unregistered.8af6457c944da19b067e","public/media/personal-center/preferences/category-accommodation.webp","legacy-protected","raster","image/webp","webp","248966","ab1a6f7c7e10b40a0bf50f1b219cc8d47c5c2fcb1ba1f295ac397900a4e84739","960","960","1","","false","false","1","srgb","","","","","unknown","","","unreviewed","legacy_review_required","true","true","5","[{""sourceFile"":""docs/tasks/RESULT-WBS-5.9-b-dining-accommodation-budget-ui.md"",""line"":77,""referenceType"":""markdown""},{""sourceFile"":""docs/tasks/RESULT-WBS-5.9-b-dining-accommodation-budget-ui.md"",""line"":79,""referenceType"":""markdown""},{""sourceFile"":""docs/tasks/TASK-WBS-5.9-b-dining-accommodation-budget-ui.md"",""line"":267,""referenceType"":""markdown""},{""sourceFile"":""src/features/preferences/dining-accommodation-budget-preference-page.tsx"",""line"":612,""referenceType"":""literal""},{""sourceFile"":""src/features/preferences/preference-model.ts"",""line"":88,""referenceType"":""literal""}]","null","null","false","","","false","unmanifested-review-required","ab1a6f7c7e10b40a0bf50f1b219cc8d47c5c2fcb1ba1f295ac397900a4e84739","","Inventory is not rights approval. Unknown dimensions remain null; no originals are changed."
"source-6cdb0eaef9a57167b4ed","unregistered.6cdb0eaef9a57167b4ed","public/media/personal-center/preferences/category-attractions.webp","legacy-protected","raster","image/webp","webp","255414","596e527b6349756947c5ee7a117977fb8c299c11e421d5d2ef92e29e2e4c425e","1200","720","1.666667","","false","false","1","srgb","","","","","unknown","","","unreviewed","legacy_review_required","true","true","4","[{""sourceFile"":""docs/tasks/RESULT-WBS-5.8-b-attraction-activity-preference-ui.md"",""line"":59,""referenceType"":""markdown""},{""sourceFile"":""docs/tasks/RESULT-WBS-5.8-b-attraction-activity-preference-ui.md"",""line"":60,""referenceType"":""markdown""},{""sourceFile"":""src/features/preferences/attraction-activity-preference-page.tsx"",""line"":121,""referenceType"":""literal""},{""sourceFile"":""src/features/preferences/preference-model.ts"",""line"":72,""referenceType"":""literal""}]","null","null","false","","","false","unmanifested-review-required","596e527b6349756947c5ee7a117977fb8c299c11e421d5d2ef92e29e2e4c425e","","Inventory is not rights approval. Unknown dimensions remain null; no originals are changed."
"source-1b04a3ae6fba31881272","unregistered.1b04a3ae6fba31881272","public/media/personal-center/preferences/category-budget.png","legacy-protected","raster","image/png","png","787093","789015dd5243695535269658dd71becc67ee9b3b7c116baeed7c5c0f5a068472","1586","992","1.59879","","true","false","1","srgb","","","","","unknown","","","unreviewed","legacy_review_required","true","true","5","[{""sourceFile"":""docs/tasks/RESULT-WBS-5.9-b-dining-accommodation-budget-ui.md"",""line"":78,""referenceType"":""markdown""},{""sourceFile"":""docs/tasks/RESULT-WBS-5.9-b-dining-accommodation-budget-ui.md"",""line"":79,""referenceType"":""markdown""},{""sourceFile"":""docs/tasks/TASK-WBS-5.9-b-dining-accommodation-budget-ui.md"",""line"":268,""referenceType"":""markdown""},{""sourceFile"":""src/features/preferences/dining-accommodation-budget-preference-page.tsx"",""line"":665,""referenceType"":""literal""},{""sourceFile"":""src/features/preferences/preference-model.ts"",""line"":96,""referenceType"":""literal""}]","null","null","false","","","false","unmanifested-review-required","789015dd5243695535269658dd71becc67ee9b3b7c116baeed7c5c0f5a068472","","Inventory is not rights approval. Unknown dimensions remain null; no originals are changed."
"source-5694521a352aabb7ad2a","unregistered.5694521a352aabb7ad2a","public/media/personal-center/preferences/category-dining.png","legacy-protected","raster","image/png","png","862698","09b3305b23133498753548fb6109b8e92def2adec87e7e44698412f6467a9d7c","1586","992","1.59879","","true","false","1","srgb","","","","","unknown","","","unreviewed","legacy_review_required","true","true","5","[{""sourceFile"":""docs/tasks/RESULT-WBS-5.9-b-dining-accommodation-budget-ui.md"",""line"":76,""referenceType"":""markdown""},{""sourceFile"":""docs/tasks/RESULT-WBS-5.9-b-dining-accommodation-budget-ui.md"",""line"":79,""referenceType"":""markdown""},{""sourceFile"":""docs/tasks/TASK-WBS-5.9-b-dining-accommodation-budget-ui.md"",""line"":266,""referenceType"":""markdown""},{""sourceFile"":""src/features/preferences/dining-accommodation-budget-preference-page.tsx"",""line"":507,""referenceType"":""literal""},{""sourceFile"":""src/features/preferences/preference-model.ts"",""line"":80,""referenceType"":""literal""}]","null","null","false","","","false","unmanifested-review-required","09b3305b23133498753548fb6109b8e92def2adec87e7e44698412f6467a9d7c","","Inventory is not rights approval. Unknown dimensions remain null; no originals are changed."
"source-0c1d05f5a38d6dcfde0d","unregistered.0c1d05f5a38d6dcfde0d","public/media/personal-center/preferences/category-experience.png","legacy-protected","raster","image/png","png","754981","97522a430f7e04c909693d0d3ff81d2d38e7aee3d2d75b5539ebab89ecc9af1a","1586","992","1.59879","","true","false","1","srgb","","","","","unknown","","","unreviewed","legacy_review_required","true","true","1","[{""sourceFile"":""src/features/preferences/preference-model.ts"",""line"":104,""referenceType"":""literal""}]","null","null","false","","","false","unmanifested-review-required","97522a430f7e04c909693d0d3ff81d2d38e7aee3d2d75b5539ebab89ecc9af1a","","Inventory is not rights approval. Unknown dimensions remain null; no originals are changed."
"source-d25be238504e69efd23c","unregistered.d25be238504e69efd23c","public/media/personal-center/preferences/category-mobility.webp","legacy-protected","raster","image/webp","webp","217820","ddabb9b60a00e523475b90ed71ce18a2cb2136d201662c17c60124c6591e7af2","1200","720","1.666667","","false","false","1","srgb","","","","","unknown","","","unreviewed","legacy_review_required","true","true","2","[{""sourceFile"":""src/features/preferences/mobility-preference-page.tsx"",""line"":146,""referenceType"":""literal""},{""sourceFile"":""src/features/preferences/preference-model.ts"",""line"":64,""referenceType"":""literal""}]","null","null","false","","","false","unmanifested-review-required","ddabb9b60a00e523475b90ed71ce18a2cb2136d201662c17c60124c6591e7af2","","Inventory is not rights approval. Unknown dimensions remain null; no originals are changed."
"source-5399b3f0b0d0654af5a4","unregistered.5399b3f0b0d0654af5a4","public/media/personal-center/preferences/radar-attractions.webp","legacy-protected","raster","image/webp","webp","220920","ab91f8091ae903b882f5e5cfe9d0fc9418bed4ff1a3473c06dfa43c03b2c1d2e","1200","720","1.666667","","false","false","1","srgb","","","","","unknown","","","unreviewed","legacy_review_required","true","true","1","[{""sourceFile"":""src/features/preferences/preference-center.tsx"",""line"":70,""referenceType"":""literal""}]","null","null","false","","","false","unmanifested-review-required","ab91f8091ae903b882f5e5cfe9d0fc9418bed4ff1a3473c06dfa43c03b2c1d2e","","Inventory is not rights approval. Unknown dimensions remain null; no originals are changed."
"source-34259c73ce41d4ebac0c","unregistered.34259c73ce41d4ebac0c","public/media/personal-center/preferences/radar-travel-style.webp","legacy-protected","raster","image/webp","webp","260124","6ebc721fbb86fa87d4e4c2f3ab4d5fbe08ec80e5c8eb83c86d45305fcbe37f16","1920","800","2.4","","false","false","1","srgb","","","","","unknown","","","unreviewed","legacy_review_required","true","true","1","[{""sourceFile"":""src/features/preferences/preference-center.tsx"",""line"":78,""referenceType"":""literal""}]","null","null","false","","","false","unmanifested-review-required","6ebc721fbb86fa87d4e4c2f3ab4d5fbe08ec80e5c8eb83c86d45305fcbe37f16","","Inventory is not rights approval. Unknown dimensions remain null; no originals are changed."
"source-1aca142b81cd1da70623","unregistered.1aca142b81cd1da70623","public/media/personal-center/sidebar-shell-ornament-top.png","legacy-protected","raster","image/png","png","473655","636f694bbf9b00e1e2b4cda76473152c81e2f22164d1c0db8d37c990797d7bc5","2172","724","3","","true","false","1","srgb","","","","","unknown","","","unreviewed","legacy_review_required","true","true","1","[{""sourceFile"":""src/features/personal-center/components/personal-sidebar.tsx"",""line"":153,""referenceType"":""literal""}]","null","null","false","","","false","unmanifested-review-required","","","Inventory is not rights approval. Unknown dimensions remain null; no originals are changed."
"source-38f3e0576c2339421844","unregistered.38f3e0576c2339421844","public/media/personal-center/sidebar-torii-watercolor-v2.png","legacy-protected","raster","image/png","png","2158754","34085fa2c1154a95a9b6ecab9c834d405237392bfc60d1f1470f233c57ce8630","1448","1086","1.333333","","false","false","1","srgb","","","","","unknown","","","unreviewed","legacy_review_required","true","true","1","[{""sourceFile"":""src/features/personal-center/components/personal-sidebar.tsx"",""line"":197,""referenceType"":""literal""}]","null","null","false","","","false","unmanifested-review-required","","","Inventory is not rights approval. Unknown dimensions remain null; no originals are changed."
"source-2e653e889a52df59f4aa","unregistered.2e653e889a52df59f4aa","public/media/personal-center/sidebar-torii-watercolor.svg","legacy-protected","svg","image/svg+xml","svg","5036","84b43f75a665d654588de980c8e4699df69ca67a7d492ff1ef09fdb0b3ae0787","1200","800","1.5","","true","false","","","","","","","unknown","","","unreviewed","legacy_review_required","true","true","5","[{""sourceFile"":""assets/design/personal-center/README.md"",""line"":9,""referenceType"":""markdown""},{""sourceFile"":""docs/project/WBS-5.1-ASSET-SYNC.md"",""line"":16,""referenceType"":""markdown""},{""sourceFile"":""docs/project/WBS-5.1-PERSONAL-CENTER-ASSET-AUDIT.md"",""line"":15,""referenceType"":""markdown""},{""sourceFile"":""docs/tasks/RESULT-WBS-5.1-b-personal-center-assets.md"",""line"":23,""referenceType"":""markdown""},{""sourceFile"":""public/media/personal-center/README.md"",""line"":7,""referenceType"":""markdown""}]","null","null","false","","","false","unmanifested-review-required","","","Inventory is not rights approval. Unknown dimensions remain null; no originals are changed."
"source-fd45b196757ad78f937f","unregistered.fd45b196757ad78f937f","public/media/personal-center/travelassist-logo-torii.png","legacy-protected","raster","image/png","png","323826","2d77515ed32540048641fee1e12fe7149a5f0619cfd6ca6d11886e592679749a","2172","724","3","","true","false","1","srgb","","","","","unknown","","","illustrative","legacy_review_required","true","true","4","[{""sourceFile"":""docs/assets/personal-center-generated-images-20260905.manifest.json"",""line"":156,""referenceType"":""literal""},{""sourceFile"":""docs/assets/personal-center-generated-images-20260905.manifest.json"",""line"":157,""referenceType"":""literal""},{""sourceFile"":""src/features/personal-center/components/personal-sidebar.tsx"",""line"":131,""referenceType"":""literal""},{""sourceFile"":""src/features/personal-center/components/personal-sidebar.tsx"",""line"":167,""referenceType"":""literal""}]","null","null","false","","","false","unmanifested-review-required","2d77515ed32540048641fee1e12fe7149a5f0619cfd6ca6d11886e592679749a","","Inventory is not rights approval. Unknown dimensions remain null; no originals are changed."
"source-db8ad650ca318224a0ed","unregistered.db8ad650ca318224a0ed","public/media/personal-center/trip-hokkaido-winter.webp","legacy-protected","raster","image/webp","webp","217820","ddabb9b60a00e523475b90ed71ce18a2cb2136d201662c17c60124c6591e7af2","1200","720","1.666667","","false","false","1","srgb","","","","","unknown","","","illustrative","legacy_review_required","true","true","8","[{""sourceFile"":""docs/assets/personal-center-generated-images-20260905.manifest.json"",""line"":100,""referenceType"":""literal""},{""sourceFile"":""docs/assets/personal-center-generated-images-20260905.manifest.json"",""line"":101,""referenceType"":""literal""},{""sourceFile"":""docs/tasks/RESULT-WBS-5.10-b-trip-library-ui.md"",""line"":91,""referenceType"":""markdown""},{""sourceFile"":""src/features/personal-center/components/personal-home-preview.tsx"",""line"":31,""referenceType"":""literal""},{""sourceFile"":""src/features/trip-library/trip-library-data.ts"",""line"":78,""referenceType"":""literal""},{""sourceFile"":""src/features/trip-library/trip-library-data.ts"",""line"":131,""referenceType"":""literal""},{""sourceFile"":""src/features/trip-library/trip-library-data.ts"",""line"":214,""referenceType"":""literal""},{""sourceFile"":""src/features/trip-library/trip-library-data.ts"",""line"":230,""referenceType"":""literal""}]","null","null","false","","","false","unmanifested-review-required","ddabb9b60a00e523475b90ed71ce18a2cb2136d201662c17c60124c6591e7af2","","Inventory is not rights approval. Unknown dimensions remain null; no originals are changed."
"source-a043dcc6e416c788af7a","unregistered.a043dcc6e416c788af7a","public/media/personal-center/trip-kyoto-gion.webp","legacy-protected","raster","image/webp","webp","255414","596e527b6349756947c5ee7a117977fb8c299c11e421d5d2ef92e29e2e4c425e","1200","720","1.666667","","false","false","1","srgb","","","","","unknown","","","illustrative","legacy_review_required","true","true","6","[{""sourceFile"":""docs/assets/personal-center-generated-images-20260905.manifest.json"",""line"":44,""referenceType"":""literal""},{""sourceFile"":""docs/assets/personal-center-generated-images-20260905.manifest.json"",""line"":45,""referenceType"":""literal""},{""sourceFile"":""docs/tasks/RESULT-WBS-5.10-b-trip-library-ui.md"",""line"":91,""referenceType"":""markdown""},{""sourceFile"":""src/features/personal-center/components/personal-home-preview.tsx"",""line"":15,""referenceType"":""literal""},{""sourceFile"":""src/features/trip-library/trip-library-data.ts"",""line"":177,""referenceType"":""literal""},{""sourceFile"":""src/features/trip-library/trip-library-data.ts"",""line"":198,""referenceType"":""literal""}]","null","null","false","","","false","unmanifested-review-required","596e527b6349756947c5ee7a117977fb8c299c11e421d5d2ef92e29e2e4c425e","","Inventory is not rights approval. Unknown dimensions remain null; no originals are changed."
"source-31ef14efe05d49282824","unregistered.31ef14efe05d49282824","public/media/personal-center/trip-osaka-castle.webp","legacy-protected","raster","image/webp","webp","220920","ab91f8091ae903b882f5e5cfe9d0fc9418bed4ff1a3473c06dfa43c03b2c1d2e","1200","720","1.666667","","false","false","1","srgb","","","","","unknown","","","illustrative","legacy_review_required","true","true","8","[{""sourceFile"":""docs/assets/personal-center-generated-images-20260905.manifest.json"",""line"":72,""referenceType"":""literal""},{""sourceFile"":""docs/assets/personal-center-generated-images-20260905.manifest.json"",""line"":73,""referenceType"":""literal""},{""sourceFile"":""docs/tasks/RESULT-WBS-5.10-b-trip-library-ui.md"",""line"":91,""referenceType"":""markdown""},{""sourceFile"":""src/features/personal-center/components/personal-home-preview.tsx"",""line"":23,""referenceType"":""literal""},{""sourceFile"":""src/features/trip-library/trip-library-data.ts"",""line"":57,""referenceType"":""literal""},{""sourceFile"":""src/features/trip-library/trip-library-data.ts"",""line"":102,""referenceType"":""literal""},{""sourceFile"":""src/features/trip-library/trip-library-data.ts"",""line"":154,""referenceType"":""literal""},{""sourceFile"":""src/features/trip-library/trip-library-data.ts"",""line"":206,""referenceType"":""literal""}]","null","null","false","","","false","unmanifested-review-required","ab91f8091ae903b882f5e5cfe9d0fc9418bed4ff1a3473c06dfa43c03b2c1d2e","","Inventory is not rights approval. Unknown dimensions remain null; no originals are changed."
"source-64ef460712c4a177f327","shared.global.map-markers.activity.default.001","public/media/shared/map-markers/marker-activity.svg","runtime-source","svg","image/svg+xml","svg","369","96c844bcf010b73915f8d60cf6e33b60041b5db455b3b3dc9c30e361cb7a6809","32","40","0.8","","true","false","","","category","activity","map_marker","brand_owned","TravelAssist-original","true","true","symbolic","approved","false","true","1","[{""sourceFile"":""docs/assets/catalog/asset-manifest.v1.json"",""line"":1,""referenceType"":""manifest""}]","{""x"":0.5,""y"":0.5}","null","false","","map_marker","false","vector-token-only","","","Inventory is not rights approval. Unknown dimensions remain null; no originals are changed."
"source-2202c2b95b2eb40d1bd5","shared.global.map-markers.cluster.default.001","public/media/shared/map-markers/marker-cluster.svg","runtime-source","svg","image/svg+xml","svg","413","66859373ed0132277c057b60b521b4b9a2e398ff4c5334c4e34444edd19fb3e0","32","40","0.8","","true","false","","","category","cluster","map_marker","brand_owned","TravelAssist-original","true","true","symbolic","approved","false","true","1","[{""sourceFile"":""docs/assets/catalog/asset-manifest.v1.json"",""line"":1,""referenceType"":""manifest""}]","{""x"":0.5,""y"":0.5}","null","false","","map_marker","false","vector-token-only","","","Inventory is not rights approval. Unknown dimensions remain null; no originals are changed."
"source-28e02096b35142bc74cc","shared.global.map-markers.default.default.001","public/media/shared/map-markers/marker-default.svg","runtime-source","svg","image/svg+xml","svg","354","47786c946eca0d49c4aada482ee5974d3afd9a455f289430b34b60b9895019bc","32","40","0.8","","true","false","","","category","default","map_marker","brand_owned","TravelAssist-original","true","true","symbolic","approved","false","true","1","[{""sourceFile"":""docs/assets/catalog/asset-manifest.v1.json"",""line"":1,""referenceType"":""manifest""}]","{""x"":0.5,""y"":0.5}","null","false","","map_marker","false","vector-token-only","","","Inventory is not rights approval. Unknown dimensions remain null; no originals are changed."
"source-f7deb42a0ee5bc8c3d14","shared.global.map-markers.dining.default.001","public/media/shared/map-markers/marker-dining.svg","runtime-source","svg","image/svg+xml","svg","381","b9fbbb781a88a7c498bd03d9571a589901a7ff9547849bfab850061b124c520b","32","40","0.8","","true","false","","","category","dining","map_marker","brand_owned","TravelAssist-original","true","true","symbolic","approved","false","true","1","[{""sourceFile"":""docs/assets/catalog/asset-manifest.v1.json"",""line"":1,""referenceType"":""manifest""}]","{""x"":0.5,""y"":0.5}","null","false","","map_marker","false","vector-token-only","","","Inventory is not rights approval. Unknown dimensions remain null; no originals are changed."
"source-909ff13ba2c5d47d9269","shared.global.map-markers.error.default.001","public/media/shared/map-markers/marker-error.svg","runtime-source","svg","image/svg+xml","svg","383","3ca8ad8feafe9f23f41d57f609b8eeb5c2f1ac9afb87d11bee9af9b7fdbeac5e","32","40","0.8","","true","false","","","category","error","map_marker","brand_owned","TravelAssist-original","true","true","symbolic","approved","false","true","1","[{""sourceFile"":""docs/assets/catalog/asset-manifest.v1.json"",""line"":1,""referenceType"":""manifest""}]","{""x"":0.5,""y"":0.5}","null","false","","map_marker","false","vector-token-only","","","Inventory is not rights approval. Unknown dimensions remain null; no originals are changed."
"source-b26d328e0c74353650be","shared.global.map-markers.hotel.default.001","public/media/shared/map-markers/marker-hotel.svg","runtime-source","svg","image/svg+xml","svg","393","6cf00b952ac37ae37d148177050453c8af340176c6d7f2b4a21578d42b9d2b21","32","40","0.8","","true","false","","","category","hotel","map_marker","brand_owned","TravelAssist-original","true","true","symbolic","approved","false","true","1","[{""sourceFile"":""docs/assets/catalog/asset-manifest.v1.json"",""line"":1,""referenceType"":""manifest""}]","{""x"":0.5,""y"":0.5}","null","false","","map_marker","false","vector-token-only","","","Inventory is not rights approval. Unknown dimensions remain null; no originals are changed."
"source-eff030df44f74e509618","shared.global.map-markers.itinerary.default.001","public/media/shared/map-markers/marker-itinerary.svg","runtime-source","svg","image/svg+xml","svg","388","bf3667cea8adfcd86c863dd07ee431a12d25a9ebc4fdd81e1357d9226467605d","32","40","0.8","","true","false","","","category","itinerary","map_marker","brand_owned","TravelAssist-original","true","true","symbolic","approved","false","true","1","[{""sourceFile"":""docs/assets/catalog/asset-manifest.v1.json"",""line"":1,""referenceType"":""manifest""}]","{""x"":0.5,""y"":0.5}","null","false","","map_marker","false","vector-token-only","","","Inventory is not rights approval. Unknown dimensions remain null; no originals are changed."
"source-00889153acd9adc0024c","shared.global.map-markers.parking.default.001","public/media/shared/map-markers/marker-parking.svg","runtime-source","svg","image/svg+xml","svg","409","19877d55af21445a140700772129eb619fdcc7598458750d406e3d0a04c40ab6","32","40","0.8","","true","false","","","category","parking","map_marker","brand_owned","TravelAssist-original","true","true","symbolic","approved","false","true","1","[{""sourceFile"":""docs/assets/catalog/asset-manifest.v1.json"",""line"":1,""referenceType"":""manifest""}]","{""x"":0.5,""y"":0.5}","null","false","","map_marker","false","vector-token-only","","","Inventory is not rights approval. Unknown dimensions remain null; no originals are changed."
"source-eca2846d37c47e194ee7","shared.global.map-markers.recommended.default.001","public/media/shared/map-markers/marker-recommended.svg","runtime-source","svg","image/svg+xml","svg","377","10261511caa31380e7ad3ef4fa42daaa3243f2f955528a943a9820b52e20e33b","32","40","0.8","","true","false","","","category","recommended","map_marker","brand_owned","TravelAssist-original","true","true","symbolic","approved","false","true","1","[{""sourceFile"":""docs/assets/catalog/asset-manifest.v1.json"",""line"":1,""referenceType"":""manifest""}]","{""x"":0.5,""y"":0.5}","null","false","","map_marker","false","vector-token-only","","","Inventory is not rights approval. Unknown dimensions remain null; no originals are changed."
"source-39f54d00c0520ab37287","shared.global.map-markers.selected.default.001","public/media/shared/map-markers/marker-selected.svg","runtime-source","svg","image/svg+xml","svg","349","27df188d73696712bed1e00dc828f16ff776cc39eed4c5a10ab79245042c9bea","32","40","0.8","","true","false","","","category","selected","map_marker","brand_owned","TravelAssist-original","true","true","symbolic","approved","false","true","1","[{""sourceFile"":""docs/assets/catalog/asset-manifest.v1.json"",""line"":1,""referenceType"":""manifest""}]","{""x"":0.5,""y"":0.5}","null","false","","map_marker","false","vector-token-only","","","Inventory is not rights approval. Unknown dimensions remain null; no originals are changed."
"source-21a760d08d77682b1e06","shared.global.map-markers.transit.default.001","public/media/shared/map-markers/marker-transit.svg","runtime-source","svg","image/svg+xml","svg","438","7f8ed99191d996e3e2ffa0fed2ef224c22d237791ea4f1ced6448ff35114b360","32","40","0.8","","true","false","","","category","transit","map_marker","brand_owned","TravelAssist-original","true","true","symbolic","approved","false","true","1","[{""sourceFile"":""docs/assets/catalog/asset-manifest.v1.json"",""line"":1,""referenceType"":""manifest""}]","{""x"":0.5,""y"":0.5}","null","false","","map_marker","false","vector-token-only","","","Inventory is not rights approval. Unknown dimensions remain null; no originals are changed."
"source-a236793d043065b22a05","shared.global.map-markers.warning.default.001","public/media/shared/map-markers/marker-warning.svg","runtime-source","svg","image/svg+xml","svg","368","79505be571f576b74ad0c1c6986b39b1b8709773afa9f22bc67275507ac5d297","32","40","0.8","","true","false","","","category","warning","map_marker","brand_owned","TravelAssist-original","true","true","symbolic","approved","false","true","1","[{""sourceFile"":""docs/assets/catalog/asset-manifest.v1.json"",""line"":1,""referenceType"":""manifest""}]","{""x"":0.5,""y"":0.5}","null","false","","map_marker","false","vector-token-only","","","Inventory is not rights approval. Unknown dimensions remain null; no originals are changed."
"source-9290870a05d66e091193","shared.global.placeholders.activity.default.001","public/media/shared/placeholders/placeholder-activity.svg","runtime-source","svg","image/svg+xml","svg","462","b33a011f47396e3c898841f63fb04e525005bca17ca8a465bb7cb641df3f9a8f","240","160","1.5","","true","false","","","category","activity","placeholder","placeholder","TravelAssist-original","true","true","symbolic","approved","false","true","1","[{""sourceFile"":""docs/assets/catalog/asset-manifest.v1.json"",""line"":1,""referenceType"":""manifest""}]","{""x"":0.5,""y"":0.5}","null","false","","placeholder","false","vector-token-only","","","Inventory is not rights approval. Unknown dimensions remain null; no originals are changed."
"source-de60b1387f321ec64843","shared.global.placeholders.attraction.default.001","public/media/shared/placeholders/placeholder-attraction.svg","runtime-source","svg","image/svg+xml","svg","434","ece0d5e76656657a40c1961389d24af02c219f713c7c76ea689e5600aae72b91","240","160","1.5","","true","false","","","category","attraction","placeholder","placeholder","TravelAssist-original","true","true","symbolic","approved","false","true","1","[{""sourceFile"":""docs/assets/catalog/asset-manifest.v1.json"",""line"":1,""referenceType"":""manifest""}]","{""x"":0.5,""y"":0.5}","null","false","","placeholder","false","vector-token-only","","","Inventory is not rights approval. Unknown dimensions remain null; no originals are changed."
"source-f3a1ad50f82ba7435e44","shared.global.placeholders.city.default.001","public/media/shared/placeholders/placeholder-city.svg","runtime-source","svg","image/svg+xml","svg","444","77cb1ec0ad1dc7e94a179228dd0a8162dc89b96ac97beb00df52dc37af77fe33","240","160","1.5","","true","false","","","category","city","placeholder","placeholder","TravelAssist-original","true","true","symbolic","approved","false","true","1","[{""sourceFile"":""docs/assets/catalog/asset-manifest.v1.json"",""line"":1,""referenceType"":""manifest""}]","{""x"":0.5,""y"":0.5}","null","false","","placeholder","false","vector-token-only","","","Inventory is not rights approval. Unknown dimensions remain null; no originals are changed."
"source-ac5c4f16a3afd425e592","shared.global.placeholders.hotel.default.001","public/media/shared/placeholders/placeholder-hotel.svg","runtime-source","svg","image/svg+xml","svg","445","14828401067f87fcb6e4689cf3bd6239d66ea9e4d4ff05d99bd921f6a548e3b2","240","160","1.5","","true","false","","","category","hotel","placeholder","placeholder","TravelAssist-original","true","true","symbolic","approved","false","true","1","[{""sourceFile"":""docs/assets/catalog/asset-manifest.v1.json"",""line"":1,""referenceType"":""manifest""}]","{""x"":0.5,""y"":0.5}","null","false","","placeholder","false","vector-token-only","","","Inventory is not rights approval. Unknown dimensions remain null; no originals are changed."
"source-e5fdbabfbe5884c29aa0","shared.global.placeholders.region.default.001","public/media/shared/placeholders/placeholder-region.svg","runtime-source","svg","image/svg+xml","svg","459","8330ec7f5e671bce2fa1df309a4b8918ebb3e504e7fb8245200f235f2b3ac57c","240","160","1.5","","true","false","","","category","region","placeholder","placeholder","TravelAssist-original","true","true","symbolic","approved","false","true","1","[{""sourceFile"":""docs/assets/catalog/asset-manifest.v1.json"",""line"":1,""referenceType"":""manifest""}]","{""x"":0.5,""y"":0.5}","null","false","","placeholder","false","vector-token-only","","","Inventory is not rights approval. Unknown dimensions remain null; no originals are changed."
"source-f5fa3d417b5e5dc68834","shared.global.placeholders.restaurant.default.001","public/media/shared/placeholders/placeholder-restaurant.svg","runtime-source","svg","image/svg+xml","svg","458","728f8a531e776462d283ada6f5ee121811dccecb2d2dd92488f00c47926471df","240","160","1.5","","true","false","","","category","restaurant","placeholder","placeholder","TravelAssist-original","true","true","symbolic","approved","false","true","1","[{""sourceFile"":""docs/assets/catalog/asset-manifest.v1.json"",""line"":1,""referenceType"":""manifest""}]","{""x"":0.5,""y"":0.5}","null","false","","placeholder","false","vector-token-only","","","Inventory is not rights approval. Unknown dimensions remain null; no originals are changed."
"source-78e2b749f7c32b60cae5","shared.global.placeholders.transport.default.001","public/media/shared/placeholders/placeholder-transport.svg","runtime-source","svg","image/svg+xml","svg","456","78421e739098dbee27eb01adb434e822c52d3d967d1cee91ba38d4eb718c9200","240","160","1.5","","true","false","","","category","transport","placeholder","placeholder","TravelAssist-original","true","true","symbolic","approved","false","true","1","[{""sourceFile"":""docs/assets/catalog/asset-manifest.v1.json"",""line"":1,""referenceType"":""manifest""}]","{""x"":0.5,""y"":0.5}","null","false","","placeholder","false","vector-token-only","","","Inventory is not rights approval. Unknown dimensions remain null; no originals are changed."
"source-fac647b316a1ae4a8a1c","shared.global.placeholders.user-upload.default.001","public/media/shared/placeholders/placeholder-user-upload.svg","runtime-source","svg","image/svg+xml","svg","418","f871208437984235ca08338b493af1c43b357e281ddb24c665e1814545b1a112","240","160","1.5","","true","false","","","category","user-upload","placeholder","placeholder","TravelAssist-original","true","true","symbolic","approved","false","true","1","[{""sourceFile"":""docs/assets/catalog/asset-manifest.v1.json"",""line"":1,""referenceType"":""manifest""}]","{""x"":0.5,""y"":0.5}","null","false","","placeholder","false","vector-token-only","","","Inventory is not rights approval. Unknown dimensions remain null; no originals are changed."
"source-0d2d586feb1859ba8e3d","shared.global.poi-categories.amusement-park.default.001","public/media/shared/poi-categories/amusement-park.svg","runtime-source","svg","image/svg+xml","svg","270","242fe462b8fc550a7a94bcef58b58053f671d2fd47556b93166bd4f1c5c92729","24","24","1","","true","false","","","category","amusement-park","poi_category_icon","brand_owned","TravelAssist-original","true","true","symbolic","approved","false","true","1","[{""sourceFile"":""docs/assets/catalog/asset-manifest.v1.json"",""line"":1,""referenceType"":""manifest""}]","{""x"":0.5,""y"":0.5}","null","false","","poi_category_icon","false","vector-token-only","","","Inventory is not rights approval. Unknown dimensions remain null; no originals are changed."
"source-e84903a4d1ecc9fea6ca","shared.global.poi-categories.aquarium.default.001","public/media/shared/poi-categories/aquarium.svg","runtime-source","svg","image/svg+xml","svg","281","db0eaf8bf06f5df2ee9e0e28433e5842c6d522e4b0cd604670aa922e1adb4c77","24","24","1","","true","false","","","category","aquarium","poi_category_icon","brand_owned","TravelAssist-original","true","true","symbolic","approved","false","true","1","[{""sourceFile"":""docs/assets/catalog/asset-manifest.v1.json"",""line"":1,""referenceType"":""manifest""}]","{""x"":0.5,""y"":0.5}","null","false","","poi_category_icon","false","vector-token-only","","","Inventory is not rights approval. Unknown dimensions remain null; no originals are changed."
"source-85f05f3f0e491d9470f8","shared.global.poi-categories.art-gallery.default.001","public/media/shared/poi-categories/art-gallery.svg","runtime-source","svg","image/svg+xml","svg","294","a0aec6422441c1cb84f8a5d7f21099e55edc6ba31d369dd228b376ab59462b16","24","24","1","","true","false","","","category","art-gallery","poi_category_icon","brand_owned","TravelAssist-original","true","true","symbolic","approved","false","true","1","[{""sourceFile"":""docs/assets/catalog/asset-manifest.v1.json"",""line"":1,""referenceType"":""manifest""}]","{""x"":0.5,""y"":0.5}","null","false","","poi_category_icon","false","vector-token-only","","","Inventory is not rights approval. Unknown dimensions remain null; no originals are changed."
"source-760d1f53deb0c96f33e4","shared.global.poi-categories.bar.default.001","public/media/shared/poi-categories/bar.svg","runtime-source","svg","image/svg+xml","svg","220","58b34f83f2e86298d0970539f7948e07fdd072751248b266db398950ee60de1a","24","24","1","","true","false","","","category","bar","poi_category_icon","brand_owned","TravelAssist-original","true","true","symbolic","approved","false","true","1","[{""sourceFile"":""docs/assets/catalog/asset-manifest.v1.json"",""line"":1,""referenceType"":""manifest""}]","{""x"":0.5,""y"":0.5}","null","false","","poi_category_icon","false","vector-token-only","","","Inventory is not rights approval. Unknown dimensions remain null; no originals are changed."
"source-08d94bc15ec4d2bcf5e0","shared.global.poi-categories.beach.default.001","public/media/shared/poi-categories/beach.svg","runtime-source","svg","image/svg+xml","svg","275","37c9c122746f8f6f46d478034ec72df3b79c3f512ba80b705bec0d8c998188ea","24","24","1","","true","false","","","category","beach","poi_category_icon","brand_owned","TravelAssist-original","true","true","symbolic","approved","false","true","1","[{""sourceFile"":""docs/assets/catalog/asset-manifest.v1.json"",""line"":1,""referenceType"":""manifest""}]","{""x"":0.5,""y"":0.5}","null","false","","poi_category_icon","false","vector-token-only","","","Inventory is not rights approval. Unknown dimensions remain null; no originals are changed."
"source-93d9dc8eb0fceb656c97","shared.global.poi-categories.cafe.default.001","public/media/shared/poi-categories/cafe.svg","runtime-source","svg","image/svg+xml","svg","255","a7f69e5763af8c49aa8f31249738be86ce7f623df4ad550a43e86a14c38ffc67","24","24","1","","true","false","","","category","cafe","poi_category_icon","brand_owned","TravelAssist-original","true","true","symbolic","approved","false","true","1","[{""sourceFile"":""docs/assets/catalog/asset-manifest.v1.json"",""line"":1,""referenceType"":""manifest""}]","{""x"":0.5,""y"":0.5}","null","false","","poi_category_icon","false","vector-token-only","","","Inventory is not rights approval. Unknown dimensions remain null; no originals are changed."
"source-8b7882f967f034bdb693","shared.global.poi-categories.castle.default.001","public/media/shared/poi-categories/castle.svg","runtime-source","svg","image/svg+xml","svg","248","3f85ebc5bd6d8ca3a7c49475358b2721d07cc3b6e4ca39d8a0e7804257dbea72","24","24","1","","true","false","","","category","castle","poi_category_icon","brand_owned","TravelAssist-original","true","true","symbolic","approved","false","true","1","[{""sourceFile"":""docs/assets/catalog/asset-manifest.v1.json"",""line"":1,""referenceType"":""manifest""}]","{""x"":0.5,""y"":0.5}","null","false","","poi_category_icon","false","vector-token-only","","","Inventory is not rights approval. Unknown dimensions remain null; no originals are changed."
"source-56f7981b8ca61c919537","shared.global.poi-categories.church.default.001","public/media/shared/poi-categories/church.svg","runtime-source","svg","image/svg+xml","svg","251","1103c450ac1668ffde768807860d03ee246182298137f39a30f730aa7f147a4f","24","24","1","","true","false","","","category","church","poi_category_icon","brand_owned","TravelAssist-original","true","true","symbolic","approved","false","true","1","[{""sourceFile"":""docs/assets/catalog/asset-manifest.v1.json"",""line"":1,""referenceType"":""manifest""}]","{""x"":0.5,""y"":0.5}","null","false","","poi_category_icon","false","vector-token-only","","","Inventory is not rights approval. Unknown dimensions remain null; no originals are changed."
"source-fb47edc6d26d47fd2e60","shared.global.poi-categories.garden.default.001","public/media/shared/poi-categories/garden.svg","runtime-source","svg","image/svg+xml","svg","344","4d1c6e0428933a1cd28d758d4846e4104af81ea6fd380700cc738b3e4cb216b1","24","24","1","","true","false","","","category","garden","poi_category_icon","brand_owned","TravelAssist-original","true","true","symbolic","approved","false","true","1","[{""sourceFile"":""docs/assets/catalog/asset-manifest.v1.json"",""line"":1,""referenceType"":""manifest""}]","{""x"":0.5,""y"":0.5}","null","false","","poi_category_icon","false","vector-token-only","","","Inventory is not rights approval. Unknown dimensions remain null; no originals are changed."
"source-5183a26d0ee137b13c00","shared.global.poi-categories.historic-site.default.001","public/media/shared/poi-categories/historic-site.svg","runtime-source","svg","image/svg+xml","svg","253","9dcb1aaad0348c91068393c383f4ddd8e6ee59ff0cd172aeee479cfbd55d09a2","24","24","1","","true","false","","","category","historic-site","poi_category_icon","brand_owned","TravelAssist-original","true","true","symbolic","approved","false","true","1","[{""sourceFile"":""docs/assets/catalog/asset-manifest.v1.json"",""line"":1,""referenceType"":""manifest""}]","{""x"":0.5,""y"":0.5}","null","false","","poi_category_icon","false","vector-token-only","","","Inventory is not rights approval. Unknown dimensions remain null; no originals are changed."
"source-93af91205198661337c0","shared.global.poi-categories.hotel.default.001","public/media/shared/poi-categories/hotel.svg","runtime-source","svg","image/svg+xml","svg","238","c1d0ce89688c5a5fa3c11693a04353dd8f6fdc11112562541974ec28590edc7a","24","24","1","","true","false","","","category","hotel","poi_category_icon","brand_owned","TravelAssist-original","true","true","symbolic","approved","false","true","1","[{""sourceFile"":""docs/assets/catalog/asset-manifest.v1.json"",""line"":1,""referenceType"":""manifest""}]","{""x"":0.5,""y"":0.5}","null","false","","poi_category_icon","false","vector-token-only","","","Inventory is not rights approval. Unknown dimensions remain null; no originals are changed."
"source-8a9171f7c0af76149479","shared.global.poi-categories.landmark.default.001","public/media/shared/poi-categories/landmark.svg","runtime-source","svg","image/svg+xml","svg","230","19b6044b2bd858fa25a7c53fb2aeba94c8ae9c73203809610d8fa3f5d399dc59","24","24","1","","true","false","","","category","landmark","poi_category_icon","brand_owned","TravelAssist-original","true","true","symbolic","approved","false","true","1","[{""sourceFile"":""docs/assets/catalog/asset-manifest.v1.json"",""line"":1,""referenceType"":""manifest""}]","{""x"":0.5,""y"":0.5}","null","false","","poi_category_icon","false","vector-token-only","","","Inventory is not rights approval. Unknown dimensions remain null; no originals are changed."
"source-e4ed4552efb443c3ad69","shared.global.poi-categories.market.default.001","public/media/shared/poi-categories/market.svg","runtime-source","svg","image/svg+xml","svg","270","e3601f30539de9b49e09d9f60f1eca68d4525babe5922fca6ccb4bda51710b7f","24","24","1","","true","false","","","category","market","poi_category_icon","brand_owned","TravelAssist-original","true","true","symbolic","approved","false","true","1","[{""sourceFile"":""docs/assets/catalog/asset-manifest.v1.json"",""line"":1,""referenceType"":""manifest""}]","{""x"":0.5,""y"":0.5}","null","false","","poi_category_icon","false","vector-token-only","","","Inventory is not rights approval. Unknown dimensions remain null; no originals are changed."
"source-67dc9b9f32a05e50fba5","shared.global.poi-categories.mountain.default.001","public/media/shared/poi-categories/mountain.svg","runtime-source","svg","image/svg+xml","svg","234","5ddf0af1e9e7a05a486d2b713e15b0eb565a00898b4282d84387d5ba56f11696","24","24","1","","true","false","","","category","mountain","poi_category_icon","brand_owned","TravelAssist-original","true","true","symbolic","approved","false","true","1","[{""sourceFile"":""docs/assets/catalog/asset-manifest.v1.json"",""line"":1,""referenceType"":""manifest""}]","{""x"":0.5,""y"":0.5}","null","false","","poi_category_icon","false","vector-token-only","","","Inventory is not rights approval. Unknown dimensions remain null; no originals are changed."
"source-0167f5a2c2c95f9dd3fd","shared.global.poi-categories.museum.default.001","public/media/shared/poi-categories/museum.svg","runtime-source","svg","image/svg+xml","svg","235","7a87a6c21b99a4b8a66d1c4825befdf8e293bd3f6c480cb8893f0e477509767f","24","24","1","","true","false","","","category","museum","poi_category_icon","brand_owned","TravelAssist-original","true","true","symbolic","approved","false","true","1","[{""sourceFile"":""docs/assets/catalog/asset-manifest.v1.json"",""line"":1,""referenceType"":""manifest""}]","{""x"":0.5,""y"":0.5}","null","false","","poi_category_icon","false","vector-token-only","","","Inventory is not rights approval. Unknown dimensions remain null; no originals are changed."
"source-0aa26260f3cdb16b134c","shared.global.poi-categories.nature.default.001","public/media/shared/poi-categories/nature.svg","runtime-source","svg","image/svg+xml","svg","239","6dd0db08711d7bb7b2cb1b458fe05670b5e04bc252086687acb6b2d5cb44cd65","24","24","1","","true","false","","","category","nature","poi_category_icon","brand_owned","TravelAssist-original","true","true","symbolic","approved","false","true","1","[{""sourceFile"":""docs/assets/catalog/asset-manifest.v1.json"",""line"":1,""referenceType"":""manifest""}]","{""x"":0.5,""y"":0.5}","null","false","","poi_category_icon","false","vector-token-only","","","Inventory is not rights approval. Unknown dimensions remain null; no originals are changed."
"source-0c64915051405b50225c","shared.global.poi-categories.onsen.default.001","public/media/shared/poi-categories/onsen.svg","runtime-source","svg","image/svg+xml","svg","265","b622dea05490655ea8a74d83315cc5dfc7c796e430533c6496f0fcce5bd9dca1","24","24","1","","true","false","","","category","onsen","poi_category_icon","brand_owned","TravelAssist-original","true","true","symbolic","approved","false","true","1","[{""sourceFile"":""docs/assets/catalog/asset-manifest.v1.json"",""line"":1,""referenceType"":""manifest""}]","{""x"":0.5,""y"":0.5}","null","false","","poi_category_icon","false","vector-token-only","","","Inventory is not rights approval. Unknown dimensions remain null; no originals are changed."
"source-353aa19b01ded045c15d","shared.global.poi-categories.park.default.001","public/media/shared/poi-categories/park.svg","runtime-source","svg","image/svg+xml","svg","246","3144154502d440c27320b25cb12275e3621bb8bd8db319a7e576242304190395","24","24","1","","true","false","","","category","park","poi_category_icon","brand_owned","TravelAssist-original","true","true","symbolic","approved","false","true","1","[{""sourceFile"":""docs/assets/catalog/asset-manifest.v1.json"",""line"":1,""referenceType"":""manifest""}]","{""x"":0.5,""y"":0.5}","null","false","","poi_category_icon","false","vector-token-only","","","Inventory is not rights approval. Unknown dimensions remain null; no originals are changed."
"source-1aec8aadfded1c9c364e","shared.global.poi-categories.restaurant.default.001","public/media/shared/poi-categories/restaurant.svg","runtime-source","svg","image/svg+xml","svg","226","2e6f538c4dd1259bd1fd1db18a5673410c1a47838f49d4ec4a1375e68fb8adc5","24","24","1","","true","false","","","category","restaurant","poi_category_icon","brand_owned","TravelAssist-original","true","true","symbolic","approved","false","true","1","[{""sourceFile"":""docs/assets/catalog/asset-manifest.v1.json"",""line"":1,""referenceType"":""manifest""}]","{""x"":0.5,""y"":0.5}","null","false","","poi_category_icon","false","vector-token-only","","","Inventory is not rights approval. Unknown dimensions remain null; no originals are changed."
"source-426b520612cb17963ce3","shared.global.poi-categories.shopping.default.001","public/media/shared/poi-categories/shopping.svg","runtime-source","svg","image/svg+xml","svg","247","15d9aa60faf53bb1c2d803336f13114da7f99fbaa7ff333fe91af0fe592b9611","24","24","1","","true","false","","","category","shopping","poi_category_icon","brand_owned","TravelAssist-original","true","true","symbolic","approved","false","true","1","[{""sourceFile"":""docs/assets/catalog/asset-manifest.v1.json"",""line"":1,""referenceType"":""manifest""}]","{""x"":0.5,""y"":0.5}","null","false","","poi_category_icon","false","vector-token-only","","","Inventory is not rights approval. Unknown dimensions remain null; no originals are changed."
"source-28113721c9276cc32360","shared.global.poi-categories.shrine.default.001","public/media/shared/poi-categories/shrine.svg","runtime-source","svg","image/svg+xml","svg","235","645205f9c6c1fb9aa397f9f3cfe077bef1732968d573f75e28b7a0d75d7a80aa","24","24","1","","true","false","","","category","shrine","poi_category_icon","brand_owned","TravelAssist-original","true","true","symbolic","approved","false","true","1","[{""sourceFile"":""docs/assets/catalog/asset-manifest.v1.json"",""line"":1,""referenceType"":""manifest""}]","{""x"":0.5,""y"":0.5}","null","false","","poi_category_icon","false","vector-token-only","","","Inventory is not rights approval. Unknown dimensions remain null; no originals are changed."
"source-96fc9336071050eb4197","shared.global.poi-categories.temple.default.001","public/media/shared/poi-categories/temple.svg","runtime-source","svg","image/svg+xml","svg","252","129f86164fc239c7a142a1e1de50ac6bbbead83697823541b41170767b4ca96c","24","24","1","","true","false","","","category","temple","poi_category_icon","brand_owned","TravelAssist-original","true","true","symbolic","approved","false","true","1","[{""sourceFile"":""docs/assets/catalog/asset-manifest.v1.json"",""line"":1,""referenceType"":""manifest""}]","{""x"":0.5,""y"":0.5}","null","false","","poi_category_icon","false","vector-token-only","","","Inventory is not rights approval. Unknown dimensions remain null; no originals are changed."
"source-e07367e596ff713bb8a4","shared.global.poi-categories.viewpoint.default.001","public/media/shared/poi-categories/viewpoint.svg","runtime-source","svg","image/svg+xml","svg","264","38a5af1434a99463a245aa37bfae8e91b4ae5a0c46f597657391c807b43bf587","24","24","1","","true","false","","","category","viewpoint","poi_category_icon","brand_owned","TravelAssist-original","true","true","symbolic","approved","false","true","1","[{""sourceFile"":""docs/assets/catalog/asset-manifest.v1.json"",""line"":1,""referenceType"":""manifest""}]","{""x"":0.5,""y"":0.5}","null","false","","poi_category_icon","false","vector-token-only","","","Inventory is not rights approval. Unknown dimensions remain null; no originals are changed."
"source-3319566e8cee890aba36","shared.global.poi-categories.zoo.default.001","public/media/shared/poi-categories/zoo.svg","runtime-source","svg","image/svg+xml","svg","364","9a3625c7d0293e309c1998a681db3eab153b7c8f9fabfbdfa32898db1bd9a3e9","24","24","1","","true","false","","","category","zoo","poi_category_icon","brand_owned","TravelAssist-original","true","true","symbolic","approved","false","true","1","[{""sourceFile"":""docs/assets/catalog/asset-manifest.v1.json"",""line"":1,""referenceType"":""manifest""}]","{""x"":0.5,""y"":0.5}","null","false","","poi_category_icon","false","vector-token-only","","","Inventory is not rights approval. Unknown dimensions remain null; no originals are changed."
"source-f2370cf5d9c580a2c829","shared.global.states.empty-search.default.001","public/media/shared/states/state-empty-search.svg","runtime-source","svg","image/svg+xml","svg","432","273788b88194fe322f71c3a23d073445213ee081481bae6ac61b9d8007abed9d","240","160","1.5","","true","false","","","category","empty-search","state_illustration","brand_owned","TravelAssist-original","true","true","symbolic","approved","false","true","1","[{""sourceFile"":""docs/assets/catalog/asset-manifest.v1.json"",""line"":1,""referenceType"":""manifest""}]","{""x"":0.5,""y"":0.5}","null","false","","state_illustration","false","vector-token-only","","","Inventory is not rights approval. Unknown dimensions remain null; no originals are changed."
"source-d93335acbf404ab180bd","shared.global.states.error.default.001","public/media/shared/states/state-error.svg","runtime-source","svg","image/svg+xml","svg","430","3a43b7802ee58ac1834e2cf1b8a033df99058421b967c181d0f839b8dba2a3a6","240","160","1.5","","true","false","","","category","error","state_illustration","brand_owned","TravelAssist-original","true","true","symbolic","approved","false","true","1","[{""sourceFile"":""docs/assets/catalog/asset-manifest.v1.json"",""line"":1,""referenceType"":""manifest""}]","{""x"":0.5,""y"":0.5}","null","false","","state_illustration","false","vector-token-only","","","Inventory is not rights approval. Unknown dimensions remain null; no originals are changed."
"source-aff8d715296ad73ba706","shared.global.states.loading.default.001","public/media/shared/states/state-loading.svg","runtime-source","svg","image/svg+xml","svg","446","b24700dbe80f6c46c2466973dfce14368b0800fe4a4a77e76914133a17f62555","240","160","1.5","","true","false","","","category","loading","state_illustration","brand_owned","TravelAssist-original","true","true","symbolic","approved","false","true","1","[{""sourceFile"":""docs/assets/catalog/asset-manifest.v1.json"",""line"":1,""referenceType"":""manifest""}]","{""x"":0.5,""y"":0.5}","null","false","","state_illustration","false","vector-token-only","","","Inventory is not rights approval. Unknown dimensions remain null; no originals are changed."
"source-fbd17398737912ad82ec","shared.global.states.no-image.default.001","public/media/shared/states/state-no-image.svg","runtime-source","svg","image/svg+xml","svg","494","93e8a3fdb9a12de4c261d0cc207c6b1b0858da09bb8eb5a2ea369da7e12ede54","240","160","1.5","","true","false","","","category","no-image","state_illustration","brand_owned","TravelAssist-original","true","true","symbolic","approved","false","true","1","[{""sourceFile"":""docs/assets/catalog/asset-manifest.v1.json"",""line"":1,""referenceType"":""manifest""}]","{""x"":0.5,""y"":0.5}","null","false","","state_illustration","false","vector-token-only","","","Inventory is not rights approval. Unknown dimensions remain null; no originals are changed."
"source-e70730548a75c57a1bc4","shared.global.states.offline.default.001","public/media/shared/states/state-offline.svg","runtime-source","svg","image/svg+xml","svg","466","1a4c5f895cb6d1d8c2996390015d8f9b8af43dd3dd391743ace431183257d0be","240","160","1.5","","true","false","","","category","offline","state_illustration","brand_owned","TravelAssist-original","true","true","symbolic","approved","false","true","1","[{""sourceFile"":""docs/assets/catalog/asset-manifest.v1.json"",""line"":1,""referenceType"":""manifest""}]","{""x"":0.5,""y"":0.5}","null","false","","state_illustration","false","vector-token-only","","","Inventory is not rights approval. Unknown dimensions remain null; no originals are changed."
"source-118b806e11a817a861cc","shared.global.states.permission-denied.default.001","public/media/shared/states/state-permission-denied.svg","runtime-source","svg","image/svg+xml","svg","439","3541a7b7754ac68196a9f336fe0825f51ad098022db1d17c51a1aa2ea0e1f4b4","240","160","1.5","","true","false","","","category","permission-denied","state_illustration","brand_owned","TravelAssist-original","true","true","symbolic","approved","false","true","1","[{""sourceFile"":""docs/assets/catalog/asset-manifest.v1.json"",""line"":1,""referenceType"":""manifest""}]","{""x"":0.5,""y"":0.5}","null","false","","state_illustration","false","vector-token-only","","","Inventory is not rights approval. Unknown dimensions remain null; no originals are changed."
"source-ca66b6a7e7779068910d","shared.global.transport.airplane.default.001","public/media/shared/transport/airplane.svg","runtime-source","svg","image/svg+xml","svg","260","ec4f64f6b24f04501ddac003e4926f931cb3d9be9444753a9c491edc1b5fb2ba","24","24","1","","true","false","","","category","airplane","transport_icon","brand_owned","TravelAssist-original","true","true","symbolic","approved","false","true","1","[{""sourceFile"":""docs/assets/catalog/asset-manifest.v1.json"",""line"":1,""referenceType"":""manifest""}]","{""x"":0.5,""y"":0.5}","null","false","","transport_icon","false","vector-token-only","","","Inventory is not rights approval. Unknown dimensions remain null; no originals are changed."
"source-2b106eeb29afaa3dcfc8","shared.global.transport.bicycle.default.001","public/media/shared/transport/bicycle.svg","runtime-source","svg","image/svg+xml","svg","283","729fee937a634e2e0b7315474ccd627b5211ebbea507425e7e9fc231d66b700b","24","24","1","","true","false","","","category","bicycle","transport_icon","brand_owned","TravelAssist-original","true","true","symbolic","approved","false","true","1","[{""sourceFile"":""docs/assets/catalog/asset-manifest.v1.json"",""line"":1,""referenceType"":""manifest""}]","{""x"":0.5,""y"":0.5}","null","false","","transport_icon","false","vector-token-only","","","Inventory is not rights approval. Unknown dimensions remain null; no originals are changed."
"source-3ce1d670deb63b7c22b6","shared.global.transport.bus.default.001","public/media/shared/transport/bus.svg","runtime-source","svg","image/svg+xml","svg","290","0a19820c12dcd59553ab50254b1ff2f0d9264e54a0ea276d15d586f7331ffb30","24","24","1","","true","false","","","category","bus","transport_icon","brand_owned","TravelAssist-original","true","true","symbolic","approved","false","true","1","[{""sourceFile"":""docs/assets/catalog/asset-manifest.v1.json"",""line"":1,""referenceType"":""manifest""}]","{""x"":0.5,""y"":0.5}","null","false","","transport_icon","false","vector-token-only","","","Inventory is not rights approval. Unknown dimensions remain null; no originals are changed."
"source-b424213b34d515de6595","shared.global.transport.cable-car.default.001","public/media/shared/transport/cable-car.svg","runtime-source","svg","image/svg+xml","svg","246","8cf193a935bff548812d90cd57c1fd08f185a07308620266747d6276dfa8c453","24","24","1","","true","false","","","category","cable-car","transport_icon","brand_owned","TravelAssist-original","true","true","symbolic","approved","false","true","1","[{""sourceFile"":""docs/assets/catalog/asset-manifest.v1.json"",""line"":1,""referenceType"":""manifest""}]","{""x"":0.5,""y"":0.5}","null","false","","transport_icon","false","vector-token-only","","","Inventory is not rights approval. Unknown dimensions remain null; no originals are changed."
"source-398baede4bb91fdffb65","shared.global.transport.car.default.001","public/media/shared/transport/car.svg","runtime-source","svg","image/svg+xml","svg","238","621ea1e37b56b55405f85820b705e4653581591b2ba54d6907f788d2b11cb8a5","24","24","1","","true","false","","","category","car","transport_icon","brand_owned","TravelAssist-original","true","true","symbolic","approved","false","true","1","[{""sourceFile"":""docs/assets/catalog/asset-manifest.v1.json"",""line"":1,""referenceType"":""manifest""}]","{""x"":0.5,""y"":0.5}","null","false","","transport_icon","false","vector-token-only","","","Inventory is not rights approval. Unknown dimensions remain null; no originals are changed."
"source-8196656ab6ca09e97beb","shared.global.transport.ferry.default.001","public/media/shared/transport/ferry.svg","runtime-source","svg","image/svg+xml","svg","262","457c9e1dce2338abd2e446950955932fdddbc9af064ca505380cf3c1bfc28526","24","24","1","","true","false","","","category","ferry","transport_icon","brand_owned","TravelAssist-original","true","true","symbolic","approved","false","true","1","[{""sourceFile"":""docs/assets/catalog/asset-manifest.v1.json"",""line"":1,""referenceType"":""manifest""}]","{""x"":0.5,""y"":0.5}","null","false","","transport_icon","false","vector-token-only","","","Inventory is not rights approval. Unknown dimensions remain null; no originals are changed."
"source-f4cac6288d43841dfbf6","shared.global.transport.parking.default.001","public/media/shared/transport/parking.svg","runtime-source","svg","image/svg+xml","svg","254","6bc1154fce5cd87ffe1a44dd0d1500b9fc47e51aba4bce07f9f6747393b9a392","24","24","1","","true","false","","","category","parking","transport_icon","brand_owned","TravelAssist-original","true","true","symbolic","approved","false","true","1","[{""sourceFile"":""docs/assets/catalog/asset-manifest.v1.json"",""line"":1,""referenceType"":""manifest""}]","{""x"":0.5,""y"":0.5}","null","false","","transport_icon","false","vector-token-only","","","Inventory is not rights approval. Unknown dimensions remain null; no originals are changed."
"source-f0cd8e11d8327e46d58a","shared.global.transport.ropeway.default.001","public/media/shared/transport/ropeway.svg","runtime-source","svg","image/svg+xml","svg","285","2fdb22850a5f637d923659a5a726b5a61cf67e775464db8a983b12faea7aeb4e","24","24","1","","true","false","","","category","ropeway","transport_icon","brand_owned","TravelAssist-original","true","true","symbolic","approved","false","true","1","[{""sourceFile"":""docs/assets/catalog/asset-manifest.v1.json"",""line"":1,""referenceType"":""manifest""}]","{""x"":0.5,""y"":0.5}","null","false","","transport_icon","false","vector-token-only","","","Inventory is not rights approval. Unknown dimensions remain null; no originals are changed."
"source-99d5118be53383d7051a","shared.global.transport.shinkansen.default.001","public/media/shared/transport/shinkansen.svg","runtime-source","svg","image/svg+xml","svg","243","8f26190b368fa7441868e448bcca54491e32c140bc4e5fe82c7bddad2756f72f","24","24","1","","true","false","","","category","shinkansen","transport_icon","brand_owned","TravelAssist-original","true","true","symbolic","approved","false","true","1","[{""sourceFile"":""docs/assets/catalog/asset-manifest.v1.json"",""line"":1,""referenceType"":""manifest""}]","{""x"":0.5,""y"":0.5}","null","false","","transport_icon","false","vector-token-only","","","Inventory is not rights approval. Unknown dimensions remain null; no originals are changed."
"source-358d7c80cf66a7085547","shared.global.transport.subway.default.001","public/media/shared/transport/subway.svg","runtime-source","svg","image/svg+xml","svg","302","d4106e0145a969c27d3aa0c9b15406c5bf1f238610b8a86f9e78ec9751011dbb","24","24","1","","true","false","","","category","subway","transport_icon","brand_owned","TravelAssist-original","true","true","symbolic","approved","false","true","1","[{""sourceFile"":""docs/assets/catalog/asset-manifest.v1.json"",""line"":1,""referenceType"":""manifest""}]","{""x"":0.5,""y"":0.5}","null","false","","transport_icon","false","vector-token-only","","","Inventory is not rights approval. Unknown dimensions remain null; no originals are changed."
"source-773d8bc20e7ba70118f5","shared.global.transport.taxi.default.001","public/media/shared/transport/taxi.svg","runtime-source","svg","image/svg+xml","svg","255","08b04eeb3a1657bf15957098b6241322d6339c8f6913be393b148002e8ead976","24","24","1","","true","false","","","category","taxi","transport_icon","brand_owned","TravelAssist-original","true","true","symbolic","approved","false","true","1","[{""sourceFile"":""docs/assets/catalog/asset-manifest.v1.json"",""line"":1,""referenceType"":""manifest""}]","{""x"":0.5,""y"":0.5}","null","false","","transport_icon","false","vector-token-only","","","Inventory is not rights approval. Unknown dimensions remain null; no originals are changed."
"source-1c7f3af9c9ff4aa6f0a7","shared.global.transport.train.default.001","public/media/shared/transport/train.svg","runtime-source","svg","image/svg+xml","svg","283","3ad0b09aebc669015e32fd8e601abdf8c1f08a323cdeebe9e683b2a274885445","24","24","1","","true","false","","","category","train","transport_icon","brand_owned","TravelAssist-original","true","true","symbolic","approved","false","true","1","[{""sourceFile"":""docs/assets/catalog/asset-manifest.v1.json"",""line"":1,""referenceType"":""manifest""}]","{""x"":0.5,""y"":0.5}","null","false","","transport_icon","false","vector-token-only","","","Inventory is not rights approval. Unknown dimensions remain null; no originals are changed."
"source-ffb08fecb4541c866da4","shared.global.transport.tram.default.001","public/media/shared/transport/tram.svg","runtime-source","svg","image/svg+xml","svg","311","beedcaa266953c46f6e0546605906c528aaa902a340d64d3c033632cc4f9a991","24","24","1","","true","false","","","category","tram","transport_icon","brand_owned","TravelAssist-original","true","true","symbolic","approved","false","true","1","[{""sourceFile"":""docs/assets/catalog/asset-manifest.v1.json"",""line"":1,""referenceType"":""manifest""}]","{""x"":0.5,""y"":0.5}","null","false","","transport_icon","false","vector-token-only","","","Inventory is not rights approval. Unknown dimensions remain null; no originals are changed."
"source-559f96ef40ad42c015ab","shared.global.transport.walk.default.001","public/media/shared/transport/walk.svg","runtime-source","svg","image/svg+xml","svg","262","6cd6135af737a38cc5509fdf31f1570bc8b1df1b56e97e6e4498c21c5305decd","24","24","1","","true","false","","","category","walk","transport_icon","brand_owned","TravelAssist-original","true","true","symbolic","approved","false","true","1","[{""sourceFile"":""docs/assets/catalog/asset-manifest.v1.json"",""line"":1,""referenceType"":""manifest""}]","{""x"":0.5,""y"":0.5}","null","false","","transport_icon","false","vector-token-only","","","Inventory is not rights approval. Unknown dimensions remain null; no originals are changed."
"source-a1cdc632d196c258ac96","unregistered.a1cdc632d196c258ac96","public/media/start/sakura-coast-fuji-train-sunset.png","legacy-protected","raster","image/png","png","2707795","b327122c271b02d8dcd42a8d241c89cc8da03c5a65c785d6c74335ab208705e0","1672","941","1.776833","","false","false","1","srgb","","","","","unknown","","","unreviewed","legacy_review_required","true","true","4","[{""sourceFile"":""docs/tasks/TASK-007-b-wizard-layout-polish.md"",""line"":373,""referenceType"":""markdown""},{""sourceFile"":""docs/tasks/TASK-007-b-wizard-layout-polish.md"",""line"":402,""referenceType"":""markdown""},{""sourceFile"":""public/media/start/README.md"",""line"":4,""referenceType"":""markdown""},{""sourceFile"":""src/features/start-flow/start-flow.module.css"",""line"":32,""referenceType"":""css-url""}]","null","null","false","","","false","unmanifested-review-required","","","Inventory is not rights approval. Unknown dimensions remain null; no originals are changed."
