"destination_id","batch_id","tier","region","country_code","prefecture_code","prefecture_name_ja","prefecture_name_en","entity_type","name_zh","name_ja","name_en","canonical_name","aliases","latitude","longitude","provider_type","provider_entity_id","attraction_quota","source_mode","source_job_id","md_variant_id","lg_variant_id","status","authenticity","rights_status","official_url","entity_provenance","coverage_note","review_notes","prefecture_name_zh","coordinate_source_type","coordinate_source_url","official_source_type","official_source_url","coverage_scope","parent_destination_id","entity_status"
"jp-tokyo","JP-S-01","S","kanto","JP","tokyo","東京都","Tokyo","region","东京都","東京都","Tokyo","東京都","Tokyo; 東京; 东京; 东京都; 日本东京; 日本東京; Tôkyô; Tokyo-to; Tokyo Metropolitan prefecture; Tōkyō-to; Tôkyô-to; Tokyo Metropolis; Tokio; Tokyo Prefecture; Tokyo, Japan; Tokei; Tokyo (Japan); Edo; Jedo; Yedo","35.689","139.692","wikidata","Q1490","40","illustrative_city","source:jp-tokyo:master","variant:jp-tokyo:md","variant:jp-tokyo:lg","entity_verified_rights_unresolved","illustrative","unresolved","https://www.japan.travel/en/destinations/kanto/tokyo/","docs/assets/catalog/japan-destination-entity-evidence.v1.jsonl","named geographic region: Tokyo (Q1490); entity footprint only; lake means lake, peninsula means peninsula, archipelago means listed islands","東京都を都域として扱う。旧東京市や23区のみの項目とは区別。地域スコープであり行政市ではない。","东京都","wikidata_P625","https://www.wikidata.org/w/index.php?title=Q1490&oldid=2539627471","JNTO_directory","https://www.japan.travel/en/destinations/kanto/tokyo/","named geographic region: Tokyo (Q1490); entity footprint only; lake means lake, peninsula means peninsula, archipelago means listed islands","","verified"
"jp-kyoto","JP-S-01","S","kansai","JP","kyoto","京都府","Kyoto","city","京都市","京都市","Kyoto","京都市","Kyoto; 京都; 千年の都; 古都; 京; 京の都; 千年余りの都; 洛中; 上方; Kyoto City; Meacum; Meako","35.0116","135.7681","wikidata","Q34600","40","illustrative_city","source:jp-kyoto:master","variant:jp-kyoto:md","variant:jp-kyoto:lg","entity_verified_rights_unresolved","illustrative","unresolved","https://www.japan.travel/en/destinations/kansai/kyoto/","docs/assets/catalog/japan-destination-entity-evidence.v1.jsonl","exact municipality: Kyoto (Q34600); current administrative boundary, not the wider marketing region","現行京都市。京都府全域ではない。","京都府","wikidata_P625","https://www.wikidata.org/w/index.php?title=Q34600&oldid=2539627573","JNTO_directory","https://www.japan.travel/en/destinations/kansai/kyoto/","exact municipality: Kyoto (Q34600); current administrative boundary, not the wider marketing region","","verified"
"jp-osaka","JP-S-01","S","kansai","JP","osaka","大阪府","Osaka","region","大阪市","大阪市","Osaka","大阪市","Osaka; 水の都; 天下の台所; 東洋のマンチェスター; 煙の都; 八百八橋; 大大阪; おおさかし; 大阪; 大坂; Osaka City; Ōsaka City","34.6938","135.5021","wikidata","Q35765","40","illustrative_city","source:jp-osaka:master","variant:jp-osaka:md","variant:jp-osaka:lg","entity_verified_rights_unresolved","illustrative","unresolved","https://www.japan.travel/en/destinations/kansai/osaka/","docs/assets/catalog/japan-destination-entity-evidence.v1.jsonl","named geographic region: Osaka (Q35765); entity footprint only; lake means lake, peninsula means peninsula, archipelago means listed islands","現行大阪市。大阪府全域や曖昧な大阪中心部項目は採用しない。","大阪府","wikidata_P625","https://www.wikidata.org/w/index.php?title=Q35765&oldid=2539626242","JNTO_directory","https://www.japan.travel/en/destinations/kansai/osaka/","named geographic region: Osaka (Q35765); entity footprint only; lake means lake, peninsula means peninsula, archipelago means listed islands","","verified"
"jp-sapporo","JP-S-01","S","hokkaido","JP","hokkaido","北海道","Hokkaido","city","札幌市","札幌市","Sapporo","札幌市","Sapporo; 札幌区; 道都; サツホロ; シヤツホロ; 札幌; サッ・ポロ・ペッ; 札幌區; sat poro pet","43.062","141.354","wikidata","Q37951","40","illustrative_city","source:jp-sapporo:master","variant:jp-sapporo:md","variant:jp-sapporo:lg","entity_verified_rights_unresolved","illustrative","unresolved","https://www.japan.travel/en/destinations/hokkaido/hokkaido/sapporo-and-around","docs/assets/catalog/japan-destination-entity-evidence.v1.jsonl","exact municipality: Sapporo (Q37951); current administrative boundary, not the wider marketing region","Exact name/alias, current geographic type and prefecture chain checked against pinned open-knowledge evidence.","北海道","wikidata_P625","https://www.wikidata.org/w/index.php?title=Q37951&oldid=2541596907","JNTO_directory","https://www.japan.travel/en/destinations/hokkaido/hokkaido/sapporo-and-around","exact municipality: Sapporo (Q37951); current administrative boundary, not the wider marketing region","","verified"
"jp-fukuoka","JP-S-01","S","kyushu-okinawa","JP","fukuoka","福岡県","Fukuoka","city","福冈市","福岡市","Fukuoka","福岡市","Fukuoka; 福岡区; 福冈市; Fukuoka City","33.5901","130.4017","wikidata","Q26600","40","illustrative_city","source:jp-fukuoka:master","variant:jp-fukuoka:md","variant:jp-fukuoka:lg","entity_verified_rights_unresolved","illustrative","unresolved","https://www.japan.travel/en/destinations/kyushu/fukuoka/","docs/assets/catalog/japan-destination-entity-evidence.v1.jsonl","exact municipality: Fukuoka (Q26600); current administrative boundary, not the wider marketing region","Exact name/alias, current geographic type and prefecture chain checked against pinned open-knowledge evidence.","福冈县","wikidata_P625","https://www.wikidata.org/w/index.php?title=Q26600&oldid=2532488985","JNTO_directory","https://www.japan.travel/en/destinations/kyushu/fukuoka/","exact municipality: Fukuoka (Q26600); current administrative boundary, not the wider marketing region","","verified"
"jp-yokohama","JP-S-01","S","kanto","JP","kanagawa","神奈川県","Kanagawa","city","横滨市","横浜市","Yokohama","横浜市","Yokohama; 横濱; 横濱市; 横滨市; 横浜市; 橫濱; 横滨; Yokohama City","35.4503","139.6342","wikidata","Q38283","40","illustrative_city","source:jp-yokohama:master","variant:jp-yokohama:md","variant:jp-yokohama:lg","entity_verified_rights_unresolved","illustrative","unresolved","https://www.japan.travel/en/destinations/kanto/kanagawa/yokohama-and-around","docs/assets/catalog/japan-destination-entity-evidence.v1.jsonl","exact municipality: Yokohama (Q38283); current administrative boundary, not the wider marketing region","Exact name/alias, current geographic type and prefecture chain checked against pinned open-knowledge evidence.","神奈川县","wikidata_P625","https://www.wikidata.org/w/index.php?title=Q38283&oldid=2539627494","JNTO_directory","https://www.japan.travel/en/destinations/kanto/kanagawa/yokohama-and-around","exact municipality: Yokohama (Q38283); current administrative boundary, not the wider marketing region","","verified"
"jp-hakone","JP-S-01","S","kanto","JP","kanagawa","神奈川県","Kanagawa","town","箱根町","箱根町","Hakone","箱根町","Hakone; 箱根駅","35.2324","139.1069","wikidata","Q671040","40","illustrative_city","source:jp-hakone:master","variant:jp-hakone:md","variant:jp-hakone:lg","entity_verified_rights_unresolved","illustrative","unresolved","https://www.japan.travel/en/destinations/kanto/kanagawa/hakone-and-around","docs/assets/catalog/japan-destination-entity-evidence.v1.jsonl","exact municipality: Hakone (Q671040); current administrative boundary, not the wider marketing region","現行箱根町。国際観光都市指定は行政市への分類変更を意味しない。","神奈川县","wikidata_P625","https://www.wikidata.org/w/index.php?title=Q671040&oldid=2530499892","JNTO_directory","https://www.japan.travel/en/destinations/kanto/kanagawa/hakone-and-around","exact municipality: Hakone (Q671040); current administrative boundary, not the wider marketing region","","verified"
"jp-kamakura","JP-S-01","S","kanto","JP","kanagawa","神奈川県","Kanagawa","city","镰仓市","鎌倉市","Kamakura","鎌倉市","Kamakura; 鎌倉市","35.319","139.547","wikidata","Q200267","40","illustrative_city","source:jp-kamakura:master","variant:jp-kamakura:md","variant:jp-kamakura:lg","entity_verified_rights_unresolved","illustrative","unresolved","https://www.japan.travel/en/destinations/kanto/kanagawa/kamakura-and-around","docs/assets/catalog/japan-destination-entity-evidence.v1.jsonl","exact municipality: Kamakura (Q200267); current administrative boundary, not the wider marketing region","Exact name/alias, current geographic type and prefecture chain checked against pinned open-knowledge evidence.","神奈川县","wikidata_P625","https://www.wikidata.org/w/index.php?title=Q200267&oldid=2527210061","JNTO_directory","https://www.japan.travel/en/destinations/kanto/kanagawa/kamakura-and-around","exact municipality: Kamakura (Q200267); current administrative boundary, not the wider marketing region","","verified"
"jp-nara","JP-S-01","S","kansai","JP","nara","奈良県","Nara","city","奈良市","奈良市","Nara","奈良市","Nara; 那羅; 寧楽; 平城; 南都","34.6850","135.8048","wikidata","Q169134","40","illustrative_city","source:jp-nara:master","variant:jp-nara:md","variant:jp-nara:lg","entity_verified_rights_unresolved","illustrative","unresolved","https://www.japan.travel/en/destinations/kansai/nara/","docs/assets/catalog/japan-destination-entity-evidence.v1.jsonl","exact municipality: Nara (Q169134); current administrative boundary, not the wider marketing region","Exact name/alias, current geographic type and prefecture chain checked against pinned open-knowledge evidence.","奈良县","wikidata_P625","https://www.wikidata.org/w/index.php?title=Q169134&oldid=2530459090","JNTO_directory","https://www.japan.travel/en/destinations/kansai/nara/","exact municipality: Nara (Q169134); current administrative boundary, not the wider marketing region","","verified"
"jp-kobe","JP-S-01","S","kansai","JP","hyogo","兵庫県","Hyogo","city","神户市","神戸市","Kobe","神戸市","Kobe; こうべし; 神戸市; 神户市; 神戸; 神户; 神戶; Kobe City; Kobe-shi; Kōbe-shi; Kōbe; Koube-shi; Koube","34.6902","135.1954","wikidata","Q48320","40","illustrative_city","source:jp-kobe:master","variant:jp-kobe:md","variant:jp-kobe:lg","entity_verified_rights_unresolved","illustrative","unresolved","https://www.japan.travel/en/destinations/kansai/hyogo/kobe-and-around","docs/assets/catalog/japan-destination-entity-evidence.v1.jsonl","exact municipality: Kobe (Q48320); current administrative boundary, not the wider marketing region","Exact name/alias, current geographic type and prefecture chain checked against pinned open-knowledge evidence.","兵库县","wikidata_P625","https://www.wikidata.org/w/index.php?title=Q48320&oldid=2532459587","JNTO_directory","https://www.japan.travel/en/destinations/kansai/hyogo/kobe-and-around","exact municipality: Kobe (Q48320); current administrative boundary, not the wider marketing region","","verified"
"jp-hiroshima","JP-S-02","S","chugoku","JP","hiroshima","広島県","Hiroshima","city","广岛市","広島市","Hiroshima","広島市","Hiroshima; 廣島市; 広島区; 廣嶋; Hiroshima City; City of Hiroshima","34.3852","132.4553","wikidata","Q34664","40","illustrative_city","source:jp-hiroshima:master","variant:jp-hiroshima:md","variant:jp-hiroshima:lg","entity_verified_rights_unresolved","illustrative","unresolved","https://www.japan.travel/en/destinations/chugoku/hiroshima/","docs/assets/catalog/japan-destination-entity-evidence.v1.jsonl","exact municipality: Hiroshima (Q34664); current administrative boundary, not the wider marketing region","Exact name/alias, current geographic type and prefecture chain checked against pinned open-knowledge evidence.","广岛县","wikidata_P625","https://www.wikidata.org/w/index.php?title=Q34664&oldid=2532548241","JNTO_directory","https://www.japan.travel/en/destinations/chugoku/hiroshima/","exact municipality: Hiroshima (Q34664); current administrative boundary, not the wider marketing region","","verified"
"jp-miyajima","JP-S-02","S","chugoku","JP","hiroshima","広島県","Hiroshima","island","严岛","厳島","Itsukushima","厳島","Miyajima; 安芸の宮島; 伊都岐島; 宮島; 安藝之宮島; 宫岛; 安藝宮島","","","wikidata","Q875301","40","illustrative_city","source:jp-miyajima:master","variant:jp-miyajima:md","variant:jp-miyajima:lg","entity_resolution_required","illustrative","unresolved","https://www.japan.travel/en/destinations/chugoku/hiroshima/miyajima","docs/assets/catalog/japan-destination-entity-evidence.v1.jsonl","island-wide: Itsukushima (Q875301); this island only, excluding other islands of its municipality","Exact name/alias, current geographic type and prefecture chain checked against pinned open-knowledge evidence. unknown_coordinate_precision","广岛县","","","JNTO_directory","https://www.japan.travel/en/destinations/chugoku/hiroshima/miyajima","island-wide: Itsukushima (Q875301); this island only, excluding other islands of its municipality","","unresolved"
"jp-nagoya","JP-S-02","S","chubu","JP","aichi","愛知県","Aichi","city","名古屋市","名古屋市","Nagoya","名古屋市","Nagoya; 名古屋; 中京; Nagoya-shi; Nagoya City","35.181","136.906","wikidata","Q11751","40","illustrative_city","source:jp-nagoya:master","variant:jp-nagoya:md","variant:jp-nagoya:lg","entity_verified_rights_unresolved","illustrative","unresolved","https://www.japan.travel/en/destinations/tokai/aichi/nagoya-station-and-around/","docs/assets/catalog/japan-destination-entity-evidence.v1.jsonl","exact municipality: Nagoya (Q11751); current administrative boundary, not the wider marketing region","Exact name/alias, current geographic type and prefecture chain checked against pinned open-knowledge evidence.","爱知县","wikidata_P625","https://www.wikidata.org/w/index.php?title=Q11751&oldid=2539627459","JNTO_directory","https://www.japan.travel/en/destinations/tokai/aichi/nagoya-station-and-around/","exact municipality: Nagoya (Q11751); current administrative boundary, not the wider marketing region","","verified"
"jp-kanazawa","JP-S-02","S","chubu","JP","ishikawa","石川県","Ishikawa","city","金泽市","金沢市","Kanazawa","金沢市","Kanazawa; 金沢区; 金澤市; 金泽市; 金澤區","36.5611","136.6565","wikidata","Q191130","40","illustrative_city","source:jp-kanazawa:master","variant:jp-kanazawa:md","variant:jp-kanazawa:lg","entity_verified_rights_unresolved","illustrative","unresolved","https://www.japan.travel/en/destinations/hokuriku-shinetsu/ishikawa/kanazawa-and-around","docs/assets/catalog/japan-destination-entity-evidence.v1.jsonl","exact municipality: Kanazawa (Q191130); current administrative boundary, not the wider marketing region","Exact name/alias, current geographic type and prefecture chain checked against pinned open-knowledge evidence.","石川县","wikidata_P625","https://www.wikidata.org/w/index.php?title=Q191130&oldid=2530462960","JNTO_directory","https://www.japan.travel/en/destinations/hokuriku-shinetsu/ishikawa/kanazawa-and-around","exact municipality: Kanazawa (Q191130); current administrative boundary, not the wider marketing region","","verified"
"jp-takayama","JP-S-02","S","chubu","JP","gifu","岐阜県","Gifu","city","高山市","高山市","Takayama","高山市","Takayama; 飛騨高山; 飛驒高山; Hida-Takayama","36.1460","137.2522","wikidata","Q622594","40","illustrative_city","source:jp-takayama:master","variant:jp-takayama:md","variant:jp-takayama:lg","entity_verified_rights_unresolved","illustrative","unresolved","https://www.japan.travel/en/destinations/tokai/gifu/takayama-and-around","docs/assets/catalog/japan-destination-entity-evidence.v1.jsonl","exact municipality: Takayama (Q622594); current administrative boundary, not the wider marketing region","Exact name/alias, current geographic type and prefecture chain checked against pinned open-knowledge evidence.","岐阜县","wikidata_P625","https://www.wikidata.org/w/index.php?title=Q622594&oldid=2530498600","JNTO_directory","https://www.japan.travel/en/destinations/tokai/gifu/takayama-and-around","exact municipality: Takayama (Q622594); current administrative boundary, not the wider marketing region","","verified"
"jp-shirakawa-go","JP-S-02","S","chubu","JP","gifu","岐阜県","Gifu","historic_district","白川乡","白川郷","Shirakawa-gō","白川郷","Shirakawa-go; Shirakawagō; Shirakawago; Shirakawagou","36.2567","136.9050","wikidata","Q1002193","40","illustrative_city","source:jp-shirakawa-go:master","variant:jp-shirakawa-go:md","variant:jp-shirakawa-go:lg","entity_resolution_required","illustrative","unresolved","","docs/assets/catalog/japan-destination-entity-evidence.v1.jsonl","historic district: Shirakawa-gō (Q1002193); named historic settlement/heritage footprint only, not its entire municipality","白川郷の歴史集落地域。白川村全域と同一視しない。 开放实体同时关联白川村和高山市，旅游覆盖与历史范围需官方边界复核；不自动把高山市设为唯一父级。 manual_review_hold","岐阜县","wikidata_P625","https://www.wikidata.org/w/index.php?title=Q1002193&oldid=2541641296","","","historic district: Shirakawa-gō (Q1002193); named historic settlement/heritage footprint only, not its entire municipality","","unresolved"
"jp-nikko","JP-S-02","S","kanto","JP","tochigi","栃木県","Tochigi","city","日光市","日光市","Nikkō-shi","日光市","Nikko; 日光町; Nikko City; Nikko-shi; Nikkō","36.7198","139.6982","wikidata","Q235753","40","illustrative_city","source:jp-nikko:master","variant:jp-nikko:md","variant:jp-nikko:lg","entity_verified_rights_unresolved","illustrative","unresolved","https://www.japan.travel/en/destinations/kanto/tochigi/nikko-area","docs/assets/catalog/japan-destination-entity-evidence.v1.jsonl","exact municipality: Nikkō-shi (Q235753); current administrative boundary, not the wider marketing region","Exact name/alias, current geographic type and prefecture chain checked against pinned open-knowledge evidence.","栃木县","wikidata_P625","https://www.wikidata.org/w/index.php?title=Q235753&oldid=2538826831","JNTO_directory","https://www.japan.travel/en/destinations/kanto/tochigi/nikko-area","exact municipality: Nikkō-shi (Q235753); current administrative boundary, not the wider marketing region","","verified"
"jp-sendai","JP-S-02","S","tohoku","JP","miyagi","宮城県","Miyagi","city","仙台市","仙台市","Sendai","仙台市","Sendai; 仙都; 杜の都; 仙臺; 千代; 先代; 僊臺; 学都仙台; 楽都仙台; 仙台; 仙臺市","38.2682","140.8694","wikidata","Q46747","40","illustrative_city","source:jp-sendai:master","variant:jp-sendai:md","variant:jp-sendai:lg","entity_verified_rights_unresolved","illustrative","unresolved","https://www.japan.travel/en/destinations/tohoku/miyagi/sendai-area/","docs/assets/catalog/japan-destination-entity-evidence.v1.jsonl","exact municipality: Sendai (Q46747); current administrative boundary, not the wider marketing region","Exact name/alias, current geographic type and prefecture chain checked against pinned open-knowledge evidence.","宫城县","wikidata_P625","https://www.wikidata.org/w/index.php?title=Q46747&oldid=2525238493","JNTO_directory","https://www.japan.travel/en/destinations/tohoku/miyagi/sendai-area/","exact municipality: Sendai (Q46747); current administrative boundary, not the wider marketing region","","verified"
"jp-hakodate","JP-S-02","S","hokkaido","JP","hokkaido","北海道","Hokkaido","city","函馆市","函館市","Hakodate","函館市","Hakodate; 函館区; 箱館; 函馆市; 函館; 函馆","41.7687","140.7289","wikidata","Q26418","40","illustrative_city","source:jp-hakodate:master","variant:jp-hakodate:md","variant:jp-hakodate:lg","entity_verified_rights_unresolved","illustrative","unresolved","https://www.japan.travel/en/destinations/hokkaido/hokkaido/hakodate-and-hokkaido-south/","docs/assets/catalog/japan-destination-entity-evidence.v1.jsonl","exact municipality: Hakodate (Q26418); current administrative boundary, not the wider marketing region","Exact name/alias, current geographic type and prefecture chain checked against pinned open-knowledge evidence.","北海道","wikidata_P625","https://www.wikidata.org/w/index.php?title=Q26418&oldid=2534238327","JNTO_directory","https://www.japan.travel/en/destinations/hokkaido/hokkaido/hakodate-and-hokkaido-south/","exact municipality: Hakodate (Q26418); current administrative boundary, not the wider marketing region","","verified"
"jp-otaru","JP-S-02","S","hokkaido","JP","hokkaido","北海道","Hokkaido","city","小樽市","小樽市","Otaru","小樽市","Otaru; 小樽区; 小樽内; 小樽","43.1907","140.9944","wikidata","Q242108","40","illustrative_city","source:jp-otaru:master","variant:jp-otaru:md","variant:jp-otaru:lg","entity_verified_rights_unresolved","illustrative","unresolved","","docs/assets/catalog/japan-destination-entity-evidence.v1.jsonl","exact municipality: Otaru (Q242108); current administrative boundary, not the wider marketing region","Exact name/alias, current geographic type and prefecture chain checked against pinned open-knowledge evidence.","北海道","wikidata_P625","https://www.wikidata.org/w/index.php?title=Q242108&oldid=2534238981","","","exact municipality: Otaru (Q242108); current administrative boundary, not the wider marketing region","","verified"
"jp-beppu","JP-S-03","S","kyushu-okinawa","JP","oita","大分県","Oita","city","别府市","別府市","Beppu","別府市","Beppu; 別府村; 別府町; 別府","","","wikidata","Q273880","40","illustrative_city","source:jp-beppu:master","variant:jp-beppu:md","variant:jp-beppu:lg","entity_resolution_required","illustrative","unresolved","https://www.japan.travel/en/destinations/kyushu/oita/beppu-and-yufuin-around/","docs/assets/catalog/japan-destination-entity-evidence.v1.jsonl","exact municipality: Beppu (Q273880); current administrative boundary, not the wider marketing region","Exact name/alias, current geographic type and prefecture chain checked against pinned open-knowledge evidence. conflicting_representative_coordinates","大分县","","","JNTO_directory","https://www.japan.travel/en/destinations/kyushu/oita/beppu-and-yufuin-around/","exact municipality: Beppu (Q273880); current administrative boundary, not the wider marketing region","","unresolved"
"jp-yufuin","JP-S-03","S","kyushu-okinawa","JP","oita","大分県","Oita","hot_spring_area","由布院温泉","由布院温泉","Yufuin Onsen","由布院温泉","Yufuin; 湯布院温泉","33.2660","131.3686","wikidata","Q11264855","40","illustrative_city","source:jp-yufuin:master","variant:jp-yufuin:md","variant:jp-yufuin:lg","entity_verified_rights_unresolved","illustrative","unresolved","","docs/assets/catalog/japan-destination-entity-evidence.v1.jsonl","named hot-spring district: Yufuin Onsen (Q11264855); named spa cluster only, not its entire municipality","由布院温泉の観光地区。廃止された湯布院町を現行町として扱わない。","大分县","wikidata_P625","https://www.wikidata.org/w/index.php?title=Q11264855&oldid=2439351161","","","named hot-spring district: Yufuin Onsen (Q11264855); named spa cluster only, not its entire municipality","","verified"
"jp-nagasaki","JP-S-03","S","kyushu-okinawa","JP","nagasaki","長崎県","Nagasaki","city","长崎市","長崎市","Nagasaki","長崎市","Nagasaki; 長崎市","32.7495","129.8796","wikidata","Q38234","40","illustrative_city","source:jp-nagasaki:master","variant:jp-nagasaki:md","variant:jp-nagasaki:lg","entity_verified_rights_unresolved","illustrative","unresolved","https://www.japan.travel/en/destinations/kyushu/nagasaki/","docs/assets/catalog/japan-destination-entity-evidence.v1.jsonl","exact municipality: Nagasaki (Q38234); current administrative boundary, not the wider marketing region","Exact name/alias, current geographic type and prefecture chain checked against pinned open-knowledge evidence.","长崎县","wikidata_P625","https://www.wikidata.org/w/index.php?title=Q38234&oldid=2530487314","JNTO_directory","https://www.japan.travel/en/destinations/kyushu/nagasaki/","exact municipality: Nagasaki (Q38234); current administrative boundary, not the wider marketing region","","verified"
"jp-kumamoto","JP-S-03","S","kyushu-okinawa","JP","kumamoto","熊本県","Kumamoto","city","熊本市","熊本市","Kumamoto","熊本市","Kumamoto","32.8030","130.7079","wikidata","Q199889","40","illustrative_city","source:jp-kumamoto:master","variant:jp-kumamoto:md","variant:jp-kumamoto:lg","entity_verified_rights_unresolved","illustrative","unresolved","https://www.japan.travel/en/destinations/kyushu/kumamoto/","docs/assets/catalog/japan-destination-entity-evidence.v1.jsonl","exact municipality: Kumamoto (Q199889); current administrative boundary, not the wider marketing region","Exact name/alias, current geographic type and prefecture chain checked against pinned open-knowledge evidence.","熊本县","wikidata_P625","https://www.wikidata.org/w/index.php?title=Q199889&oldid=2530464364","JNTO_directory","https://www.japan.travel/en/destinations/kyushu/kumamoto/","exact municipality: Kumamoto (Q199889); current administrative boundary, not the wider marketing region","","verified"
"jp-aso","JP-S-03","S","kyushu-okinawa","JP","kumamoto","熊本県","Kumamoto","city","阿苏市","阿蘇市","Aso","阿蘇市","Aso","32.9521","131.1213","wikidata","Q733681","40","illustrative_city","source:jp-aso:master","variant:jp-aso:md","variant:jp-aso:lg","entity_verified_rights_unresolved","illustrative","unresolved","https://www.japan.travel/en/destinations/kyushu/kumamoto/aso-and-around","docs/assets/catalog/japan-destination-entity-evidence.v1.jsonl","exact municipality: Aso (Q733681); current administrative boundary, not the wider marketing region","Exact name/alias, current geographic type and prefecture chain checked against pinned open-knowledge evidence.","熊本县","wikidata_P625","https://www.wikidata.org/w/index.php?title=Q733681&oldid=2530501499","JNTO_directory","https://www.japan.travel/en/destinations/kyushu/kumamoto/aso-and-around","exact municipality: Aso (Q733681); current administrative boundary, not the wider marketing region","","verified"
"jp-kagoshima","JP-S-03","S","kyushu-okinawa","JP","kagoshima","鹿児島県","Kagoshima","city","鹿儿岛市","鹿児島市","Kagoshima","鹿児島市","Kagoshima; 鹿兒島","31.5968","130.5571","wikidata","Q15674","40","illustrative_city","source:jp-kagoshima:master","variant:jp-kagoshima:md","variant:jp-kagoshima:lg","entity_verified_rights_unresolved","illustrative","unresolved","https://www.japan.travel/en/destinations/kyushu/kagoshima/","docs/assets/catalog/japan-destination-entity-evidence.v1.jsonl","exact municipality: Kagoshima (Q15674); current administrative boundary, not the wider marketing region","Exact name/alias, current geographic type and prefecture chain checked against pinned open-knowledge evidence.","鹿儿岛县","wikidata_P625","https://www.wikidata.org/w/index.php?title=Q15674&oldid=2530456522","JNTO_directory","https://www.japan.travel/en/destinations/kyushu/kagoshima/","exact municipality: Kagoshima (Q15674); current administrative boundary, not the wider marketing region","","verified"
"jp-naha","JP-S-03","S","kyushu-okinawa","JP","okinawa","沖縄県","Okinawa","city","那霸市","那覇市","Naha","那覇市","Naha; 那霸市; 那覇区; ナーファ; ナファ; 那霸; Napa","26.212","127.679","wikidata","Q181966","40","illustrative_city","source:jp-naha:master","variant:jp-naha:md","variant:jp-naha:lg","entity_verified_rights_unresolved","illustrative","unresolved","https://www.japan.travel/en/destinations/okinawa/okinawa/naha-and-the-main-island","docs/assets/catalog/japan-destination-entity-evidence.v1.jsonl","exact municipality: Naha (Q181966); current administrative boundary, not the wider marketing region","Exact name/alias, current geographic type and prefecture chain checked against pinned open-knowledge evidence.","冲绳县","wikidata_P625","https://www.wikidata.org/w/index.php?title=Q181966&oldid=2530461801","JNTO_directory","https://www.japan.travel/en/destinations/okinawa/okinawa/naha-and-the-main-island","exact municipality: Naha (Q181966); current administrative boundary, not the wider marketing region","","verified"
"jp-ishigaki","JP-S-03","S","kyushu-okinawa","JP","okinawa","沖縄県","Okinawa","island","石垣岛","石垣島","Ishigaki Island","石垣島","Ishigaki; いしがきじま; 石垣岛; Ishigakijima; Ishigaki-jima","24.403","124.194","wikidata","Q714339","40","illustrative_city","source:jp-ishigaki:master","variant:jp-ishigaki:md","variant:jp-ishigaki:lg","entity_verified_rights_unresolved","illustrative","unresolved","","docs/assets/catalog/japan-destination-entity-evidence.v1.jsonl","island-wide: Ishigaki Island (Q714339); this island only, excluding other islands of its municipality","石垣島全域。石垣市の市域とは区別し、別の離島を含めない。","冲绳县","wikidata_P625","https://www.wikidata.org/w/index.php?title=Q714339&oldid=2487120045","","","island-wide: Ishigaki Island (Q714339); this island only, excluding other islands of its municipality","","verified"
"jp-matsuyama","JP-S-03","S","shikoku","JP","ehime","愛媛県","Ehime","city","松山市","松山市","Matsuyama","松山市","Matsuyama; Matsuyama, Ehime; Matsuyama, Japan","33.8392","132.7656","wikidata","Q200022","40","illustrative_city","source:jp-matsuyama:master","variant:jp-matsuyama:md","variant:jp-matsuyama:lg","entity_verified_rights_unresolved","illustrative","unresolved","https://www.japan.travel/en/destinations/shikoku/ehime/matsuyama-and-around","docs/assets/catalog/japan-destination-entity-evidence.v1.jsonl","exact municipality: Matsuyama (Q200022); current administrative boundary, not the wider marketing region","Exact name/alias, current geographic type and prefecture chain checked against pinned open-knowledge evidence.","爱媛县","wikidata_P625","https://www.wikidata.org/w/index.php?title=Q200022&oldid=2530464374","JNTO_directory","https://www.japan.travel/en/destinations/shikoku/ehime/matsuyama-and-around","exact municipality: Matsuyama (Q200022); current administrative boundary, not the wider marketing region","","verified"
"jp-takamatsu","JP-S-03","S","shikoku","JP","kagawa","香川県","Kagawa","city","高松市","高松市","Takamatsu","高松市","Takamatsu; 高松","34.3428","134.0466","wikidata","Q200707","40","illustrative_city","source:jp-takamatsu:master","variant:jp-takamatsu:md","variant:jp-takamatsu:lg","entity_verified_rights_unresolved","illustrative","unresolved","https://www.japan.travel/en/destinations/shikoku/kagawa/takamatsu-area","docs/assets/catalog/japan-destination-entity-evidence.v1.jsonl","exact municipality: Takamatsu (Q200707); current administrative boundary, not the wider marketing region","Exact name/alias, current geographic type and prefecture chain checked against pinned open-knowledge evidence.","香川县","wikidata_P625","https://www.wikidata.org/w/index.php?title=Q200707&oldid=2534227792","JNTO_directory","https://www.japan.travel/en/destinations/shikoku/kagawa/takamatsu-area","exact municipality: Takamatsu (Q200707); current administrative boundary, not the wider marketing region","","verified"
"jp-kochi","JP-S-04","S","shikoku","JP","kochi","高知県","Kochi","city","高知市","高知市","Kōchi-shi","高知市","Kochi; こうちし; Kochi City; Kochi-shi","33.5588","133.5312","wikidata","Q200251","40","illustrative_city","source:jp-kochi:master","variant:jp-kochi:md","variant:jp-kochi:lg","entity_verified_rights_unresolved","illustrative","unresolved","https://www.japan.travel/en/destinations/shikoku/kochi/","docs/assets/catalog/japan-destination-entity-evidence.v1.jsonl","exact municipality: Kōchi-shi (Q200251); current administrative boundary, not the wider marketing region","Exact name/alias, current geographic type and prefecture chain checked against pinned open-knowledge evidence.","高知县","wikidata_P625","https://www.wikidata.org/w/index.php?title=Q200251&oldid=2541266784","JNTO_directory","https://www.japan.travel/en/destinations/shikoku/kochi/","exact municipality: Kōchi-shi (Q200251); current administrative boundary, not the wider marketing region","","verified"
"jp-fujikawaguchiko","JP-S-04","S","chubu","JP","yamanashi","山梨県","Yamanashi","town","富士河口湖町","富士河口湖町","Fujikawaguchiko","富士河口湖町","Fujikawaguchiko; Fuji-Kawaguchiko","35.4973","138.7549","wikidata","Q1004231","40","illustrative_city","source:jp-fujikawaguchiko:master","variant:jp-fujikawaguchiko:md","variant:jp-fujikawaguchiko:lg","entity_verified_rights_unresolved","illustrative","unresolved","","docs/assets/catalog/japan-destination-entity-evidence.v1.jsonl","exact municipality: Fujikawaguchiko (Q1004231); current administrative boundary, not the wider marketing region","Exact name/alias, current geographic type and prefecture chain checked against pinned open-knowledge evidence.","山梨县","wikidata_P625","https://www.wikidata.org/w/index.php?title=Q1004231&oldid=2530440838","","","exact municipality: Fujikawaguchiko (Q1004231); current administrative boundary, not the wider marketing region","","verified"
"jp-karuizawa","JP-S-04","S","chubu","JP","nagano","長野県","Nagano","town","轻井泽町","軽井沢町","Karuizawa","軽井沢町","Karuizawa; 東長倉村","36.3484","138.5970","wikidata","Q1012064","40","illustrative_city","source:jp-karuizawa:master","variant:jp-karuizawa:md","variant:jp-karuizawa:lg","entity_verified_rights_unresolved","illustrative","unresolved","https://www.japan.travel/en/destinations/hokuriku-shinetsu/nagano/karuizawa","docs/assets/catalog/japan-destination-entity-evidence.v1.jsonl","exact municipality: Karuizawa (Q1012064); current administrative boundary, not the wider marketing region","Exact name/alias, current geographic type and prefecture chain checked against pinned open-knowledge evidence.","长野县","wikidata_P625","https://www.wikidata.org/w/index.php?title=Q1012064&oldid=2530441489","JNTO_directory","https://www.japan.travel/en/destinations/hokuriku-shinetsu/nagano/karuizawa","exact municipality: Karuizawa (Q1012064); current administrative boundary, not the wider marketing region","","verified"
"jp-matsumoto","JP-S-04","S","chubu","JP","nagano","長野県","Nagano","city","松本市","松本市","Matsumoto","松本市","Matsumoto; 松本町","36.2380","137.9720","wikidata","Q213324","40","illustrative_city","source:jp-matsumoto:master","variant:jp-matsumoto:md","variant:jp-matsumoto:lg","entity_verified_rights_unresolved","illustrative","unresolved","https://www.japan.travel/en/destinations/hokuriku-shinetsu/nagano/matsumoto-and-around","docs/assets/catalog/japan-destination-entity-evidence.v1.jsonl","exact municipality: Matsumoto (Q213324); current administrative boundary, not the wider marketing region","Exact name/alias, current geographic type and prefecture chain checked against pinned open-knowledge evidence.","长野县","wikidata_P625","https://www.wikidata.org/w/index.php?title=Q213324&oldid=2541494029","JNTO_directory","https://www.japan.travel/en/destinations/hokuriku-shinetsu/nagano/matsumoto-and-around","exact municipality: Matsumoto (Q213324); current administrative boundary, not the wider marketing region","","verified"
"jp-furano","JP-S-04","S","hokkaido","JP","hokkaido","北海道","Hokkaido","city","富良野市","富良野市","Furano","富良野市","Furano; 富良野; Hurano","43.3420","142.3832","wikidata","Q654738","40","illustrative_city","source:jp-furano:master","variant:jp-furano:md","variant:jp-furano:lg","entity_verified_rights_unresolved","illustrative","unresolved","","docs/assets/catalog/japan-destination-entity-evidence.v1.jsonl","exact municipality: Furano (Q654738); current administrative boundary, not the wider marketing region","Exact name/alias, current geographic type and prefecture chain checked against pinned open-knowledge evidence.","北海道","wikidata_P625","https://www.wikidata.org/w/index.php?title=Q654738&oldid=2534244874","","","exact municipality: Furano (Q654738); current administrative boundary, not the wider marketing region","","verified"
"jp-biei","JP-S-04","S","hokkaido","JP","hokkaido","北海道","Hokkaido","town","美瑛町","美瑛町","Biei","美瑛町","Biei; 美瑛村; 美瑛","43.588","142.467","wikidata","Q1355491","40","illustrative_city","source:jp-biei:master","variant:jp-biei:md","variant:jp-biei:lg","entity_verified_rights_unresolved","illustrative","unresolved","","docs/assets/catalog/japan-destination-entity-evidence.v1.jsonl","exact municipality: Biei (Q1355491); current administrative boundary, not the wider marketing region","Exact name/alias, current geographic type and prefecture chain checked against pinned open-knowledge evidence.","北海道","wikidata_P625","https://www.wikidata.org/w/index.php?title=Q1355491&oldid=2539068723","","","exact municipality: Biei (Q1355491); current administrative boundary, not the wider marketing region","","verified"
"jp-niseko","JP-S-04","S","hokkaido","JP","hokkaido","北海道","Hokkaido","resort_area","新雪谷","ニセコ","Niseko","ニセコ","Niseko","","","wikidata","Q11324349","40","illustrative_city","source:jp-niseko:master","variant:jp-niseko:md","variant:jp-niseko:lg","entity_resolution_required","illustrative","unresolved","https://www.japan.travel/en/destinations/hokkaido/hokkaido/niseko-and-nearby-ski-resorts/","docs/assets/catalog/japan-destination-entity-evidence.v1.jsonl","named resort cluster: Niseko (Q11324349); resort grounds only, not the entire host municipality","ニセコのリゾートエリア。ニセコ町単独と同一視せず、境界不足時は未解決。 missing_Japan_coordinate","北海道","","","JNTO_directory","https://www.japan.travel/en/destinations/hokkaido/hokkaido/niseko-and-nearby-ski-resorts/","named resort cluster: Niseko (Q11324349); resort grounds only, not the entire host municipality","","unresolved"
"jp-shiretoko","JP-S-04","S","hokkaido","JP","hokkaido","北海道","Hokkaido","region","知床半岛","知床半島","Shiretoko Peninsula","知床半島","Shiretoko; Shiretoko-hantō","","","wikidata","Q629238","40","illustrative_city","source:jp-shiretoko:master","variant:jp-shiretoko:md","variant:jp-shiretoko:lg","entity_resolution_required","illustrative","unresolved","","docs/assets/catalog/japan-destination-entity-evidence.v1.jsonl","named geographic region: Shiretoko Peninsula (Q629238); entity footprint only; lake means lake, peninsula means peninsula, archipelago means listed islands","知床半島の地理範囲。国立公園の範囲だけとは区別。 conflicting_representative_coordinates","北海道","","","","","named geographic region: Shiretoko Peninsula (Q629238); entity footprint only; lake means lake, peninsula means peninsula, archipelago means listed islands","jp-rausu","unresolved"
"jp-noboribetsu","JP-S-04","S","hokkaido","JP","hokkaido","北海道","Hokkaido","city","登别市","登別市","Noboribetsu","登別市","Noboribetsu; 幌別村; 幌別町; 登別町; Noboribetu; Horobetsu; Noboribetsu-shi","","","wikidata","Q428989","40","illustrative_city","source:jp-noboribetsu:master","variant:jp-noboribetsu:md","variant:jp-noboribetsu:lg","entity_resolution_required","illustrative","unresolved","","docs/assets/catalog/japan-destination-entity-evidence.v1.jsonl","exact municipality: Noboribetsu (Q428989); current administrative boundary, not the wider marketing region","Exact name/alias, current geographic type and prefecture chain checked against pinned open-knowledge evidence. conflicting_representative_coordinates","北海道","","","","","exact municipality: Noboribetsu (Q428989); current administrative boundary, not the wider marketing region","","unresolved"
"jp-lake-toya","JP-S-04","S","hokkaido","JP","hokkaido","北海道","Hokkaido","region","洞爷湖","洞爺湖","Lake Tōya","洞爺湖","Lake Toya; Tōya-ko","42.583","140.850","wikidata","Q1323974","40","illustrative_city","source:jp-lake-toya:master","variant:jp-lake-toya:md","variant:jp-lake-toya:lg","entity_verified_rights_unresolved","illustrative","unresolved","","docs/assets/catalog/japan-destination-entity-evidence.v1.jsonl","named geographic region: Lake Tōya (Q1323974); entity footprint only; lake means lake, peninsula means peninsula, archipelago means listed islands","Exact name/alias, current geographic type and prefecture chain checked against pinned open-knowledge evidence.","北海道","wikidata_P625","https://www.wikidata.org/w/index.php?title=Q1323974&oldid=2531280701","","","named geographic region: Lake Tōya (Q1323974); entity footprint only; lake means lake, peninsula means peninsula, archipelago means listed islands","","verified"
"jp-asahikawa","JP-S-05","S","hokkaido","JP","hokkaido","北海道","Hokkaido","city","旭川市","旭川市","Asahikawa","旭川市","Asahikawa; 旭川区; 旭川町","43.7706","142.3650","wikidata","Q200740","40","illustrative_city","source:jp-asahikawa:master","variant:jp-asahikawa:md","variant:jp-asahikawa:lg","entity_verified_rights_unresolved","illustrative","unresolved","https://www.japan.travel/en/destinations/hokkaido/hokkaido/asahikawa-and-hokkaido-north/","docs/assets/catalog/japan-destination-entity-evidence.v1.jsonl","exact municipality: Asahikawa (Q200740); current administrative boundary, not the wider marketing region","Exact name/alias, current geographic type and prefecture chain checked against pinned open-knowledge evidence.","北海道","wikidata_P625","https://www.wikidata.org/w/index.php?title=Q200740&oldid=2534239202","JNTO_directory","https://www.japan.travel/en/destinations/hokkaido/hokkaido/asahikawa-and-hokkaido-north/","exact municipality: Asahikawa (Q200740); current administrative boundary, not the wider marketing region","","verified"
"jp-kushiro","JP-S-05","S","hokkaido","JP","hokkaido","北海道","Hokkaido","city","钏路市","釧路市","Kushiro","釧路市","Kushiro; 釧路区; 釧路町; Kusiro","42.9849","144.3817","wikidata","Q271917","40","illustrative_city","source:jp-kushiro:master","variant:jp-kushiro:md","variant:jp-kushiro:lg","entity_verified_rights_unresolved","illustrative","unresolved","https://www.japan.travel/en/destinations/hokkaido/hokkaido/kushiro-and-hokkaido-east/","docs/assets/catalog/japan-destination-entity-evidence.v1.jsonl","exact municipality: Kushiro (Q271917); current administrative boundary, not the wider marketing region","釧路市を採用。隣接する同名の釧路町とは区別。","北海道","wikidata_P625","https://www.wikidata.org/w/index.php?title=Q271917&oldid=2534239568","JNTO_directory","https://www.japan.travel/en/destinations/hokkaido/hokkaido/kushiro-and-hokkaido-east/","exact municipality: Kushiro (Q271917); current administrative boundary, not the wider marketing region","","verified"
"jp-obihiro","JP-S-05","S","hokkaido","JP","hokkaido","北海道","Hokkaido","city","带广市","帯広市","Obihiro","帯広市","Obihiro; 帯広町","42.9240","143.1961","wikidata","Q177149","40","illustrative_city","source:jp-obihiro:master","variant:jp-obihiro:md","variant:jp-obihiro:lg","entity_verified_rights_unresolved","illustrative","unresolved","","docs/assets/catalog/japan-destination-entity-evidence.v1.jsonl","exact municipality: Obihiro (Q177149); current administrative boundary, not the wider marketing region","Exact name/alias, current geographic type and prefecture chain checked against pinned open-knowledge evidence.","北海道","wikidata_P625","https://www.wikidata.org/w/index.php?title=Q177149&oldid=2534239809","","","exact municipality: Obihiro (Q177149); current administrative boundary, not the wider marketing region","","verified"
"jp-aomori","JP-S-05","S","tohoku","JP","aomori","青森県","Aomori","city","青森市","青森市","Aomori","青森市","Aomori; 青森町","40.823","140.747","wikidata","Q146790","40","illustrative_city","source:jp-aomori:master","variant:jp-aomori:md","variant:jp-aomori:lg","entity_verified_rights_unresolved","illustrative","unresolved","https://www.japan.travel/en/destinations/tohoku/aomori/","docs/assets/catalog/japan-destination-entity-evidence.v1.jsonl","exact municipality: Aomori (Q146790); current administrative boundary, not the wider marketing region","Exact name/alias, current geographic type and prefecture chain checked against pinned open-knowledge evidence.","青森县","wikidata_P625","https://www.wikidata.org/w/index.php?title=Q146790&oldid=2532450546","JNTO_directory","https://www.japan.travel/en/destinations/tohoku/aomori/","exact municipality: Aomori (Q146790); current administrative boundary, not the wider marketing region","","verified"
"jp-hirosaki","JP-S-05","S","tohoku","JP","aomori","青森県","Aomori","city","弘前市","弘前市","Hirosaki","弘前市","Hirosaki; 弘前","40.6031","140.4638","wikidata","Q194087","40","illustrative_city","source:jp-hirosaki:master","variant:jp-hirosaki:md","variant:jp-hirosaki:lg","entity_verified_rights_unresolved","illustrative","unresolved","","docs/assets/catalog/japan-destination-entity-evidence.v1.jsonl","exact municipality: Hirosaki (Q194087); current administrative boundary, not the wider marketing region","Exact name/alias, current geographic type and prefecture chain checked against pinned open-knowledge evidence.","青森县","wikidata_P625","https://www.wikidata.org/w/index.php?title=Q194087&oldid=2530463528","","","exact municipality: Hirosaki (Q194087); current administrative boundary, not the wider marketing region","","verified"
"jp-hachinohe","JP-S-05","S","tohoku","JP","aomori","青森県","Aomori","city","八户市","八戸市","Hachinohe","八戸市","Hachinohe","40.5123","141.4884","wikidata","Q191914","40","illustrative_city","source:jp-hachinohe:master","variant:jp-hachinohe:md","variant:jp-hachinohe:lg","entity_verified_rights_unresolved","illustrative","unresolved","","docs/assets/catalog/japan-destination-entity-evidence.v1.jsonl","exact municipality: Hachinohe (Q191914); current administrative boundary, not the wider marketing region","Exact name/alias, current geographic type and prefecture chain checked against pinned open-knowledge evidence.","青森县","wikidata_P625","https://www.wikidata.org/w/index.php?title=Q191914&oldid=2536772752","","","exact municipality: Hachinohe (Q191914); current administrative boundary, not the wider marketing region","","verified"
"jp-morioka","JP-S-05","S","tohoku","JP","iwate","岩手県","Iwate","city","盛冈市","盛岡市","Morioka","盛岡市","Morioka; 盛岡; 盛冈市","","","wikidata","Q200077","40","illustrative_city","source:jp-morioka:master","variant:jp-morioka:md","variant:jp-morioka:lg","entity_resolution_required","illustrative","unresolved","https://www.japan.travel/en/destinations/tohoku/iwate/morioka-and-around","docs/assets/catalog/japan-destination-entity-evidence.v1.jsonl","exact municipality: Morioka (Q200077); current administrative boundary, not the wider marketing region","Exact name/alias, current geographic type and prefecture chain checked against pinned open-knowledge evidence. conflicting_representative_coordinates","岩手县","","","JNTO_directory","https://www.japan.travel/en/destinations/tohoku/iwate/morioka-and-around","exact municipality: Morioka (Q200077); current administrative boundary, not the wider marketing region","","unresolved"
"jp-hiraizumi","JP-S-05","S","tohoku","JP","iwate","岩手県","Iwate","town","平泉町","平泉町","Hiraizumi","平泉町","Hiraizumi; 平泉村","38.9866","141.1138","wikidata","Q1203004","40","illustrative_city","source:jp-hiraizumi:master","variant:jp-hiraizumi:md","variant:jp-hiraizumi:lg","entity_verified_rights_unresolved","illustrative","unresolved","","docs/assets/catalog/japan-destination-entity-evidence.v1.jsonl","exact municipality: Hiraizumi (Q1203004); current administrative boundary, not the wider marketing region","Exact name/alias, current geographic type and prefecture chain checked against pinned open-knowledge evidence.","岩手县","wikidata_P625","https://www.wikidata.org/w/index.php?title=Q1203004&oldid=2530449631","","","exact municipality: Hiraizumi (Q1203004); current administrative boundary, not the wider marketing region","","verified"
"jp-matsushima","JP-S-05","S","tohoku","JP","miyagi","宮城県","Miyagi","region","松岛","松島","Matsushima","松島","Matsushima; 奥松島","38.356","141.076","wikidata","Q1144855","40","illustrative_city","source:jp-matsushima:master","variant:jp-matsushima:md","variant:jp-matsushima:lg","entity_verified_rights_unresolved","illustrative","unresolved","","docs/assets/catalog/japan-destination-entity-evidence.v1.jsonl","named geographic region: Matsushima (Q1144855); entity footprint only; lake means lake, peninsula means peninsula, archipelago means listed islands","松島湾の島群と観光地域。松島町行政域ではない。","宫城县","wikidata_P625","https://www.wikidata.org/w/index.php?title=Q1144855&oldid=2435072752","","","named geographic region: Matsushima (Q1144855); entity footprint only; lake means lake, peninsula means peninsula, archipelago means listed islands","","verified"
"jp-akiu","JP-S-05","S","tohoku","JP","miyagi","宮城県","Miyagi","hot_spring_area","","秋保温泉","Akiu Onsen","秋保温泉","Akiu","38.2251","140.7200","wikidata","Q11594813","40","illustrative_city","source:jp-akiu:master","variant:jp-akiu:md","variant:jp-akiu:lg","entity_resolution_required","illustrative","unresolved","https://www.japan.travel/en/destinations/tohoku/miyagi/akiu-area","docs/assets/catalog/japan-destination-entity-evidence.v1.jsonl","named hot-spring district: Akiu Onsen (Q11594813); named spa cluster only, not its entire municipality","秋保温泉地区。旧秋保町や滝を代用しない。 missing_trilingual_names","宫城县","wikidata_P625","https://www.wikidata.org/w/index.php?title=Q11594813&oldid=2170260621","JNTO_directory","https://www.japan.travel/en/destinations/tohoku/miyagi/akiu-area","named hot-spring district: Akiu Onsen (Q11594813); named spa cluster only, not its entire municipality","jp-sendai","unresolved"
"jp-akita","JP-S-06","S","tohoku","JP","akita","秋田県","Akita","city","秋田市","秋田市","Akita","秋田市","Akita","39.7199","140.1026","wikidata","Q17139","40","illustrative_city","source:jp-akita:master","variant:jp-akita:md","variant:jp-akita:lg","entity_verified_rights_unresolved","illustrative","unresolved","https://www.japan.travel/en/destinations/tohoku/akita/","docs/assets/catalog/japan-destination-entity-evidence.v1.jsonl","exact municipality: Akita (Q17139); current administrative boundary, not the wider marketing region","Exact name/alias, current geographic type and prefecture chain checked against pinned open-knowledge evidence.","秋田县","wikidata_P625","https://www.wikidata.org/w/index.php?title=Q17139&oldid=2530459207","JNTO_directory","https://www.japan.travel/en/destinations/tohoku/akita/","exact municipality: Akita (Q17139); current administrative boundary, not the wider marketing region","","verified"
"jp-kakunodate","JP-S-06","S","tohoku","JP","akita","秋田県","Akita","historic_district","角馆","角館","Kakunodate","角館","Kakunodate","39.6005","140.5614","wikidata","Q11630890","40","illustrative_city","source:jp-kakunodate:master","variant:jp-kakunodate:md","variant:jp-kakunodate:lg","entity_verified_rights_unresolved","illustrative","unresolved","https://www.japan.travel/en/destinations/tohoku/akita/kakunodate-and-around","docs/assets/catalog/japan-destination-entity-evidence.v1.jsonl","historic district: Kakunodate (Q11630890); named historic settlement/heritage footprint only, not its entire municipality","Exact name/alias, current geographic type and prefecture chain checked against pinned open-knowledge evidence.","秋田县","wikidata_P625","https://www.wikidata.org/w/index.php?title=Q11630890&oldid=2257032058","JNTO_directory","https://www.japan.travel/en/destinations/tohoku/akita/kakunodate-and-around","historic district: Kakunodate (Q11630890); named historic settlement/heritage footprint only, not its entire municipality","","verified"
"jp-yamagata","JP-S-06","S","tohoku","JP","yamagata","山形県","Yamagata","city","山形市","山形市","Yamagata","山形市","Yamagata","38.2554","140.3396","wikidata","Q205526","40","illustrative_city","source:jp-yamagata:master","variant:jp-yamagata:md","variant:jp-yamagata:lg","entity_verified_rights_unresolved","illustrative","unresolved","https://www.japan.travel/en/destinations/tohoku/yamagata/","docs/assets/catalog/japan-destination-entity-evidence.v1.jsonl","exact municipality: Yamagata (Q205526); current administrative boundary, not the wider marketing region","Exact name/alias, current geographic type and prefecture chain checked against pinned open-knowledge evidence.","山形县","wikidata_P625","https://www.wikidata.org/w/index.php?title=Q205526&oldid=2536377116","JNTO_directory","https://www.japan.travel/en/destinations/tohoku/yamagata/","exact municipality: Yamagata (Q205526); current administrative boundary, not the wider marketing region","","verified"
"jp-zao","JP-S-06","S","tohoku","JP","yamagata","山形県","Yamagata","hot_spring_area","藏王温泉","蔵王温泉","Zaō Onsen","蔵王温泉","Zao","38.17","140.40","wikidata","Q7159554","40","illustrative_city","source:jp-zao:master","variant:jp-zao:md","variant:jp-zao:lg","entity_resolution_required","illustrative","unresolved","","docs/assets/catalog/japan-destination-entity-evidence.v1.jsonl","named hot-spring district: Zaō Onsen (Q7159554); named spa cluster only, not its entire municipality","蔵王温泉の候補。既存JNTO県割当との矛盾があり、解消まで未解決。 JNTO_prefecture_mismatch","山形县","wikidata_P625","https://www.wikidata.org/w/index.php?title=Q7159554&oldid=2457784198","","","named hot-spring district: Zaō Onsen (Q7159554); named spa cluster only, not its entire municipality","jp-yamagata","unresolved"
"jp-ginzan-onsen","JP-S-06","S","tohoku","JP","yamagata","山形県","Yamagata","hot_spring_area","银山温泉","銀山温泉","Ginzan Onsen","銀山温泉","Ginzan Onsen","38.570","140.531","wikidata","Q5563313","40","illustrative_city","source:jp-ginzan-onsen:master","variant:jp-ginzan-onsen:md","variant:jp-ginzan-onsen:lg","entity_verified_rights_unresolved","illustrative","unresolved","","docs/assets/catalog/japan-destination-entity-evidence.v1.jsonl","named hot-spring district: Ginzan Onsen (Q5563313); named spa cluster only, not its entire municipality","Exact name/alias, current geographic type and prefecture chain checked against pinned open-knowledge evidence.","山形县","wikidata_P625","https://www.wikidata.org/w/index.php?title=Q5563313&oldid=2522431587","","","named hot-spring district: Ginzan Onsen (Q5563313); named spa cluster only, not its entire municipality","","verified"
"jp-fukushima","JP-S-06","S","tohoku","JP","fukushima","福島県","Fukushima","city","福岛市","福島市","Fukushima","福島市","Fukushima; 福島町; 福岛市; Hukushima","37.7608","140.4747","wikidata","Q161176","40","illustrative_city","source:jp-fukushima:master","variant:jp-fukushima:md","variant:jp-fukushima:lg","entity_verified_rights_unresolved","illustrative","unresolved","https://www.japan.travel/en/destinations/tohoku/fukushima/","docs/assets/catalog/japan-destination-entity-evidence.v1.jsonl","exact municipality: Fukushima (Q161176); current administrative boundary, not the wider marketing region","Exact name/alias, current geographic type and prefecture chain checked against pinned open-knowledge evidence.","福岛县","wikidata_P625","https://www.wikidata.org/w/index.php?title=Q161176&oldid=2530457108","JNTO_directory","https://www.japan.travel/en/destinations/tohoku/fukushima/","exact municipality: Fukushima (Q161176); current administrative boundary, not the wider marketing region","","verified"
"jp-aizuwakamatsu","JP-S-06","S","tohoku","JP","fukushima","福島県","Fukushima","city","会津若松市","会津若松市","Aizuwakamatsu","会津若松市","Aizuwakamatsu; 若松町; 若松市; 会津若松; Aizu-Wakamatsu; Wakamatsu","37.4948","139.9298","wikidata","Q237699","40","illustrative_city","source:jp-aizuwakamatsu:master","variant:jp-aizuwakamatsu:md","variant:jp-aizuwakamatsu:lg","entity_verified_rights_unresolved","illustrative","unresolved","https://www.japan.travel/en/destinations/tohoku/fukushima/aizuwakamatsu-and-oze","docs/assets/catalog/japan-destination-entity-evidence.v1.jsonl","exact municipality: Aizuwakamatsu (Q237699); current administrative boundary, not the wider marketing region","Exact name/alias, current geographic type and prefecture chain checked against pinned open-knowledge evidence.","福岛县","wikidata_P625","https://www.wikidata.org/w/index.php?title=Q237699&oldid=2537511182","JNTO_directory","https://www.japan.travel/en/destinations/tohoku/fukushima/aizuwakamatsu-and-oze","exact municipality: Aizuwakamatsu (Q237699); current administrative boundary, not the wider marketing region","","verified"
"jp-ouchi-juku","JP-S-06","S","tohoku","JP","fukushima","福島県","Fukushima","historic_district","大内宿","大内宿","Ōuchi-juku","大内宿","Ouchi-juku","37.3342","139.8608","wikidata","Q3594058","40","illustrative_city","source:jp-ouchi-juku:master","variant:jp-ouchi-juku:md","variant:jp-ouchi-juku:lg","entity_verified_rights_unresolved","illustrative","unresolved","","docs/assets/catalog/japan-destination-entity-evidence.v1.jsonl","historic district: Ōuchi-juku (Q3594058); named historic settlement/heritage footprint only, not its entire municipality","Exact name/alias, current geographic type and prefecture chain checked against pinned open-knowledge evidence.","福岛县","wikidata_P625","https://www.wikidata.org/w/index.php?title=Q3594058&oldid=2465567193","","","historic district: Ōuchi-juku (Q3594058); named historic settlement/heritage footprint only, not its entire municipality","","verified"
"jp-kawagoe","JP-S-06","S","kanto","JP","saitama","埼玉県","Saitama","city","川越市","川越市","Kawagoe","川越市","Kawagoe","35.9251","139.4858","wikidata","Q319740","40","illustrative_city","source:jp-kawagoe:master","variant:jp-kawagoe:md","variant:jp-kawagoe:lg","entity_verified_rights_unresolved","illustrative","unresolved","https://www.japan.travel/en/destinations/kanto/saitama/kawagoe-area","docs/assets/catalog/japan-destination-entity-evidence.v1.jsonl","exact municipality: Kawagoe (Q319740); current administrative boundary, not the wider marketing region","Exact name/alias, current geographic type and prefecture chain checked against pinned open-knowledge evidence.","埼玉县","wikidata_P625","https://www.wikidata.org/w/index.php?title=Q319740&oldid=2535750230","JNTO_directory","https://www.japan.travel/en/destinations/kanto/saitama/kawagoe-area","exact municipality: Kawagoe (Q319740); current administrative boundary, not the wider marketing region","","verified"
"jp-kusatsu-onsen","JP-S-06","S","kanto","JP","gunma","群馬県","Gunma","hot_spring_area","草津温泉","草津温泉","Kusatsu Onsen","草津温泉","Kusatsu Onsen; 湯もみ","36.6228","138.5966","wikidata","Q3137477","40","illustrative_city","source:jp-kusatsu-onsen:master","variant:jp-kusatsu-onsen:md","variant:jp-kusatsu-onsen:lg","entity_verified_rights_unresolved","illustrative","unresolved","","docs/assets/catalog/japan-destination-entity-evidence.v1.jsonl","named hot-spring district: Kusatsu Onsen (Q3137477); named spa cluster only, not its entire municipality","Exact name/alias, current geographic type and prefecture chain checked against pinned open-knowledge evidence.","群马县","wikidata_P625","https://www.wikidata.org/w/index.php?title=Q3137477&oldid=2448132650","","","named hot-spring district: Kusatsu Onsen (Q3137477); named spa cluster only, not its entire municipality","","verified"
"jp-takasaki","JP-S-07","S","kanto","JP","gunma","群馬県","Gunma","city","高崎市","高崎市","Takasaki","高崎市","Takasaki; 高崎町; 高崎; Takasaki-shi","36.3231","139.0024","wikidata","Q336438","40","illustrative_city","source:jp-takasaki:master","variant:jp-takasaki:md","variant:jp-takasaki:lg","entity_verified_rights_unresolved","illustrative","unresolved","https://www.japan.travel/en/destinations/kanto/gunma/takasaki-and-beyond-ikaho-haruna-shima-tomioka","docs/assets/catalog/japan-destination-entity-evidence.v1.jsonl","exact municipality: Takasaki (Q336438); current administrative boundary, not the wider marketing region","Exact name/alias, current geographic type and prefecture chain checked against pinned open-knowledge evidence.","群马县","wikidata_P625","https://www.wikidata.org/w/index.php?title=Q336438&oldid=2535749430","JNTO_directory","https://www.japan.travel/en/destinations/kanto/gunma/takasaki-and-beyond-ikaho-haruna-shima-tomioka","exact municipality: Takasaki (Q336438); current administrative boundary, not the wider marketing region","","verified"
"jp-mito","JP-S-07","S","kanto","JP","ibaraki","茨城県","Ibaraki","city","水户市","水戸市","Mito","水戸市","Mito; 水戶; 水戸","36.3658","140.4712","wikidata","Q204249","40","illustrative_city","source:jp-mito:master","variant:jp-mito:md","variant:jp-mito:lg","entity_verified_rights_unresolved","illustrative","unresolved","https://www.japan.travel/en/destinations/kanto/ibaraki/mito-area","docs/assets/catalog/japan-destination-entity-evidence.v1.jsonl","exact municipality: Mito (Q204249); current administrative boundary, not the wider marketing region","Exact name/alias, current geographic type and prefecture chain checked against pinned open-knowledge evidence.","茨城县","wikidata_P625","https://www.wikidata.org/w/index.php?title=Q204249&oldid=2535935634","JNTO_directory","https://www.japan.travel/en/destinations/kanto/ibaraki/mito-area","exact municipality: Mito (Q204249); current administrative boundary, not the wider marketing region","","verified"
"jp-tsukuba","JP-S-07","S","kanto","JP","ibaraki","茨城県","Ibaraki","city","筑波市","つくば市","Tsukuba","つくば市","Tsukuba; 筑波","36.0835","140.0764","wikidata","Q273863","40","illustrative_city","source:jp-tsukuba:master","variant:jp-tsukuba:md","variant:jp-tsukuba:lg","entity_verified_rights_unresolved","illustrative","unresolved","https://www.japan.travel/en/destinations/kanto/ibaraki/tsukuba-and-around","docs/assets/catalog/japan-destination-entity-evidence.v1.jsonl","exact municipality: Tsukuba (Q273863); current administrative boundary, not the wider marketing region","Exact name/alias, current geographic type and prefecture chain checked against pinned open-knowledge evidence.","茨城县","wikidata_P625","https://www.wikidata.org/w/index.php?title=Q273863&oldid=2536594536","JNTO_directory","https://www.japan.travel/en/destinations/kanto/ibaraki/tsukuba-and-around","exact municipality: Tsukuba (Q273863); current administrative boundary, not the wider marketing region","","verified"
"jp-narita","JP-S-07","S","kanto","JP","chiba","千葉県","Chiba","city","成田市","成田市","Narita","成田市","Narita; 成田","35.777","140.318","wikidata","Q273798","40","illustrative_city","source:jp-narita:master","variant:jp-narita:md","variant:jp-narita:lg","entity_verified_rights_unresolved","illustrative","unresolved","https://www.japan.travel/en/destinations/kanto/chiba/narita-and-around","docs/assets/catalog/japan-destination-entity-evidence.v1.jsonl","exact municipality: Narita (Q273798); current administrative boundary, not the wider marketing region","Exact name/alias, current geographic type and prefecture chain checked against pinned open-knowledge evidence.","千叶县","wikidata_P625","https://www.wikidata.org/w/index.php?title=Q273798&oldid=2539189311","JNTO_directory","https://www.japan.travel/en/destinations/kanto/chiba/narita-and-around","exact municipality: Narita (Q273798); current administrative boundary, not the wider marketing region","","verified"
"jp-kisarazu","JP-S-07","S","kanto","JP","chiba","千葉県","Chiba","city","木更津市","木更津市","Kisarazu","木更津市","Kisarazu; 如月の津; 君不去; 木佐良津","35.3760","139.9168","wikidata","Q335427","40","illustrative_city","source:jp-kisarazu:master","variant:jp-kisarazu:md","variant:jp-kisarazu:lg","entity_verified_rights_unresolved","illustrative","unresolved","https://www.japan.travel/en/destinations/kanto/chiba/kisarazu-and-around","docs/assets/catalog/japan-destination-entity-evidence.v1.jsonl","exact municipality: Kisarazu (Q335427); current administrative boundary, not the wider marketing region","Exact name/alias, current geographic type and prefecture chain checked against pinned open-knowledge evidence.","千叶县","wikidata_P625","https://www.wikidata.org/w/index.php?title=Q335427&oldid=2538731611","JNTO_directory","https://www.japan.travel/en/destinations/kanto/chiba/kisarazu-and-around","exact municipality: Kisarazu (Q335427); current administrative boundary, not the wider marketing region","","verified"
"jp-inuyama","JP-S-07","S","chubu","JP","aichi","愛知県","Aichi","city","犬山市","犬山市","Inuyama","犬山市","Inuyama","35.3786","136.9445","wikidata","Q503411","40","illustrative_city","source:jp-inuyama:master","variant:jp-inuyama:md","variant:jp-inuyama:lg","entity_verified_rights_unresolved","illustrative","unresolved","https://www.japan.travel/en/destinations/tokai/aichi/inuyama-area","docs/assets/catalog/japan-destination-entity-evidence.v1.jsonl","exact municipality: Inuyama (Q503411); current administrative boundary, not the wider marketing region","Exact name/alias, current geographic type and prefecture chain checked against pinned open-knowledge evidence.","爱知县","wikidata_P625","https://www.wikidata.org/w/index.php?title=Q503411&oldid=2530494362","JNTO_directory","https://www.japan.travel/en/destinations/tokai/aichi/inuyama-area","exact municipality: Inuyama (Q503411); current administrative boundary, not the wider marketing region","","verified"
"jp-toyama","JP-S-07","S","chubu","JP","toyama","富山県","Toyama","city","富山市","富山市","Toyama","富山市","Toyama; 富山; Toyama-shi","","","wikidata","Q204266","40","illustrative_city","source:jp-toyama:master","variant:jp-toyama:md","variant:jp-toyama:lg","entity_resolution_required","illustrative","unresolved","https://www.japan.travel/en/destinations/hokuriku-shinetsu/toyama/","docs/assets/catalog/japan-destination-entity-evidence.v1.jsonl","exact municipality: Toyama (Q204266); current administrative boundary, not the wider marketing region","Exact name/alias, current geographic type and prefecture chain checked against pinned open-knowledge evidence. conflicting_representative_coordinates","富山县","","","JNTO_directory","https://www.japan.travel/en/destinations/hokuriku-shinetsu/toyama/","exact municipality: Toyama (Q204266); current administrative boundary, not the wider marketing region","","unresolved"
"jp-tateyama-kurobe","JP-S-07","S","chubu","JP","toyama","富山県","Toyama","destination_cluster","立山黑部阿尔卑斯路线","立山黒部アルペンルート","Tateyama Kurobe Alpine Route","立山黒部アルペンルート","Tateyama Kurobe; 黒部立山アルペンルート; アルペンルート; Alpine Route","36.5696","137.5320","wikidata","Q6425988","40","illustrative_city","source:jp-tateyama-kurobe:master","variant:jp-tateyama-kurobe:md","variant:jp-tateyama-kurobe:lg","entity_verified_rights_unresolved","illustrative","unresolved","https://www.japan.travel/en/destinations/hokuriku-shinetsu/toyama/tateyama-and-kurobe","docs/assets/catalog/japan-destination-entity-evidence.v1.jsonl","named tourism corridor: Tateyama Kurobe Alpine Route (Q6425988); documented route corridor only, not whole host prefectures","短縮旅行名から立山黒部アルペンルートに対応。富山・長野の経路回廊のみ。","富山县","wikidata_P625","https://www.wikidata.org/w/index.php?title=Q6425988&oldid=2493571159","JNTO_directory","https://www.japan.travel/en/destinations/hokuriku-shinetsu/toyama/tateyama-and-kurobe","named tourism corridor: Tateyama Kurobe Alpine Route (Q6425988); documented route corridor only, not whole host prefectures","","verified"
"jp-fukui","JP-S-07","S","chubu","JP","fukui","福井県","Fukui","city","福井市","福井市","Fukui","福井市","Fukui; 北ノ庄","36.0641","136.2196","wikidata","Q201618","40","illustrative_city","source:jp-fukui:master","variant:jp-fukui:md","variant:jp-fukui:lg","entity_verified_rights_unresolved","illustrative","unresolved","https://www.japan.travel/en/destinations/hokuriku-shinetsu/fukui/","docs/assets/catalog/japan-destination-entity-evidence.v1.jsonl","exact municipality: Fukui (Q201618); current administrative boundary, not the wider marketing region","Exact name/alias, current geographic type and prefecture chain checked against pinned open-knowledge evidence.","福井县","wikidata_P625","https://www.wikidata.org/w/index.php?title=Q201618&oldid=2541442748","JNTO_directory","https://www.japan.travel/en/destinations/hokuriku-shinetsu/fukui/","exact municipality: Fukui (Q201618); current administrative boundary, not the wider marketing region","","verified"
"jp-echizen","JP-S-07","S","chubu","JP","fukui","福井県","Fukui","city","越前市","越前市","Echizen","越前市","Echizen; Etizen","35.9035","136.1687","wikidata","Q877941","40","illustrative_city","source:jp-echizen:master","variant:jp-echizen:md","variant:jp-echizen:lg","entity_verified_rights_unresolved","illustrative","unresolved","","docs/assets/catalog/japan-destination-entity-evidence.v1.jsonl","exact municipality: Echizen (Q877941); current administrative boundary, not the wider marketing region","越前市を採用。越前町および旧越前国とは区別。","福井县","wikidata_P625","https://www.wikidata.org/w/index.php?title=Q877941&oldid=2530507887","","","exact municipality: Echizen (Q877941); current administrative boundary, not the wider marketing region","","verified"
"jp-nagano","JP-S-08","S","chubu","JP","nagano","長野県","Nagano","city","长野市","長野市","Nagano","長野市","Nagano; 長野町; Nagano City","36.6487","138.1947","wikidata","Q128849","40","illustrative_city","source:jp-nagano:master","variant:jp-nagano:md","variant:jp-nagano:lg","entity_verified_rights_unresolved","illustrative","unresolved","https://www.japan.travel/en/destinations/hokuriku-shinetsu/nagano/","docs/assets/catalog/japan-destination-entity-evidence.v1.jsonl","exact municipality: Nagano (Q128849); current administrative boundary, not the wider marketing region","Exact name/alias, current geographic type and prefecture chain checked against pinned open-knowledge evidence.","长野县","wikidata_P625","https://www.wikidata.org/w/index.php?title=Q128849&oldid=2530451488","JNTO_directory","https://www.japan.travel/en/destinations/hokuriku-shinetsu/nagano/","exact municipality: Nagano (Q128849); current administrative boundary, not the wider marketing region","","verified"
"jp-hakuba","JP-S-08","S","chubu","JP","nagano","長野県","Nagano","village","白马村","白馬村","Hakuba","白馬村","Hakuba","36.6981","137.8619","wikidata","Q1011157","40","illustrative_city","source:jp-hakuba:master","variant:jp-hakuba:md","variant:jp-hakuba:lg","entity_verified_rights_unresolved","illustrative","unresolved","https://www.japan.travel/en/destinations/hokuriku-shinetsu/nagano/hakuba","docs/assets/catalog/japan-destination-entity-evidence.v1.jsonl","exact municipality: Hakuba (Q1011157); current administrative boundary, not the wider marketing region","Exact name/alias, current geographic type and prefecture chain checked against pinned open-knowledge evidence.","长野县","wikidata_P625","https://www.wikidata.org/w/index.php?title=Q1011157&oldid=2530130894","JNTO_directory","https://www.japan.travel/en/destinations/hokuriku-shinetsu/nagano/hakuba","exact municipality: Hakuba (Q1011157); current administrative boundary, not the wider marketing region","","verified"
"jp-nozawa-onsen","JP-S-08","S","chubu","JP","nagano","長野県","Nagano","hot_spring_area","野沢温泉","野沢温泉","Nozawa Onsen","野沢温泉","Nozawa Onsen","36.9222","138.4479","wikidata","Q11645764","40","illustrative_city","source:jp-nozawa-onsen:master","variant:jp-nozawa-onsen:md","variant:jp-nozawa-onsen:lg","entity_verified_rights_unresolved","illustrative","unresolved","https://www.japan.travel/en/destinations/hokuriku-shinetsu/nagano/nozawa-onsen","docs/assets/catalog/japan-destination-entity-evidence.v1.jsonl","named hot-spring district: Nozawa Onsen (Q11645764); named spa cluster only, not its entire municipality","野沢温泉の温泉地区。野沢温泉村全域ではない。","长野县","wikidata_P625","https://www.wikidata.org/w/index.php?title=Q11645764&oldid=2448131331","JNTO_directory","https://www.japan.travel/en/destinations/hokuriku-shinetsu/nagano/nozawa-onsen","named hot-spring district: Nozawa Onsen (Q11645764); named spa cluster only, not its entire municipality","","verified"
"jp-yamanouchi","JP-S-08","S","chubu","JP","nagano","長野県","Nagano","town","山之内町","山ノ内町","Yamanouchi","山ノ内町","Yamanouchi","36.7446","138.4127","wikidata","Q1204468","40","illustrative_city","source:jp-yamanouchi:master","variant:jp-yamanouchi:md","variant:jp-yamanouchi:lg","entity_verified_rights_unresolved","illustrative","unresolved","","docs/assets/catalog/japan-destination-entity-evidence.v1.jsonl","exact municipality: Yamanouchi (Q1204468); current administrative boundary, not the wider marketing region","Exact name/alias, current geographic type and prefecture chain checked against pinned open-knowledge evidence.","长野县","wikidata_P625","https://www.wikidata.org/w/index.php?title=Q1204468&oldid=2530449959","","","exact municipality: Yamanouchi (Q1204468); current administrative boundary, not the wider marketing region","","verified"
"jp-shizuoka","JP-S-08","S","chubu","JP","shizuoka","静岡県","Shizuoka","city","静冈市","静岡市","Shizuoka","静岡市","Shizuoka; 靜岡市; 駿府; 府中; 静冈市; 靜岡; 静冈; Sizuoka","34.976","138.382","wikidata","Q174691","40","illustrative_city","source:jp-shizuoka:master","variant:jp-shizuoka:md","variant:jp-shizuoka:lg","entity_verified_rights_unresolved","illustrative","unresolved","https://www.japan.travel/en/destinations/tokai/shizuoka/","docs/assets/catalog/japan-destination-entity-evidence.v1.jsonl","exact municipality: Shizuoka (Q174691); current administrative boundary, not the wider marketing region","Exact name/alias, current geographic type and prefecture chain checked against pinned open-knowledge evidence.","静冈县","wikidata_P625","https://www.wikidata.org/w/index.php?title=Q174691&oldid=2535720239","JNTO_directory","https://www.japan.travel/en/destinations/tokai/shizuoka/","exact municipality: Shizuoka (Q174691); current administrative boundary, not the wider marketing region","","verified"
"jp-izu","JP-S-08","S","chubu","JP","shizuoka","静岡県","Shizuoka","region","伊豆半岛","伊豆半島","Izu Peninsula","伊豆半島","Izu; 伊豆地方","34.864","138.925","wikidata","Q822822","40","illustrative_city","source:jp-izu:master","variant:jp-izu:md","variant:jp-izu:lg","entity_verified_rights_unresolved","illustrative","unresolved","https://www.japan.travel/en/destinations/tokai/shizuoka/izu-and-around","docs/assets/catalog/japan-destination-entity-evidence.v1.jsonl","named geographic region: Izu Peninsula (Q822822); entity footprint only; lake means lake, peninsula means peninsula, archipelago means listed islands","伊豆半島の観光地域。伊豆市単独ではない。","静冈县","wikidata_P625","https://www.wikidata.org/w/index.php?title=Q822822&oldid=2464839265","JNTO_directory","https://www.japan.travel/en/destinations/tokai/shizuoka/izu-and-around","named geographic region: Izu Peninsula (Q822822); entity footprint only; lake means lake, peninsula means peninsula, archipelago means listed islands","","verified"
"jp-atami","JP-S-08","S","chubu","JP","shizuoka","静岡県","Shizuoka","city","热海市","熱海市","Atami","熱海市","Atami","35.0963","139.0717","wikidata","Q653364","40","illustrative_city","source:jp-atami:master","variant:jp-atami:md","variant:jp-atami:lg","entity_verified_rights_unresolved","illustrative","unresolved","","docs/assets/catalog/japan-destination-entity-evidence.v1.jsonl","exact municipality: Atami (Q653364); current administrative boundary, not the wider marketing region","Exact name/alias, current geographic type and prefecture chain checked against pinned open-knowledge evidence.","静冈县","wikidata_P625","https://www.wikidata.org/w/index.php?title=Q653364&oldid=2530499523","","","exact municipality: Atami (Q653364); current administrative boundary, not the wider marketing region","","verified"
"jp-hamamatsu","JP-S-08","S","chubu","JP","shizuoka","静岡県","Shizuoka","city","滨松市","浜松市","Hamamatsu","浜松市","Hamamatsu; 濱松市; 浜松町; 滨松","34.7109","137.7262","wikidata","Q185125","40","illustrative_city","source:jp-hamamatsu:master","variant:jp-hamamatsu:md","variant:jp-hamamatsu:lg","entity_verified_rights_unresolved","illustrative","unresolved","https://www.japan.travel/en/destinations/tokai/shizuoka/hamamatsu-and-around","docs/assets/catalog/japan-destination-entity-evidence.v1.jsonl","exact municipality: Hamamatsu (Q185125); current administrative boundary, not the wider marketing region","Exact name/alias, current geographic type and prefecture chain checked against pinned open-knowledge evidence.","静冈县","wikidata_P625","https://www.wikidata.org/w/index.php?title=Q185125&oldid=2530462164","JNTO_directory","https://www.japan.travel/en/destinations/tokai/shizuoka/hamamatsu-and-around","exact municipality: Hamamatsu (Q185125); current administrative boundary, not the wider marketing region","","verified"
"jp-gero-onsen","JP-S-08","S","chubu","JP","gifu","岐阜県","Gifu","hot_spring_area","下呂温泉","下呂温泉","Gero Onsen","下呂温泉","Gero Onsen; Gero Hot Springs","35.8089","137.2436","wikidata","Q11360701","40","illustrative_city","source:jp-gero-onsen:master","variant:jp-gero-onsen:md","variant:jp-gero-onsen:lg","entity_verified_rights_unresolved","illustrative","unresolved","","docs/assets/catalog/japan-destination-entity-evidence.v1.jsonl","named hot-spring district: Gero Onsen (Q11360701); named spa cluster only, not its entire municipality","Exact name/alias, current geographic type and prefecture chain checked against pinned open-knowledge evidence.","岐阜县","wikidata_P625","https://www.wikidata.org/w/index.php?title=Q11360701&oldid=2541386053","","","named hot-spring district: Gero Onsen (Q11360701); named spa cluster only, not its entire municipality","","verified"
"jp-himeji","JP-S-08","S","kansai","JP","hyogo","兵庫県","Hyogo","city","姬路市","姫路市","Himeji","姫路市","Himeji; 姬路; 姫路市","34.8152","134.6854","wikidata","Q209801","40","illustrative_city","source:jp-himeji:master","variant:jp-himeji:md","variant:jp-himeji:lg","entity_verified_rights_unresolved","illustrative","unresolved","https://www.japan.travel/en/destinations/kansai/hyogo/himeji-and-around","docs/assets/catalog/japan-destination-entity-evidence.v1.jsonl","exact municipality: Himeji (Q209801); current administrative boundary, not the wider marketing region","Exact name/alias, current geographic type and prefecture chain checked against pinned open-knowledge evidence.","兵库县","wikidata_P625","https://www.wikidata.org/w/index.php?title=Q209801&oldid=2533878219","JNTO_directory","https://www.japan.travel/en/destinations/kansai/hyogo/himeji-and-around","exact municipality: Himeji (Q209801); current administrative boundary, not the wider marketing region","","verified"
"jp-koyasan","JP-S-09","S","kansai","JP","wakayama","和歌山県","Wakayama","historic_district","高野山","高野山","Mount Kōya","高野山","Koyasan; Kōyasan; Kōya-san","34.218","135.583","wikidata","Q535065","40","illustrative_city","source:jp-koyasan:master","variant:jp-koyasan:md","variant:jp-koyasan:lg","entity_verified_rights_unresolved","illustrative","unresolved","https://www.japan.travel/en/destinations/kansai/wakayama/koyasan","docs/assets/catalog/japan-destination-entity-evidence.v1.jsonl","historic district: Mount Kōya (Q535065); named historic settlement/heritage footprint only, not its entire municipality","Exact name/alias, current geographic type and prefecture chain checked against pinned open-knowledge evidence.","和歌山县","wikidata_P625","https://www.wikidata.org/w/index.php?title=Q535065&oldid=2518314627","JNTO_directory","https://www.japan.travel/en/destinations/kansai/wakayama/koyasan","historic district: Mount Kōya (Q535065); named historic settlement/heritage footprint only, not its entire municipality","","verified"
"jp-shirahama","JP-S-09","S","kansai","JP","wakayama","和歌山県","Wakayama","town","白滨町","白浜町","Shirahama","白浜町","Shirahama; 瀬戸鉛山村; 南紀白濱; Setokanayama","33.6781","135.3481","wikidata","Q1202728","40","illustrative_city","source:jp-shirahama:master","variant:jp-shirahama:md","variant:jp-shirahama:lg","entity_verified_rights_unresolved","illustrative","unresolved","https://www.japan.travel/en/destinations/kansai/wakayama/shirahama-and-around","docs/assets/catalog/japan-destination-entity-evidence.v1.jsonl","exact municipality: Shirahama (Q1202728); current administrative boundary, not the wider marketing region","Exact name/alias, current geographic type and prefecture chain checked against pinned open-knowledge evidence.","和歌山县","wikidata_P625","https://www.wikidata.org/w/index.php?title=Q1202728&oldid=2530449598","JNTO_directory","https://www.japan.travel/en/destinations/kansai/wakayama/shirahama-and-around","exact municipality: Shirahama (Q1202728); current administrative boundary, not the wider marketing region","","verified"
"jp-kumano","JP-S-09","S","kansai","JP","wakayama","和歌山県","Wakayama","region","熊野","熊野","Kumano Region","熊野","Kumano; 熊野地方","","","wikidata","Q6443450","40","illustrative_city","source:jp-kumano:master","variant:jp-kumano:md","variant:jp-kumano:lg","entity_resolution_required","illustrative","unresolved","","docs/assets/catalog/japan-destination-entity-evidence.v1.jsonl","named geographic region: Kumano Region (Q6443450); entity footprint only; lake means lake, peninsula means peninsula, archipelago means listed islands","熊野の広域観光地域。熊野市単独に置き換えない。 missing_Japan_coordinate","和歌山县","","","","","named geographic region: Kumano Region (Q6443450); entity footprint only; lake means lake, peninsula means peninsula, archipelago means listed islands","","unresolved"
"jp-otsu","JP-S-09","S","kansai","JP","shiga","滋賀県","Shiga","city","大津市","大津市","Otsu","大津市","Otsu; 大津町; 大津; Otsu City; Otsu-shi","35.0178","135.8548","wikidata","Q202907","40","illustrative_city","source:jp-otsu:master","variant:jp-otsu:md","variant:jp-otsu:lg","entity_verified_rights_unresolved","illustrative","unresolved","https://www.japan.travel/en/destinations/kansai/shiga/otsu-area","docs/assets/catalog/japan-destination-entity-evidence.v1.jsonl","exact municipality: Otsu (Q202907); current administrative boundary, not the wider marketing region","Exact name/alias, current geographic type and prefecture chain checked against pinned open-knowledge evidence.","滋贺县","wikidata_P625","https://www.wikidata.org/w/index.php?title=Q202907&oldid=2535750476","JNTO_directory","https://www.japan.travel/en/destinations/kansai/shiga/otsu-area","exact municipality: Otsu (Q202907); current administrative boundary, not the wider marketing region","","verified"
"jp-hikone","JP-S-09","S","kansai","JP","shiga","滋賀県","Shiga","city","彦根市","彦根市","Hikone","彦根市","Hikone; 彦根; 彥根市; 彥根","35.2744","136.2597","wikidata","Q386635","40","illustrative_city","source:jp-hikone:master","variant:jp-hikone:md","variant:jp-hikone:lg","entity_verified_rights_unresolved","illustrative","unresolved","https://www.japan.travel/en/destinations/kansai/shiga/hikone-area","docs/assets/catalog/japan-destination-entity-evidence.v1.jsonl","exact municipality: Hikone (Q386635); current administrative boundary, not the wider marketing region","Exact name/alias, current geographic type and prefecture chain checked against pinned open-knowledge evidence.","滋贺县","wikidata_P625","https://www.wikidata.org/w/index.php?title=Q386635&oldid=2538316372","JNTO_directory","https://www.japan.travel/en/destinations/kansai/shiga/hikone-area","exact municipality: Hikone (Q386635); current administrative boundary, not the wider marketing region","","verified"
"jp-kinosaki-onsen","JP-S-09","S","kansai","JP","hyogo","兵庫県","Hyogo","hot_spring_area","城崎温泉","城崎温泉","Kinosaki Onsen","城崎温泉","Kinosaki Onsen","35.6278","134.8000","wikidata","Q11426141","40","illustrative_city","source:jp-kinosaki-onsen:master","variant:jp-kinosaki-onsen:md","variant:jp-kinosaki-onsen:lg","entity_verified_rights_unresolved","illustrative","unresolved","","docs/assets/catalog/japan-destination-entity-evidence.v1.jsonl","named hot-spring district: Kinosaki Onsen (Q11426141); named spa cluster only, not its entire municipality","Exact name/alias, current geographic type and prefecture chain checked against pinned open-knowledge evidence.","兵库县","wikidata_P625","https://www.wikidata.org/w/index.php?title=Q11426141&oldid=2495936976","","","named hot-spring district: Kinosaki Onsen (Q11426141); named spa cluster only, not its entire municipality","","verified"
"jp-okayama","JP-S-09","S","chugoku","JP","okayama","岡山県","Okayama","city","冈山市","岡山市","Okayama","岡山市","Okayama; 岡山区","34.6551","133.9196","wikidata","Q200078","40","illustrative_city","source:jp-okayama:master","variant:jp-okayama:md","variant:jp-okayama:lg","entity_verified_rights_unresolved","illustrative","unresolved","https://www.japan.travel/en/destinations/chugoku/okayama/","docs/assets/catalog/japan-destination-entity-evidence.v1.jsonl","exact municipality: Okayama (Q200078); current administrative boundary, not the wider marketing region","Exact name/alias, current geographic type and prefecture chain checked against pinned open-knowledge evidence.","冈山县","wikidata_P625","https://www.wikidata.org/w/index.php?title=Q200078&oldid=2530464395","JNTO_directory","https://www.japan.travel/en/destinations/chugoku/okayama/","exact municipality: Okayama (Q200078); current administrative boundary, not the wider marketing region","","verified"
"jp-kurashiki","JP-S-09","S","chugoku","JP","okayama","岡山県","Okayama","city","仓敷市","倉敷市","Kurashiki","倉敷市","Kurashiki; 倉敷","34.5851","133.7721","wikidata","Q467487","40","illustrative_city","source:jp-kurashiki:master","variant:jp-kurashiki:md","variant:jp-kurashiki:lg","entity_verified_rights_unresolved","illustrative","unresolved","https://www.japan.travel/en/destinations/chugoku/okayama/kurashiki","docs/assets/catalog/japan-destination-entity-evidence.v1.jsonl","exact municipality: Kurashiki (Q467487); current administrative boundary, not the wider marketing region","Exact name/alias, current geographic type and prefecture chain checked against pinned open-knowledge evidence.","冈山县","wikidata_P625","https://www.wikidata.org/w/index.php?title=Q467487&oldid=2535059336","JNTO_directory","https://www.japan.travel/en/destinations/chugoku/okayama/kurashiki","exact municipality: Kurashiki (Q467487); current administrative boundary, not the wider marketing region","","verified"
"jp-tottori","JP-S-09","S","chugoku","JP","tottori","鳥取県","Tottori","city","鸟取市","鳥取市","Tottori","鳥取市","Tottori; Tottori City","35.4944","134.2216","wikidata","Q200731","40","illustrative_city","source:jp-tottori:master","variant:jp-tottori:md","variant:jp-tottori:lg","entity_verified_rights_unresolved","illustrative","unresolved","https://www.japan.travel/en/destinations/chugoku/tottori/","docs/assets/catalog/japan-destination-entity-evidence.v1.jsonl","exact municipality: Tottori (Q200731); current administrative boundary, not the wider marketing region","Exact name/alias, current geographic type and prefecture chain checked against pinned open-knowledge evidence.","鸟取县","wikidata_P625","https://www.wikidata.org/w/index.php?title=Q200731&oldid=2538648420","JNTO_directory","https://www.japan.travel/en/destinations/chugoku/tottori/","exact municipality: Tottori (Q200731); current administrative boundary, not the wider marketing region","","verified"
"jp-matsue","JP-S-09","S","chugoku","JP","shimane","島根県","Shimane","city","松江市","松江市","Matsue","松江市","Matsue","35.4681","133.0485","wikidata","Q207321","40","illustrative_city","source:jp-matsue:master","variant:jp-matsue:md","variant:jp-matsue:lg","entity_verified_rights_unresolved","illustrative","unresolved","https://www.japan.travel/en/destinations/chugoku/shimane/matsue-and-around","docs/assets/catalog/japan-destination-entity-evidence.v1.jsonl","exact municipality: Matsue (Q207321); current administrative boundary, not the wider marketing region","Exact name/alias, current geographic type and prefecture chain checked against pinned open-knowledge evidence.","岛根县","wikidata_P625","https://www.wikidata.org/w/index.php?title=Q207321&oldid=2530465716","JNTO_directory","https://www.japan.travel/en/destinations/chugoku/shimane/matsue-and-around","exact municipality: Matsue (Q207321); current administrative boundary, not the wider marketing region","","verified"
"jp-izumo","JP-S-10","S","chugoku","JP","shimane","島根県","Shimane","city","出云市","出雲市","Izumo","出雲市","Izumo; 出雲町","35.4016","132.6854","wikidata","Q825166","40","illustrative_city","source:jp-izumo:master","variant:jp-izumo:md","variant:jp-izumo:lg","entity_verified_rights_unresolved","illustrative","unresolved","https://www.japan.travel/en/destinations/chugoku/shimane/izumo","docs/assets/catalog/japan-destination-entity-evidence.v1.jsonl","exact municipality: Izumo (Q825166); current administrative boundary, not the wider marketing region","Exact name/alias, current geographic type and prefecture chain checked against pinned open-knowledge evidence.","岛根县","wikidata_P625","https://www.wikidata.org/w/index.php?title=Q825166&oldid=2538732812","JNTO_directory","https://www.japan.travel/en/destinations/chugoku/shimane/izumo","exact municipality: Izumo (Q825166); current administrative boundary, not the wider marketing region","","verified"
"jp-yamaguchi","JP-S-10","S","chugoku","JP","yamaguchi","山口県","Yamaguchi","city","山口市","山口市","Yamaguchi","山口市","Yamaguchi; Yamaguti","34.1780","131.4738","wikidata","Q207876","40","illustrative_city","source:jp-yamaguchi:master","variant:jp-yamaguchi:md","variant:jp-yamaguchi:lg","entity_verified_rights_unresolved","illustrative","unresolved","https://www.japan.travel/en/destinations/chugoku/yamaguchi/","docs/assets/catalog/japan-destination-entity-evidence.v1.jsonl","exact municipality: Yamaguchi (Q207876); current administrative boundary, not the wider marketing region","Exact name/alias, current geographic type and prefecture chain checked against pinned open-knowledge evidence.","山口县","wikidata_P625","https://www.wikidata.org/w/index.php?title=Q207876&oldid=2541556425","JNTO_directory","https://www.japan.travel/en/destinations/chugoku/yamaguchi/","exact municipality: Yamaguchi (Q207876); current administrative boundary, not the wider marketing region","","verified"
"jp-hagi","JP-S-10","S","chugoku","JP","yamaguchi","山口県","Yamaguchi","city","萩市","萩市","Hagi","萩市","Hagi; 萩町; 萩","34.4081","131.3992","wikidata","Q378225","40","illustrative_city","source:jp-hagi:master","variant:jp-hagi:md","variant:jp-hagi:lg","entity_verified_rights_unresolved","illustrative","unresolved","https://www.japan.travel/en/destinations/chugoku/yamaguchi/hagi-area","docs/assets/catalog/japan-destination-entity-evidence.v1.jsonl","exact municipality: Hagi (Q378225); current administrative boundary, not the wider marketing region","Exact name/alias, current geographic type and prefecture chain checked against pinned open-knowledge evidence.","山口县","wikidata_P625","https://www.wikidata.org/w/index.php?title=Q378225&oldid=2539625772","JNTO_directory","https://www.japan.travel/en/destinations/chugoku/yamaguchi/hagi-area","exact municipality: Hagi (Q378225); current administrative boundary, not the wider marketing region","","verified"
"jp-naoshima","JP-S-10","S","shikoku","JP","kagawa","香川県","Kagawa","island","","直島","Naoshima","直島","Naoshima; なおしま","34.460","133.983","wikidata","Q20267482","40","illustrative_city","source:jp-naoshima:master","variant:jp-naoshima:md","variant:jp-naoshima:lg","entity_resolution_required","illustrative","unresolved","","docs/assets/catalog/japan-destination-entity-evidence.v1.jsonl","island-wide: Naoshima (Q20267482); this island only, excluding other islands of its municipality","直島本島。直島町に含まれる他島は除外。 missing_trilingual_names","香川县","wikidata_P625","https://www.wikidata.org/w/index.php?title=Q20267482&oldid=2462043170","","","island-wide: Naoshima (Q20267482); this island only, excluding other islands of its municipality","","unresolved"
"jp-dogo-onsen","JP-S-10","S","shikoku","JP","ehime","愛媛県","Ehime","hot_spring_area","道后温泉","道後温泉","Dōgo Onsen","道後温泉","Dogo Onsen; Dōgo Spa (Japan); Dōgo Spa (Matsuyama-shi, Japan); Dōgo Hot Spring (Matsuyama-shi, Japan); Dōgo Spring (Matsuyama-shi, Japan)","","","wikidata","Q1037748","40","illustrative_city","source:jp-dogo-onsen:master","variant:jp-dogo-onsen:md","variant:jp-dogo-onsen:lg","entity_resolution_required","illustrative","unresolved","","docs/assets/catalog/japan-destination-entity-evidence.v1.jsonl","named hot-spring district: Dōgo Onsen (Q1037748); named spa cluster only, not its entire municipality","Exact name/alias, current geographic type and prefecture chain checked against pinned open-knowledge evidence. unknown_coordinate_precision","爱媛县","","","","","named hot-spring district: Dōgo Onsen (Q1037748); named spa cluster only, not its entire municipality","jp-matsuyama","unresolved"
"jp-tokushima","JP-S-10","S","shikoku","JP","tokushima","徳島県","Tokushima","city","德岛市","徳島市","Tokushima","徳島市","Tokushima; 徳島市; 德島","34.0703","134.5549","wikidata","Q207309","40","illustrative_city","source:jp-tokushima:master","variant:jp-tokushima:md","variant:jp-tokushima:lg","entity_verified_rights_unresolved","illustrative","unresolved","https://www.japan.travel/en/destinations/shikoku/tokushima/","docs/assets/catalog/japan-destination-entity-evidence.v1.jsonl","exact municipality: Tokushima (Q207309); current administrative boundary, not the wider marketing region","Exact name/alias, current geographic type and prefecture chain checked against pinned open-knowledge evidence.","德岛县","wikidata_P625","https://www.wikidata.org/w/index.php?title=Q207309&oldid=2530465710","JNTO_directory","https://www.japan.travel/en/destinations/shikoku/tokushima/","exact municipality: Tokushima (Q207309); current administrative boundary, not the wider marketing region","","verified"
"jp-dazaifu","JP-S-10","S","kyushu-okinawa","JP","fukuoka","福岡県","Fukuoka","city","太宰府市","太宰府市","Dazaifu","太宰府市","Dazaifu; 太宰府町; 太宰府村; Dazaihu","33.5129","130.5238","wikidata","Q728218","40","illustrative_city","source:jp-dazaifu:master","variant:jp-dazaifu:md","variant:jp-dazaifu:lg","entity_verified_rights_unresolved","illustrative","unresolved","","docs/assets/catalog/japan-destination-entity-evidence.v1.jsonl","exact municipality: Dazaifu (Q728218); current administrative boundary, not the wider marketing region","現行太宰府市。古代行政機関の大宰府ではない。","福冈县","wikidata_P625","https://www.wikidata.org/w/index.php?title=Q728218&oldid=2530501323","","","exact municipality: Dazaifu (Q728218); current administrative boundary, not the wider marketing region","","verified"
"jp-unzen","JP-S-10","S","kyushu-okinawa","JP","nagasaki","長崎県","Nagasaki","city","云仙市","雲仙市","Unzen","雲仙市","Unzen","32.8352","130.1875","wikidata","Q999453","40","illustrative_city","source:jp-unzen:master","variant:jp-unzen:md","variant:jp-unzen:lg","entity_verified_rights_unresolved","illustrative","unresolved","","docs/assets/catalog/japan-destination-entity-evidence.v1.jsonl","exact municipality: Unzen (Q999453); current administrative boundary, not the wider marketing region","Exact name/alias, current geographic type and prefecture chain checked against pinned open-knowledge evidence.","长崎县","wikidata_P625","https://www.wikidata.org/w/index.php?title=Q999453&oldid=2530513439","","","exact municipality: Unzen (Q999453); current administrative boundary, not the wider marketing region","","verified"
"jp-takachiho","JP-S-10","S","kyushu-okinawa","JP","miyazaki","宮崎県","Miyazaki","town","高千穗町","高千穂町","Takachiho","高千穂町","Takachiho; 高千穂村","32.7117","131.3077","wikidata","Q1350939","40","illustrative_city","source:jp-takachiho:master","variant:jp-takachiho:md","variant:jp-takachiho:lg","entity_verified_rights_unresolved","illustrative","unresolved","https://www.japan.travel/en/destinations/kyushu/miyazaki/takachiho","docs/assets/catalog/japan-destination-entity-evidence.v1.jsonl","exact municipality: Takachiho (Q1350939); current administrative boundary, not the wider marketing region","Exact name/alias, current geographic type and prefecture chain checked against pinned open-knowledge evidence.","宫崎县","wikidata_P625","https://www.wikidata.org/w/index.php?title=Q1350939&oldid=2530453387","JNTO_directory","https://www.japan.travel/en/destinations/kyushu/miyazaki/takachiho","exact municipality: Takachiho (Q1350939); current administrative boundary, not the wider marketing region","","verified"
"jp-yakushima","JP-S-10","S","kyushu-okinawa","JP","kagoshima","鹿児島県","Kagoshima","island","屋久岛","屋久島","Yakushima","屋久島","Yakushima; 屋久島杉原始林; 屋久島スギ原始林; Yaku-shima; Yaku Island","30.359","130.529","wikidata","Q242176","40","illustrative_city","source:jp-yakushima:master","variant:jp-yakushima:md","variant:jp-yakushima:lg","entity_verified_rights_unresolved","illustrative","unresolved","https://www.japan.travel/en/destinations/kyushu/kagoshima/yakushima","docs/assets/catalog/japan-destination-entity-evidence.v1.jsonl","island-wide: Yakushima (Q242176); this island only, excluding other islands of its municipality","屋久島全域。屋久島町に含まれる他島は除外。","鹿儿岛县","wikidata_P625","https://www.wikidata.org/w/index.php?title=Q242176&oldid=2532336379","JNTO_directory","https://www.japan.travel/en/destinations/kyushu/kagoshima/yakushima","island-wide: Yakushima (Q242176); this island only, excluding other islands of its municipality","","verified"
"jp-abashiri","JP-A-01","A","hokkaido","JP","hokkaido","北海道","Hokkaido","city","网走市","網走市","Abashiri","網走市","Abashiri; 網走町; Abasiri","44.0206","144.2736","wikidata","Q305640","25","illustrative_city","source:jp-abashiri:master","variant:jp-abashiri:md","variant:jp-abashiri:lg","entity_verified_rights_unresolved","illustrative","unresolved","","docs/assets/catalog/japan-destination-entity-evidence.v1.jsonl","exact municipality: Abashiri (Q305640); current administrative boundary, not the wider marketing region","Exact name/alias, current geographic type and prefecture chain checked against pinned open-knowledge evidence.","北海道","wikidata_P625","https://www.wikidata.org/w/index.php?title=Q305640&oldid=2534240817","","","exact municipality: Abashiri (Q305640); current administrative boundary, not the wider marketing region","","verified"
"jp-kitami","JP-A-01","A","hokkaido","JP","hokkaido","北海道","Hokkaido","city","北见市","北見市","Kitami","北見市","Kitami; 野付牛村; 野付牛町","43.803","143.895","wikidata","Q265555","25","illustrative_city","source:jp-kitami:master","variant:jp-kitami:md","variant:jp-kitami:lg","entity_verified_rights_unresolved","illustrative","unresolved","","docs/assets/catalog/japan-destination-entity-evidence.v1.jsonl","exact municipality: Kitami (Q265555); current administrative boundary, not the wider marketing region","Exact name/alias, current geographic type and prefecture chain checked against pinned open-knowledge evidence.","北海道","wikidata_P625","https://www.wikidata.org/w/index.php?title=Q265555&oldid=2534240038","","","exact municipality: Kitami (Q265555); current administrative boundary, not the wider marketing region","","verified"
"jp-wakkanai","JP-A-01","A","hokkaido","JP","hokkaido","北海道","Hokkaido","city","稚内市","稚内市","Wakkanai","稚内市","Wakkanai; 稚内村; 稚内町; Wakkanai-shi","","","wikidata","Q267894","25","illustrative_city","source:jp-wakkanai:master","variant:jp-wakkanai:md","variant:jp-wakkanai:lg","entity_resolution_required","illustrative","unresolved","","docs/assets/catalog/japan-destination-entity-evidence.v1.jsonl","exact municipality: Wakkanai (Q267894); current administrative boundary, not the wider marketing region","Exact name/alias, current geographic type and prefecture chain checked against pinned open-knowledge evidence. conflicting_representative_coordinates","北海道","","","","","exact municipality: Wakkanai (Q267894); current administrative boundary, not the wider marketing region","","unresolved"
"jp-rumoi","JP-A-01","A","hokkaido","JP","hokkaido","北海道","Hokkaido","city","留萌市","留萌市","Rumoi","留萌市","Rumoi; 留萌村; 留萌町","43.9410","141.6370","wikidata","Q714628","25","illustrative_city","source:jp-rumoi:master","variant:jp-rumoi:md","variant:jp-rumoi:lg","entity_verified_rights_unresolved","illustrative","unresolved","","docs/assets/catalog/japan-destination-entity-evidence.v1.jsonl","exact municipality: Rumoi (Q714628); current administrative boundary, not the wider marketing region","Exact name/alias, current geographic type and prefecture chain checked against pinned open-knowledge evidence.","北海道","wikidata_P625","https://www.wikidata.org/w/index.php?title=Q714628&oldid=2534241077","","","exact municipality: Rumoi (Q714628); current administrative boundary, not the wider marketing region","","verified"
"jp-monbetsu","JP-A-01","A","hokkaido","JP","hokkaido","北海道","Hokkaido","city","纹别市","紋別市","Monbetsu","紋別市","Monbetsu; Mombetsu","44.3564","143.3544","wikidata","Q692745","25","illustrative_city","source:jp-monbetsu:master","variant:jp-monbetsu:md","variant:jp-monbetsu:lg","entity_verified_rights_unresolved","illustrative","unresolved","","docs/assets/catalog/japan-destination-entity-evidence.v1.jsonl","exact municipality: Monbetsu (Q692745); current administrative boundary, not the wider marketing region","Exact name/alias, current geographic type and prefecture chain checked against pinned open-knowledge evidence.","北海道","wikidata_P625","https://www.wikidata.org/w/index.php?title=Q692745&oldid=2534242953","","","exact municipality: Monbetsu (Q692745); current administrative boundary, not the wider marketing region","","verified"
"jp-akan-mashu","JP-A-01","A","hokkaido","JP","hokkaido","北海道","Hokkaido","region","阿寒摩周国立公園","阿寒摩周国立公園","Akan Mashu National Park","阿寒摩周国立公園","Akan-Mashu; 阿寒国家公园; 阿寒國立公園; Akan-Mashu National Park","43.5","144.3","wikidata","Q415672","25","illustrative_city","source:jp-akan-mashu:master","variant:jp-akan-mashu:md","variant:jp-akan-mashu:lg","entity_verified_rights_unresolved","illustrative","unresolved","","docs/assets/catalog/japan-destination-entity-evidence.v1.jsonl","named geographic region: Akan Mashu National Park (Q415672); entity footprint only; lake means lake, peninsula means peninsula, archipelago means listed islands","短縮旅行名から阿寒摩周国立公園に対応。公園内のみ。","北海道","wikidata_P625","https://www.wikidata.org/w/index.php?title=Q415672&oldid=2499065251","","","named geographic region: Akan Mashu National Park (Q415672); entity footprint only; lake means lake, peninsula means peninsula, archipelago means listed islands","","verified"
"jp-lake-shikotsu","JP-A-01","A","hokkaido","JP","hokkaido","北海道","Hokkaido","region","支笏湖","支笏湖","Lake Shikotsu","支笏湖","Lake Shikotsu; Shikotsu-ko","42.750","141.333","wikidata","Q1196295","25","illustrative_city","source:jp-lake-shikotsu:master","variant:jp-lake-shikotsu:md","variant:jp-lake-shikotsu:lg","entity_verified_rights_unresolved","illustrative","unresolved","","docs/assets/catalog/japan-destination-entity-evidence.v1.jsonl","named geographic region: Lake Shikotsu (Q1196295); entity footprint only; lake means lake, peninsula means peninsula, archipelago means listed islands","Exact name/alias, current geographic type and prefecture chain checked against pinned open-knowledge evidence.","北海道","wikidata_P625","https://www.wikidata.org/w/index.php?title=Q1196295&oldid=2465850409","","","named geographic region: Lake Shikotsu (Q1196295); entity footprint only; lake means lake, peninsula means peninsula, archipelago means listed islands","","verified"
"jp-jozankei","JP-A-02","A","hokkaido","JP","hokkaido","北海道","Hokkaido","region","定山溪","定山渓","Jōzankei","定山渓","Jozankei","42.9692","141.1661","wikidata","Q11452186","25","illustrative_city","source:jp-jozankei:master","variant:jp-jozankei:md","variant:jp-jozankei:lg","entity_verified_rights_unresolved","illustrative","unresolved","","docs/assets/catalog/japan-destination-entity-evidence.v1.jsonl","named geographic region: Jōzankei (Q11452186); entity footprint only; lake means lake, peninsula means peninsula, archipelago means listed islands","Exact name/alias, current geographic type and prefecture chain checked against pinned open-knowledge evidence.","北海道","wikidata_P625","https://www.wikidata.org/w/index.php?title=Q11452186&oldid=2526338515","","","named geographic region: Jōzankei (Q11452186); entity footprint only; lake means lake, peninsula means peninsula, archipelago means listed islands","jp-sapporo","verified"
"jp-yoichi","JP-A-02","A","hokkaido","JP","hokkaido","北海道","Hokkaido","town","余市町","余市町","Yoichi","余市町","Yoichi","43.1953","140.7835","wikidata","Q1348748","25","illustrative_city","source:jp-yoichi:master","variant:jp-yoichi:md","variant:jp-yoichi:lg","entity_verified_rights_unresolved","illustrative","unresolved","","docs/assets/catalog/japan-destination-entity-evidence.v1.jsonl","exact municipality: Yoichi (Q1348748); current administrative boundary, not the wider marketing region","Exact name/alias, current geographic type and prefecture chain checked against pinned open-knowledge evidence.","北海道","wikidata_P625","https://www.wikidata.org/w/index.php?title=Q1348748&oldid=2534265707","","","exact municipality: Yoichi (Q1348748); current administrative boundary, not the wider marketing region","","verified"
"jp-shakotan","JP-A-02","A","hokkaido","JP","hokkaido","北海道","Hokkaido","town","积丹町","積丹町","Shakotan","積丹町","Shakotan; 积丹町","43.2987","140.5980","wikidata","Q1354431","25","illustrative_city","source:jp-shakotan:master","variant:jp-shakotan:md","variant:jp-shakotan:lg","entity_verified_rights_unresolved","illustrative","unresolved","","docs/assets/catalog/japan-destination-entity-evidence.v1.jsonl","exact municipality: Shakotan (Q1354431); current administrative boundary, not the wider marketing region","Exact name/alias, current geographic type and prefecture chain checked against pinned open-knowledge evidence.","北海道","wikidata_P625","https://www.wikidata.org/w/index.php?title=Q1354431&oldid=2534265239","","","exact municipality: Shakotan (Q1354431); current administrative boundary, not the wider marketing region","","verified"
"jp-kutchan","JP-A-02","A","hokkaido","JP","hokkaido","北海道","Hokkaido","town","俱知安町","倶知安町","Kutchan","倶知安町","Kutchan","42.9017","140.7589","wikidata","Q1204596","25","illustrative_city","source:jp-kutchan:master","variant:jp-kutchan:md","variant:jp-kutchan:lg","entity_verified_rights_unresolved","illustrative","unresolved","","docs/assets/catalog/japan-destination-entity-evidence.v1.jsonl","exact municipality: Kutchan (Q1204596); current administrative boundary, not the wider marketing region","Exact name/alias, current geographic type and prefecture chain checked against pinned open-knowledge evidence.","北海道","wikidata_P625","https://www.wikidata.org/w/index.php?title=Q1204596&oldid=2534263976","","","exact municipality: Kutchan (Q1204596); current administrative boundary, not the wider marketing region","","verified"
"jp-rusutsu","JP-A-02","A","hokkaido","JP","hokkaido","北海道","Hokkaido","village","留寿都村","留寿都村","Rusutsu","留寿都村","Rusutsu; ルスツ; 真狩村","42.7373","140.8756","wikidata","Q1354413","25","illustrative_city","source:jp-rusutsu:master","variant:jp-rusutsu:md","variant:jp-rusutsu:lg","entity_verified_rights_unresolved","illustrative","unresolved","","docs/assets/catalog/japan-destination-entity-evidence.v1.jsonl","exact municipality: Rusutsu (Q1354413); current administrative boundary, not the wider marketing region","Exact name/alias, current geographic type and prefecture chain checked against pinned open-knowledge evidence.","北海道","wikidata_P625","https://www.wikidata.org/w/index.php?title=Q1354413&oldid=2534263479","","","exact municipality: Rusutsu (Q1354413); current administrative boundary, not the wider marketing region","","verified"
"jp-tomamu","JP-A-02","A","hokkaido","JP","hokkaido","北海道","Hokkaido","resort_area","星野苫鹉度假区","星野リゾート トマム","Hoshino Resorts Tomamu","星野リゾート トマム","Tomamu; 星野リゾート・トマム; 星野TOMAMU度假村; Tomamu渡假村; 星野渡假村 苫鵡","43.0631","142.6308","wikidata","Q11513061","25","illustrative_city","source:jp-tomamu:master","variant:jp-tomamu:md","variant:jp-tomamu:lg","entity_verified_rights_unresolved","illustrative","unresolved","","docs/assets/catalog/japan-destination-entity-evidence.v1.jsonl","named resort cluster: Hoshino Resorts Tomamu (Q11513061); resort grounds only, not the entire host municipality","星野リゾート トマムのリゾート範囲。占冠村全域ではない。","北海道","wikidata_P625","https://www.wikidata.org/w/index.php?title=Q11513061&oldid=2467341272","","","named resort cluster: Hoshino Resorts Tomamu (Q11513061); resort grounds only, not the entire host municipality","","verified"
"jp-sahoro","JP-A-02","A","hokkaido","JP","hokkaido","北海道","Hokkaido","resort_area","佐幌度假村","サホロリゾート","Sahoro Resort","サホロリゾート","Sahoro; 十勝サホロリゾート; Tokachi Sahoro Resort; Sahoro Resort Hotel","43.166","142.813","wikidata","Q11305052","25","illustrative_city","source:jp-sahoro:master","variant:jp-sahoro:md","variant:jp-sahoro:lg","entity_verified_rights_unresolved","illustrative","unresolved","","docs/assets/catalog/japan-destination-entity-evidence.v1.jsonl","named resort cluster: Sahoro Resort (Q11305052); resort grounds only, not the entire host municipality","サホロリゾートの範囲。新得町全域ではない。","北海道","wikidata_P625","https://www.wikidata.org/w/index.php?title=Q11305052&oldid=2505897740","","","named resort cluster: Sahoro Resort (Q11305052); resort grounds only, not the entire host municipality","","verified"
"jp-tokachigawa-onsen","JP-A-03","A","hokkaido","JP","hokkaido","北海道","Hokkaido","hot_spring_area","十勝川温泉","十勝川温泉","Tokachigawa Onsen","十勝川温泉","Tokachigawa Onsen","42.934","143.296","wikidata","Q11404905","25","illustrative_city","source:jp-tokachigawa-onsen:master","variant:jp-tokachigawa-onsen:md","variant:jp-tokachigawa-onsen:lg","entity_verified_rights_unresolved","illustrative","unresolved","","docs/assets/catalog/japan-destination-entity-evidence.v1.jsonl","named hot-spring district: Tokachigawa Onsen (Q11404905); named spa cluster only, not its entire municipality","Exact name/alias, current geographic type and prefecture chain checked against pinned open-knowledge evidence.","北海道","wikidata_P625","https://www.wikidata.org/w/index.php?title=Q11404905&oldid=2431638683","","","named hot-spring district: Tokachigawa Onsen (Q11404905); named spa cluster only, not its entire municipality","","verified"
"jp-lake-mashu","JP-A-03","A","hokkaido","JP","hokkaido","北海道","Hokkaido","region","摩周湖","摩周湖","Lake Mashū","摩周湖","Lake Mashu; 裏摩周展望台; カムイシュ島; ましゅうこ","","","wikidata","Q1194619","25","illustrative_city","source:jp-lake-mashu:master","variant:jp-lake-mashu:md","variant:jp-lake-mashu:lg","entity_resolution_required","illustrative","unresolved","","docs/assets/catalog/japan-destination-entity-evidence.v1.jsonl","named geographic region: Lake Mashū (Q1194619); entity footprint only; lake means lake, peninsula means peninsula, archipelago means listed islands","Exact name/alias, current geographic type and prefecture chain checked against pinned open-knowledge evidence. unknown_coordinate_precision","北海道","","","","","named geographic region: Lake Mashū (Q1194619); entity footprint only; lake means lake, peninsula means peninsula, archipelago means listed islands","","unresolved"
"jp-lake-kussharo","JP-A-03","A","hokkaido","JP","hokkaido","北海道","Hokkaido","region","屈斜路湖","屈斜路湖","Lake Kussharo","屈斜路湖","Lake Kussharo; Kussharo-ko","43.617","144.333","wikidata","Q1329458","25","illustrative_city","source:jp-lake-kussharo:master","variant:jp-lake-kussharo:md","variant:jp-lake-kussharo:lg","entity_verified_rights_unresolved","illustrative","unresolved","","docs/assets/catalog/japan-destination-entity-evidence.v1.jsonl","named geographic region: Lake Kussharo (Q1329458); entity footprint only; lake means lake, peninsula means peninsula, archipelago means listed islands","Exact name/alias, current geographic type and prefecture chain checked against pinned open-knowledge evidence.","北海道","wikidata_P625","https://www.wikidata.org/w/index.php?title=Q1329458&oldid=2471582503","","","named geographic region: Lake Kussharo (Q1329458); entity footprint only; lake means lake, peninsula means peninsula, archipelago means listed islands","","verified"
"jp-nemuro","JP-A-03","A","hokkaido","JP","hokkaido","北海道","Hokkaido","city","根室市","根室市","Nemuro","根室市","Nemuro; 根室梅ヶ枝町","43.3301","145.5829","wikidata","Q502205","25","illustrative_city","source:jp-nemuro:master","variant:jp-nemuro:md","variant:jp-nemuro:lg","entity_verified_rights_unresolved","illustrative","unresolved","","docs/assets/catalog/japan-destination-entity-evidence.v1.jsonl","exact municipality: Nemuro (Q502205); current administrative boundary, not the wider marketing region","Exact name/alias, current geographic type and prefecture chain checked against pinned open-knowledge evidence.","北海道","wikidata_P625","https://www.wikidata.org/w/index.php?title=Q502205&oldid=2534243977","","","exact municipality: Nemuro (Q502205); current administrative boundary, not the wider marketing region","","verified"
"jp-rausu","JP-A-03","A","hokkaido","JP","hokkaido","北海道","Hokkaido","town","罗臼町","羅臼町","Rausu","羅臼町","Rausu; 羅臼村; 植別村","44.022","145.190","wikidata","Q1208391","25","illustrative_city","source:jp-rausu:master","variant:jp-rausu:md","variant:jp-rausu:lg","entity_verified_rights_unresolved","illustrative","unresolved","","docs/assets/catalog/japan-destination-entity-evidence.v1.jsonl","exact municipality: Rausu (Q1208391); current administrative boundary, not the wider marketing region","Exact name/alias, current geographic type and prefecture chain checked against pinned open-knowledge evidence.","北海道","wikidata_P625","https://www.wikidata.org/w/index.php?title=Q1208391&oldid=2530450564","","","exact municipality: Rausu (Q1208391); current administrative boundary, not the wider marketing region","","verified"
"jp-matsumae","JP-A-03","A","hokkaido","JP","hokkaido","北海道","Hokkaido","town","松前町","松前町","Matsumae","松前町","Matsumae; 福山町","41.4299","140.1103","wikidata","Q1374364","25","illustrative_city","source:jp-matsumae:master","variant:jp-matsumae:md","variant:jp-matsumae:lg","entity_verified_rights_unresolved","illustrative","unresolved","","docs/assets/catalog/japan-destination-entity-evidence.v1.jsonl","exact municipality: Matsumae (Q1374364); current administrative boundary, not the wider marketing region","Exact name/alias, current geographic type and prefecture chain checked against pinned open-knowledge evidence.","北海道","wikidata_P625","https://www.wikidata.org/w/index.php?title=Q1374364&oldid=2534251782","","","exact municipality: Matsumae (Q1374364); current administrative boundary, not the wider marketing region","","verified"
"jp-towada","JP-A-03","A","tohoku","JP","aomori","青森県","Aomori","city","十和田市","十和田市","Towada","十和田市","Towada; 三本木市","40.6127","141.2059","wikidata","Q646818","25","illustrative_city","source:jp-towada:master","variant:jp-towada:md","variant:jp-towada:lg","entity_verified_rights_unresolved","illustrative","unresolved","https://www.japan.travel/en/destinations/tohoku/aomori/lake-towada-and-around/","docs/assets/catalog/japan-destination-entity-evidence.v1.jsonl","exact municipality: Towada (Q646818); current administrative boundary, not the wider marketing region","Exact name/alias, current geographic type and prefecture chain checked against pinned open-knowledge evidence.","青森县","wikidata_P625","https://www.wikidata.org/w/index.php?title=Q646818&oldid=2530499298","JNTO_directory","https://www.japan.travel/en/destinations/tohoku/aomori/lake-towada-and-around/","exact municipality: Towada (Q646818); current administrative boundary, not the wider marketing region","","verified"
"jp-oirase","JP-A-04","A","tohoku","JP","aomori","青森県","Aomori","other_review_required","奥入濑溪流","奥入瀬渓流","Oirase Steam","奥入瀬渓流","Oirase; 奥入瀬渓谷; 奧入瀨; Oirasekeiryu","40.5253","140.9745","wikidata","Q10942580","25","illustrative_city","source:jp-oirase:master","variant:jp-oirase:md","variant:jp-oirase:lg","entity_resolution_required","illustrative","unresolved","","docs/assets/catalog/japan-destination-entity-evidence.v1.jsonl","","奥入瀬の渓流観光エリア。おいらせ町を代用しない。証拠不足なら未解決。 type_or_historical_entity coverage_scope_not_verified","青森县","wikidata_P625","https://www.wikidata.org/w/index.php?title=Q10942580&oldid=1773170670","","","","jp-towada","unresolved"
"jp-mutsu","JP-A-04","A","tohoku","JP","aomori","青森県","Aomori","city","陆奥市","むつ市","Mutsu","むつ市","Mutsu; 大湊田名部市; 陸奥市","41.2928","141.1836","wikidata","Q641992","25","illustrative_city","source:jp-mutsu:master","variant:jp-mutsu:md","variant:jp-mutsu:lg","entity_verified_rights_unresolved","illustrative","unresolved","","docs/assets/catalog/japan-destination-entity-evidence.v1.jsonl","exact municipality: Mutsu (Q641992); current administrative boundary, not the wider marketing region","Exact name/alias, current geographic type and prefecture chain checked against pinned open-knowledge evidence.","青森县","wikidata_P625","https://www.wikidata.org/w/index.php?title=Q641992&oldid=2530499205","","","exact municipality: Mutsu (Q641992); current administrative boundary, not the wider marketing region","","verified"
"jp-oma","JP-A-04","A","tohoku","JP","aomori","青森県","Aomori","town","大间町","大間町","Ōma-machi","大間町","Oma; 大奥村; Oma-machi; Ōma","41.5224","140.9049","wikidata","Q1362378","25","illustrative_city","source:jp-oma:master","variant:jp-oma:md","variant:jp-oma:lg","entity_verified_rights_unresolved","illustrative","unresolved","","docs/assets/catalog/japan-destination-entity-evidence.v1.jsonl","exact municipality: Ōma-machi (Q1362378); current administrative boundary, not the wider marketing region","Exact name/alias, current geographic type and prefecture chain checked against pinned open-knowledge evidence.","青森县","wikidata_P625","https://www.wikidata.org/w/index.php?title=Q1362378&oldid=2530453912","","","exact municipality: Ōma-machi (Q1362378); current administrative boundary, not the wider marketing region","","verified"
"jp-hanamaki","JP-A-04","A","tohoku","JP","iwate","岩手県","Iwate","city","花卷市","花巻市","Hanamaki","花巻市","Hanamaki; Hanamaki-shi","","","wikidata","Q317827","25","illustrative_city","source:jp-hanamaki:master","variant:jp-hanamaki:md","variant:jp-hanamaki:lg","entity_resolution_required","illustrative","unresolved","https://www.japan.travel/en/destinations/tohoku/iwate/hanamaki-and-around","docs/assets/catalog/japan-destination-entity-evidence.v1.jsonl","exact municipality: Hanamaki (Q317827); current administrative boundary, not the wider marketing region","Exact name/alias, current geographic type and prefecture chain checked against pinned open-knowledge evidence. conflicting_representative_coordinates","岩手县","","","JNTO_directory","https://www.japan.travel/en/destinations/tohoku/iwate/hanamaki-and-around","exact municipality: Hanamaki (Q317827); current administrative boundary, not the wider marketing region","","unresolved"
"jp-tono","JP-A-04","A","tohoku","JP","iwate","岩手県","Iwate","city","远野市","遠野市","Tōno-shi","遠野市","Tono; 拾戸; Tono City; Tono-shi; Tōno","39.3320","141.5329","wikidata","Q646766","25","illustrative_city","source:jp-tono:master","variant:jp-tono:md","variant:jp-tono:lg","entity_verified_rights_unresolved","illustrative","unresolved","","docs/assets/catalog/japan-destination-entity-evidence.v1.jsonl","exact municipality: Tōno-shi (Q646766); current administrative boundary, not the wider marketing region","Exact name/alias, current geographic type and prefecture chain checked against pinned open-knowledge evidence.","岩手县","wikidata_P625","https://www.wikidata.org/w/index.php?title=Q646766&oldid=2530499294","","","exact municipality: Tōno-shi (Q646766); current administrative boundary, not the wider marketing region","","verified"
"jp-miyako","JP-A-04","A","tohoku","JP","iwate","岩手県","Iwate","city","宫古市","宮古市","Miyako","宮古市","Miyako","39.640","141.946","wikidata","Q502981","25","illustrative_city","source:jp-miyako:master","variant:jp-miyako:md","variant:jp-miyako:lg","entity_verified_rights_unresolved","illustrative","unresolved","","docs/assets/catalog/japan-destination-entity-evidence.v1.jsonl","exact municipality: Miyako (Q502981); current administrative boundary, not the wider marketing region","Exact name/alias, current geographic type and prefecture chain checked against pinned open-knowledge evidence.","岩手县","wikidata_P625","https://www.wikidata.org/w/index.php?title=Q502981&oldid=2530494340","","","exact municipality: Miyako (Q502981); current administrative boundary, not the wider marketing region","","verified"
"jp-ichinoseki","JP-A-04","A","tohoku","JP","iwate","岩手県","Iwate","city","一关市","一関市","Ichinoseki","一関市","Ichinoseki; 一關","38.9347","141.1266","wikidata","Q390817","25","illustrative_city","source:jp-ichinoseki:master","variant:jp-ichinoseki:md","variant:jp-ichinoseki:lg","entity_verified_rights_unresolved","illustrative","unresolved","","docs/assets/catalog/japan-destination-entity-evidence.v1.jsonl","exact municipality: Ichinoseki (Q390817); current administrative boundary, not the wider marketing region","Exact name/alias, current geographic type and prefecture chain checked against pinned open-knowledge evidence.","岩手县","wikidata_P625","https://www.wikidata.org/w/index.php?title=Q390817&oldid=2537797470","","","exact municipality: Ichinoseki (Q390817); current administrative boundary, not the wider marketing region","","verified"
"jp-ishinomaki","JP-A-05","A","tohoku","JP","miyagi","宮城県","Miyagi","city","石卷市","石巻市","Ishinomaki","石巻市","Ishinomaki; 石巻町","38.4342","141.3027","wikidata","Q270814","25","illustrative_city","source:jp-ishinomaki:master","variant:jp-ishinomaki:md","variant:jp-ishinomaki:lg","entity_verified_rights_unresolved","illustrative","unresolved","","docs/assets/catalog/japan-destination-entity-evidence.v1.jsonl","exact municipality: Ishinomaki (Q270814); current administrative boundary, not the wider marketing region","Exact name/alias, current geographic type and prefecture chain checked against pinned open-knowledge evidence.","宫城县","wikidata_P625","https://www.wikidata.org/w/index.php?title=Q270814&oldid=2538325619","","","exact municipality: Ishinomaki (Q270814); current administrative boundary, not the wider marketing region","","verified"
"jp-kesennuma","JP-A-05","A","tohoku","JP","miyagi","宮城県","Miyagi","city","气仙沼市","気仙沼市","Kesennuma","気仙沼市","Kesennuma","38.9081","141.5699","wikidata","Q235746","25","illustrative_city","source:jp-kesennuma:master","variant:jp-kesennuma:md","variant:jp-kesennuma:lg","entity_verified_rights_unresolved","illustrative","unresolved","","docs/assets/catalog/japan-destination-entity-evidence.v1.jsonl","exact municipality: Kesennuma (Q235746); current administrative boundary, not the wider marketing region","Exact name/alias, current geographic type and prefecture chain checked against pinned open-knowledge evidence.","宫城县","wikidata_P625","https://www.wikidata.org/w/index.php?title=Q235746&oldid=2530469394","","","exact municipality: Kesennuma (Q235746); current administrative boundary, not the wider marketing region","","verified"
"jp-shiogama","JP-A-05","A","tohoku","JP","miyagi","宮城県","Miyagi","city","盐竈市","塩竈市","Shiogama","塩竈市","Shiogama; 塩釜市; 塩竈町; 塩竃市; 塩釜町; 鹽灶市; 鹽釜市; 盐灶市; 塩竈市; Siogama","38.3144","141.0220","wikidata","Q496448","25","illustrative_city","source:jp-shiogama:master","variant:jp-shiogama:md","variant:jp-shiogama:lg","entity_verified_rights_unresolved","illustrative","unresolved","","docs/assets/catalog/japan-destination-entity-evidence.v1.jsonl","exact municipality: Shiogama (Q496448); current administrative boundary, not the wider marketing region","Exact name/alias, current geographic type and prefecture chain checked against pinned open-knowledge evidence.","宫城县","wikidata_P625","https://www.wikidata.org/w/index.php?title=Q496448&oldid=2530493672","","","exact municipality: Shiogama (Q496448); current administrative boundary, not the wider marketing region","","verified"
"jp-oga","JP-A-05","A","tohoku","JP","akita","秋田県","Akita","city","男鹿市","男鹿市","Oga","男鹿市","Oga","39.8867","139.8476","wikidata","Q633935","25","illustrative_city","source:jp-oga:master","variant:jp-oga:md","variant:jp-oga:lg","entity_verified_rights_unresolved","illustrative","unresolved","","docs/assets/catalog/japan-destination-entity-evidence.v1.jsonl","exact municipality: Oga (Q633935); current administrative boundary, not the wider marketing region","Exact name/alias, current geographic type and prefecture chain checked against pinned open-knowledge evidence.","秋田县","wikidata_P625","https://www.wikidata.org/w/index.php?title=Q633935&oldid=2530498943","","","exact municipality: Oga (Q633935); current administrative boundary, not the wider marketing region","","verified"
"jp-yokote","JP-A-05","A","tohoku","JP","akita","秋田県","Akita","city","横手市","横手市","Yokote","横手市","Yokote; 横手町","39.3137","140.5666","wikidata","Q496479","25","illustrative_city","source:jp-yokote:master","variant:jp-yokote:md","variant:jp-yokote:lg","entity_verified_rights_unresolved","illustrative","unresolved","https://www.japan.travel/en/destinations/tohoku/akita/yokote-and-around","docs/assets/catalog/japan-destination-entity-evidence.v1.jsonl","exact municipality: Yokote (Q496479); current administrative boundary, not the wider marketing region","Exact name/alias, current geographic type and prefecture chain checked against pinned open-knowledge evidence.","秋田县","wikidata_P625","https://www.wikidata.org/w/index.php?title=Q496479&oldid=2530493681","JNTO_directory","https://www.japan.travel/en/destinations/tohoku/akita/yokote-and-around","exact municipality: Yokote (Q496479); current administrative boundary, not the wider marketing region","","verified"
"jp-nyuto-onsen","JP-A-05","A","tohoku","JP","akita","秋田県","Akita","hot_spring_area","乳頭温泉乡","乳頭温泉郷","Nyuto Spa Resort","乳頭温泉郷","Nyuto Onsen; 乳頭温泉","39.8","140.8","wikidata","Q11370596","25","illustrative_city","source:jp-nyuto-onsen:master","variant:jp-nyuto-onsen:md","variant:jp-nyuto-onsen:lg","entity_verified_rights_unresolved","illustrative","unresolved","","docs/assets/catalog/japan-destination-entity-evidence.v1.jsonl","named hot-spring district: Nyuto Spa Resort (Q11370596); named spa cluster only, not its entire municipality","Exact name/alias, current geographic type and prefecture chain checked against pinned open-knowledge evidence.","秋田县","wikidata_P625","https://www.wikidata.org/w/index.php?title=Q11370596&oldid=2306699666","","","named hot-spring district: Nyuto Spa Resort (Q11370596); named spa cluster only, not its entire municipality","","verified"
"jp-lake-tazawa","JP-A-05","A","tohoku","JP","akita","秋田県","Akita","region","田泽湖","田沢湖","Lake Tazawa","田沢湖","Lake Tazawa; Tazawako","39.725","140.661","wikidata","Q174309","25","illustrative_city","source:jp-lake-tazawa:master","variant:jp-lake-tazawa:md","variant:jp-lake-tazawa:lg","entity_verified_rights_unresolved","illustrative","unresolved","","docs/assets/catalog/japan-destination-entity-evidence.v1.jsonl","named geographic region: Lake Tazawa (Q174309); entity footprint only; lake means lake, peninsula means peninsula, archipelago means listed islands","Exact name/alias, current geographic type and prefecture chain checked against pinned open-knowledge evidence.","秋田县","wikidata_P625","https://www.wikidata.org/w/index.php?title=Q174309&oldid=2495867821","","","named geographic region: Lake Tazawa (Q174309); entity footprint only; lake means lake, peninsula means peninsula, archipelago means listed islands","","verified"
"jp-tsuruoka","JP-A-06","A","tohoku","JP","yamagata","山形県","Yamagata","city","鹤冈市","鶴岡市","Tsuruoka","鶴岡市","Tsuruoka; 鶴岡町; 鶴岡; Turuoka","","","wikidata","Q734416","25","illustrative_city","source:jp-tsuruoka:master","variant:jp-tsuruoka:md","variant:jp-tsuruoka:lg","entity_resolution_required","illustrative","unresolved","https://www.japan.travel/en/destinations/tohoku/yamagata/tsuruoka-and-sakata/","docs/assets/catalog/japan-destination-entity-evidence.v1.jsonl","exact municipality: Tsuruoka (Q734416); current administrative boundary, not the wider marketing region","Exact name/alias, current geographic type and prefecture chain checked against pinned open-knowledge evidence. conflicting_representative_coordinates","山形县","","","JNTO_directory","https://www.japan.travel/en/destinations/tohoku/yamagata/tsuruoka-and-sakata/","exact municipality: Tsuruoka (Q734416); current administrative boundary, not the wider marketing region","","unresolved"
"jp-sakata","JP-A-06","A","tohoku","JP","yamagata","山形県","Yamagata","city","酒田市","酒田市","Sakata","酒田市","Sakata; 酒田町; 酒田","38.9149","139.8367","wikidata","Q504690","25","illustrative_city","source:jp-sakata:master","variant:jp-sakata:md","variant:jp-sakata:lg","entity_verified_rights_unresolved","illustrative","unresolved","","docs/assets/catalog/japan-destination-entity-evidence.v1.jsonl","exact municipality: Sakata (Q504690); current administrative boundary, not the wider marketing region","Exact name/alias, current geographic type and prefecture chain checked against pinned open-knowledge evidence.","山形县","wikidata_P625","https://www.wikidata.org/w/index.php?title=Q504690&oldid=2535584102","","","exact municipality: Sakata (Q504690); current administrative boundary, not the wider marketing region","","verified"
"jp-yamadera","JP-A-06","A","tohoku","JP","","","","other_review_required","","","","","Yamadera","","","","","25","illustrative_city","source:jp-yamadera:master","variant:jp-yamadera:md","variant:jp-yamadera:lg","entity_resolution_required","illustrative","unresolved","","docs/assets/catalog/japan-destination-entity-evidence.v1.jsonl","","Exact name/alias, current geographic type and prefecture chain checked against pinned open-knowledge evidence. ambiguous_or_no_reliable_candidate missing_trilingual_names coverage_scope_not_verified","","","","","","","","unresolved"
"jp-kaminoyama-onsen","JP-A-06","A","tohoku","JP","yamagata","山形県","Yamagata","hot_spring_area","","上山温泉","Kaminoyama Onsen","上山温泉","Kaminoyama Onsen","38.1670","140.2732","wikidata","Q11358865","25","illustrative_city","source:jp-kaminoyama-onsen:master","variant:jp-kaminoyama-onsen:md","variant:jp-kaminoyama-onsen:lg","entity_resolution_required","illustrative","unresolved","","docs/assets/catalog/japan-destination-entity-evidence.v1.jsonl","named hot-spring district: Kaminoyama Onsen (Q11358865); named spa cluster only, not its entire municipality","Exact name/alias, current geographic type and prefecture chain checked against pinned open-knowledge evidence. missing_trilingual_names","山形县","wikidata_P625","https://www.wikidata.org/w/index.php?title=Q11358865&oldid=2541385818","","","named hot-spring district: Kaminoyama Onsen (Q11358865); named spa cluster only, not its entire municipality","","unresolved"
"jp-koriyama","JP-A-06","A","tohoku","JP","fukushima","福島県","Fukushima","city","郡山市","郡山市","Kōriyama","郡山市","Koriyama; Kōriyama-shi","37.4003","140.3597","wikidata","Q264206","25","illustrative_city","source:jp-koriyama:master","variant:jp-koriyama:md","variant:jp-koriyama:lg","entity_verified_rights_unresolved","illustrative","unresolved","","docs/assets/catalog/japan-destination-entity-evidence.v1.jsonl","exact municipality: Kōriyama (Q264206); current administrative boundary, not the wider marketing region","Exact name/alias, current geographic type and prefecture chain checked against pinned open-knowledge evidence.","福岛县","wikidata_P625","https://www.wikidata.org/w/index.php?title=Q264206&oldid=2530473637","","","exact municipality: Kōriyama (Q264206); current administrative boundary, not the wider marketing region","","verified"
"jp-iwaki","JP-A-06","A","tohoku","JP","fukushima","福島県","Fukushima","city","磐城市","いわき市","Iwaki","いわき市","Iwaki","37.0505","140.8877","wikidata","Q274384","25","illustrative_city","source:jp-iwaki:master","variant:jp-iwaki:md","variant:jp-iwaki:lg","entity_verified_rights_unresolved","illustrative","unresolved","","docs/assets/catalog/japan-destination-entity-evidence.v1.jsonl","exact municipality: Iwaki (Q274384); current administrative boundary, not the wider marketing region","Exact name/alias, current geographic type and prefecture chain checked against pinned open-knowledge evidence.","福岛县","wikidata_P625","https://www.wikidata.org/w/index.php?title=Q274384&oldid=2530474919","","","exact municipality: Iwaki (Q274384); current administrative boundary, not the wider marketing region","","verified"
"jp-kitakata","JP-A-06","A","tohoku","JP","fukushima","福島県","Fukushima","city","喜多方市","喜多方市","Kitakata","喜多方市","Kitakata","37.6511","139.8748","wikidata","Q496506","25","illustrative_city","source:jp-kitakata:master","variant:jp-kitakata:md","variant:jp-kitakata:lg","entity_verified_rights_unresolved","illustrative","unresolved","","docs/assets/catalog/japan-destination-entity-evidence.v1.jsonl","exact municipality: Kitakata (Q496506); current administrative boundary, not the wider marketing region","Exact name/alias, current geographic type and prefecture chain checked against pinned open-knowledge evidence.","福岛县","wikidata_P625","https://www.wikidata.org/w/index.php?title=Q496506&oldid=2530493689","","","exact municipality: Kitakata (Q496506); current administrative boundary, not the wider marketing region","","verified"
"jp-inawashiro","JP-A-07","A","tohoku","JP","fukushima","福島県","Fukushima","town","猪苗代町","猪苗代町","Inawashiro","猪苗代町","Inawashiro","37.5578","140.1048","wikidata","Q669633","25","illustrative_city","source:jp-inawashiro:master","variant:jp-inawashiro:md","variant:jp-inawashiro:lg","entity_verified_rights_unresolved","illustrative","unresolved","","docs/assets/catalog/japan-destination-entity-evidence.v1.jsonl","exact municipality: Inawashiro (Q669633); current administrative boundary, not the wider marketing region","Exact name/alias, current geographic type and prefecture chain checked against pinned open-knowledge evidence.","福岛县","wikidata_P625","https://www.wikidata.org/w/index.php?title=Q669633&oldid=2530499854","","","exact municipality: Inawashiro (Q669633); current administrative boundary, not the wider marketing region","","verified"
"jp-bandai","JP-A-07","A","tohoku","JP","fukushima","福島県","Fukushima","town","磐梯町","磐梯町","Bandai","磐梯町","Bandai; 磐梯村","37.5621","139.9887","wikidata","Q143208","25","illustrative_city","source:jp-bandai:master","variant:jp-bandai:md","variant:jp-bandai:lg","entity_verified_rights_unresolved","illustrative","unresolved","","docs/assets/catalog/japan-destination-entity-evidence.v1.jsonl","exact municipality: Bandai (Q143208); current administrative boundary, not the wider marketing region","Exact name/alias, current geographic type and prefecture chain checked against pinned open-knowledge evidence.","福岛县","wikidata_P625","https://www.wikidata.org/w/index.php?title=Q143208&oldid=2530454566","","","exact municipality: Bandai (Q143208); current administrative boundary, not the wider marketing region","","verified"
"jp-soma","JP-A-07","A","tohoku","JP","fukushima","福島県","Fukushima","city","相马市","相馬市","Sōma-shi","相馬市","Soma; 相马市; Soma City; Soma-shi; Sōma","37.7967","140.9196","wikidata","Q696456","25","illustrative_city","source:jp-soma:master","variant:jp-soma:md","variant:jp-soma:lg","entity_verified_rights_unresolved","illustrative","unresolved","","docs/assets/catalog/japan-destination-entity-evidence.v1.jsonl","exact municipality: Sōma-shi (Q696456); current administrative boundary, not the wider marketing region","Exact name/alias, current geographic type and prefecture chain checked against pinned open-knowledge evidence.","福岛县","wikidata_P625","https://www.wikidata.org/w/index.php?title=Q696456&oldid=2530500805","","","exact municipality: Sōma-shi (Q696456); current administrative boundary, not the wider marketing region","","verified"
"jp-hitachinaka","JP-A-07","A","kanto","JP","ibaraki","茨城県","Ibaraki","city","常陆那珂市","ひたちなか市","Hitachinaka","ひたちなか市","Hitachinaka","36.3967","140.5347","wikidata","Q696772","25","illustrative_city","source:jp-hitachinaka:master","variant:jp-hitachinaka:md","variant:jp-hitachinaka:lg","entity_verified_rights_unresolved","illustrative","unresolved","","docs/assets/catalog/japan-destination-entity-evidence.v1.jsonl","exact municipality: Hitachinaka (Q696772); current administrative boundary, not the wider marketing region","Exact name/alias, current geographic type and prefecture chain checked against pinned open-knowledge evidence.","茨城县","wikidata_P625","https://www.wikidata.org/w/index.php?title=Q696772&oldid=2538317298","","","exact municipality: Hitachinaka (Q696772); current administrative boundary, not the wider marketing region","","verified"
"jp-oarai","JP-A-07","A","kanto","JP","ibaraki","茨城県","Ibaraki","town","大洗町","大洗町","Ōarai-machi","大洗町","Oarai; おおあらいまち; Oarai Town; Oarai-machi; Ōarai","36.3133","140.5749","wikidata","Q1349185","25","illustrative_city","source:jp-oarai:master","variant:jp-oarai:md","variant:jp-oarai:lg","entity_verified_rights_unresolved","illustrative","unresolved","","docs/assets/catalog/japan-destination-entity-evidence.v1.jsonl","exact municipality: Ōarai-machi (Q1349185); current administrative boundary, not the wider marketing region","Exact name/alias, current geographic type and prefecture chain checked against pinned open-knowledge evidence.","茨城县","wikidata_P625","https://www.wikidata.org/w/index.php?title=Q1349185&oldid=2533506822","","","exact municipality: Ōarai-machi (Q1349185); current administrative boundary, not the wider marketing region","","verified"
"jp-kasama","JP-A-07","A","kanto","JP","ibaraki","茨城県","Ibaraki","city","笠间市","笠間市","Kasama","笠間市","Kasama; 笠間町; 笠间市","36.3452","140.3043","wikidata","Q845851","25","illustrative_city","source:jp-kasama:master","variant:jp-kasama:md","variant:jp-kasama:lg","entity_verified_rights_unresolved","illustrative","unresolved","","docs/assets/catalog/japan-destination-entity-evidence.v1.jsonl","exact municipality: Kasama (Q845851); current administrative boundary, not the wider marketing region","Exact name/alias, current geographic type and prefecture chain checked against pinned open-knowledge evidence.","茨城县","wikidata_P625","https://www.wikidata.org/w/index.php?title=Q845851&oldid=2530506222","","","exact municipality: Kasama (Q845851); current administrative boundary, not the wider marketing region","","verified"
"jp-daigo","JP-A-07","A","kanto","JP","ibaraki","茨城県","Ibaraki","town","大子町","大子町","Daigo","大子町","Daigo; 大子村","36.764","140.364","wikidata","Q1346817","25","illustrative_city","source:jp-daigo:master","variant:jp-daigo:md","variant:jp-daigo:lg","entity_verified_rights_unresolved","illustrative","unresolved","","docs/assets/catalog/japan-destination-entity-evidence.v1.jsonl","exact municipality: Daigo (Q1346817); current administrative boundary, not the wider marketing region","Exact name/alias, current geographic type and prefecture chain checked against pinned open-knowledge evidence.","茨城县","wikidata_P625","https://www.wikidata.org/w/index.php?title=Q1346817&oldid=2530452837","","","exact municipality: Daigo (Q1346817); current administrative boundary, not the wider marketing region","","verified"
"jp-utsunomiya","JP-A-08","A","kanto","JP","tochigi","栃木県","Tochigi","city","宇都宫市","宇都宮市","Utsunomiya","宇都宮市","Utsunomiya; 宇都宮町; 雷都; 宇陽; 宇都宮","36.5551","139.8826","wikidata","Q200589","25","illustrative_city","source:jp-utsunomiya:master","variant:jp-utsunomiya:md","variant:jp-utsunomiya:lg","entity_verified_rights_unresolved","illustrative","unresolved","https://www.japan.travel/en/destinations/kanto/tochigi/utsunomiya-area","docs/assets/catalog/japan-destination-entity-evidence.v1.jsonl","exact municipality: Utsunomiya (Q200589); current administrative boundary, not the wider marketing region","Exact name/alias, current geographic type and prefecture chain checked against pinned open-knowledge evidence.","栃木县","wikidata_P625","https://www.wikidata.org/w/index.php?title=Q200589&oldid=2533878700","JNTO_directory","https://www.japan.travel/en/destinations/kanto/tochigi/utsunomiya-area","exact municipality: Utsunomiya (Q200589); current administrative boundary, not the wider marketing region","","verified"
"jp-nasu","JP-A-08","A","kanto","JP","tochigi","栃木県","Tochigi","town","那须町","那須町","Nasu","那須町","Nasu","37.0198","140.1210","wikidata","Q636416","25","illustrative_city","source:jp-nasu:master","variant:jp-nasu:md","variant:jp-nasu:lg","entity_verified_rights_unresolved","illustrative","unresolved","https://www.japan.travel/en/destinations/kanto/tochigi/nasu-area","docs/assets/catalog/japan-destination-entity-evidence.v1.jsonl","exact municipality: Nasu (Q636416); current administrative boundary, not the wider marketing region","Exact name/alias, current geographic type and prefecture chain checked against pinned open-knowledge evidence.","栃木县","wikidata_P625","https://www.wikidata.org/w/index.php?title=Q636416&oldid=2530499005","JNTO_directory","https://www.japan.travel/en/destinations/kanto/tochigi/nasu-area","exact municipality: Nasu (Q636416); current administrative boundary, not the wider marketing region","","verified"
"jp-kinugawa-onsen","JP-A-08","A","kanto","JP","tochigi","栃木県","Tochigi","hot_spring_area","鬼怒川温泉","鬼怒川温泉","Kinugawa Onsen","鬼怒川温泉","Kinugawa Onsen","36.825","139.716","wikidata","Q5363719","25","illustrative_city","source:jp-kinugawa-onsen:master","variant:jp-kinugawa-onsen:md","variant:jp-kinugawa-onsen:lg","entity_verified_rights_unresolved","illustrative","unresolved","","docs/assets/catalog/japan-destination-entity-evidence.v1.jsonl","named hot-spring district: Kinugawa Onsen (Q5363719); named spa cluster only, not its entire municipality","Exact name/alias, current geographic type and prefecture chain checked against pinned open-knowledge evidence.","栃木县","wikidata_P625","https://www.wikidata.org/w/index.php?title=Q5363719&oldid=2419948800","","","named hot-spring district: Kinugawa Onsen (Q5363719); named spa cluster only, not its entire municipality","jp-nikko","verified"
"jp-ashikaga","JP-A-08","A","kanto","JP","tochigi","栃木県","Tochigi","city","足利市","足利市","Ashikaga","足利市","Ashikaga; 足利町; Asikaga","36.3402","139.4497","wikidata","Q374477","25","illustrative_city","source:jp-ashikaga:master","variant:jp-ashikaga:md","variant:jp-ashikaga:lg","entity_verified_rights_unresolved","illustrative","unresolved","","docs/assets/catalog/japan-destination-entity-evidence.v1.jsonl","exact municipality: Ashikaga (Q374477); current administrative boundary, not the wider marketing region","Exact name/alias, current geographic type and prefecture chain checked against pinned open-knowledge evidence.","栃木县","wikidata_P625","https://www.wikidata.org/w/index.php?title=Q374477&oldid=2538201524","","","exact municipality: Ashikaga (Q374477); current administrative boundary, not the wider marketing region","","verified"
"jp-mashiko","JP-A-08","A","kanto","JP","tochigi","栃木県","Tochigi","town","益子町","益子町","Mashiko","益子町","Mashiko; 益子村","36.4673","140.0934","wikidata","Q1346925","25","illustrative_city","source:jp-mashiko:master","variant:jp-mashiko:md","variant:jp-mashiko:lg","entity_verified_rights_unresolved","illustrative","unresolved","https://www.japan.travel/en/destinations/kanto/tochigi/mashiko-area","docs/assets/catalog/japan-destination-entity-evidence.v1.jsonl","exact municipality: Mashiko (Q1346925); current administrative boundary, not the wider marketing region","Exact name/alias, current geographic type and prefecture chain checked against pinned open-knowledge evidence.","栃木县","wikidata_P625","https://www.wikidata.org/w/index.php?title=Q1346925&oldid=2541989826","JNTO_directory","https://www.japan.travel/en/destinations/kanto/tochigi/mashiko-area","exact municipality: Mashiko (Q1346925); current administrative boundary, not the wider marketing region","","verified"
"jp-ikaho-onsen","JP-A-08","A","kanto","JP","gunma","群馬県","Gunma","hot_spring_area","伊香保温泉(森秋旅馆)","伊香保温泉","Ikaho Onsen","伊香保温泉","Ikaho Onsen","36.4983","138.9304","wikidata","Q11381013","25","illustrative_city","source:jp-ikaho-onsen:master","variant:jp-ikaho-onsen:md","variant:jp-ikaho-onsen:lg","entity_resolution_required","illustrative","unresolved","","docs/assets/catalog/japan-destination-entity-evidence.v1.jsonl","named hot-spring district: Ikaho Onsen (Q11381013); named spa cluster only, not its entire municipality","Exact name/alias, current geographic type and prefecture chain checked against pinned open-knowledge evidence. Wikidata 中文标签把森秋旅馆混入伊香保温泉名称，必须用独立中文来源复核，不能直接接受。 manual_review_hold","群马县","wikidata_P625","https://www.wikidata.org/w/index.php?title=Q11381013&oldid=2541388712","","","named hot-spring district: Ikaho Onsen (Q11381013); named spa cluster only, not its entire municipality","","unresolved"
"jp-minakami","JP-A-08","A","kanto","JP","gunma","群馬県","Gunma","town","水上町","みなかみ町","Minakami","みなかみ町","Minakami","36.6786","138.9991","wikidata","Q1345518","25","illustrative_city","source:jp-minakami:master","variant:jp-minakami:md","variant:jp-minakami:lg","entity_verified_rights_unresolved","illustrative","unresolved","https://www.japan.travel/en/destinations/kanto/gunma/minakami-area","docs/assets/catalog/japan-destination-entity-evidence.v1.jsonl","exact municipality: Minakami (Q1345518); current administrative boundary, not the wider marketing region","Exact name/alias, current geographic type and prefecture chain checked against pinned open-knowledge evidence.","群马县","wikidata_P625","https://www.wikidata.org/w/index.php?title=Q1345518&oldid=2530452688","JNTO_directory","https://www.japan.travel/en/destinations/kanto/gunma/minakami-area","exact municipality: Minakami (Q1345518); current administrative boundary, not the wider marketing region","","verified"
"jp-tomioka","JP-A-09","A","kanto","JP","gunma","群馬県","Gunma","city","富冈市","富岡市","Tomioka","富岡市","Tomioka; 富岡町","36.2599","138.8899","wikidata","Q873835","25","illustrative_city","source:jp-tomioka:master","variant:jp-tomioka:md","variant:jp-tomioka:lg","entity_verified_rights_unresolved","illustrative","unresolved","","docs/assets/catalog/japan-destination-entity-evidence.v1.jsonl","exact municipality: Tomioka (Q873835); current administrative boundary, not the wider marketing region","Exact name/alias, current geographic type and prefecture chain checked against pinned open-knowledge evidence.","群马县","wikidata_P625","https://www.wikidata.org/w/index.php?title=Q873835&oldid=2530507754","","","exact municipality: Tomioka (Q873835); current administrative boundary, not the wider marketing region","","verified"
"jp-kiryu","JP-A-09","A","kanto","JP","gunma","群馬県","Gunma","city","桐生市","桐生市","Kiryū","桐生市","Kiryu; 桐生町; Kiryu City; Kiryu-shi; Kiryū-shi","36.4053","139.3305","wikidata","Q634022","25","illustrative_city","source:jp-kiryu:master","variant:jp-kiryu:md","variant:jp-kiryu:lg","entity_verified_rights_unresolved","illustrative","unresolved","","docs/assets/catalog/japan-destination-entity-evidence.v1.jsonl","exact municipality: Kiryū (Q634022); current administrative boundary, not the wider marketing region","Exact name/alias, current geographic type and prefecture chain checked against pinned open-knowledge evidence.","群马县","wikidata_P625","https://www.wikidata.org/w/index.php?title=Q634022&oldid=2539254390","","","exact municipality: Kiryū (Q634022); current administrative boundary, not the wider marketing region","","verified"
"jp-saitama","JP-A-09","A","kanto","JP","saitama","埼玉県","Saitama","city","埼玉市","さいたま市","Saitama","さいたま市","Saitama; 埼玉市; Saitama City","35.861","139.646","wikidata","Q134635","25","illustrative_city","source:jp-saitama:master","variant:jp-saitama:md","variant:jp-saitama:lg","entity_verified_rights_unresolved","illustrative","unresolved","https://www.japan.travel/en/destinations/kanto/saitama/","docs/assets/catalog/japan-destination-entity-evidence.v1.jsonl","exact municipality: Saitama (Q134635); current administrative boundary, not the wider marketing region","Exact name/alias, current geographic type and prefecture chain checked against pinned open-knowledge evidence.","埼玉县","wikidata_P625","https://www.wikidata.org/w/index.php?title=Q134635&oldid=2530452788","JNTO_directory","https://www.japan.travel/en/destinations/kanto/saitama/","exact municipality: Saitama (Q134635); current administrative boundary, not the wider marketing region","","verified"
"jp-chichibu","JP-A-09","A","kanto","JP","saitama","埼玉県","Saitama","city","秩父市","秩父市","Chichibu","秩父市","Chichibu; 大宮町; 秩父町; Titibu","35.960","138.933","wikidata","Q647079","25","illustrative_city","source:jp-chichibu:master","variant:jp-chichibu:md","variant:jp-chichibu:lg","entity_verified_rights_unresolved","illustrative","unresolved","https://www.japan.travel/en/destinations/kanto/saitama/chichibu-area","docs/assets/catalog/japan-destination-entity-evidence.v1.jsonl","exact municipality: Chichibu (Q647079); current administrative boundary, not the wider marketing region","Exact name/alias, current geographic type and prefecture chain checked against pinned open-knowledge evidence.","埼玉县","wikidata_P625","https://www.wikidata.org/w/index.php?title=Q647079&oldid=2530499317","JNTO_directory","https://www.japan.travel/en/destinations/kanto/saitama/chichibu-area","exact municipality: Chichibu (Q647079); current administrative boundary, not the wider marketing region","","verified"
"jp-nagatoro","JP-A-09","A","kanto","JP","saitama","埼玉県","Saitama","town","长瀞町","長瀞町","Nagatoro","長瀞町","Nagatoro; 野上村; 野上町; Nogami","36.1148","139.1097","wikidata","Q1345299","25","illustrative_city","source:jp-nagatoro:master","variant:jp-nagatoro:md","variant:jp-nagatoro:lg","entity_verified_rights_unresolved","illustrative","unresolved","","docs/assets/catalog/japan-destination-entity-evidence.v1.jsonl","exact municipality: Nagatoro (Q1345299); current administrative boundary, not the wider marketing region","Exact name/alias, current geographic type and prefecture chain checked against pinned open-knowledge evidence.","埼玉县","wikidata_P625","https://www.wikidata.org/w/index.php?title=Q1345299&oldid=2530452668","","","exact municipality: Nagatoro (Q1345299); current administrative boundary, not the wider marketing region","","verified"
"jp-gyoda","JP-A-09","A","kanto","JP","saitama","埼玉県","Saitama","city","行田市","行田市","Gyōda-shi","行田市","Gyoda; 忍市; 忍町; Oshi; Gyoda City; Gyoda-shi; Gyōda","36.1389","139.4556","wikidata","Q860659","25","illustrative_city","source:jp-gyoda:master","variant:jp-gyoda:md","variant:jp-gyoda:lg","entity_verified_rights_unresolved","illustrative","unresolved","","docs/assets/catalog/japan-destination-entity-evidence.v1.jsonl","exact municipality: Gyōda-shi (Q860659); current administrative boundary, not the wider marketing region","Exact name/alias, current geographic type and prefecture chain checked against pinned open-knowledge evidence.","埼玉县","wikidata_P625","https://www.wikidata.org/w/index.php?title=Q860659&oldid=2530507229","","","exact municipality: Gyōda-shi (Q860659); current administrative boundary, not the wider marketing region","","verified"
"jp-urayasu","JP-A-09","A","kanto","JP","chiba","千葉県","Chiba","city","浦安市","浦安市","Urayasu","浦安市","Urayasu; 浦安村; 浦安町","35.6531","139.9020","wikidata","Q319729","25","illustrative_city","source:jp-urayasu:master","variant:jp-urayasu:md","variant:jp-urayasu:lg","entity_verified_rights_unresolved","illustrative","unresolved","","docs/assets/catalog/japan-destination-entity-evidence.v1.jsonl","exact municipality: Urayasu (Q319729); current administrative boundary, not the wider marketing region","Exact name/alias, current geographic type and prefecture chain checked against pinned open-knowledge evidence.","千叶县","wikidata_P625","https://www.wikidata.org/w/index.php?title=Q319729&oldid=2539522208","","","exact municipality: Urayasu (Q319729); current administrative boundary, not the wider marketing region","","verified"
"jp-tateyama","JP-A-10","A","kanto","JP","chiba","千葉県","Chiba","city","馆山市","館山市","Tateyama","館山市","Tateyama","34.9966","139.8700","wikidata","Q646755","25","illustrative_city","source:jp-tateyama:master","variant:jp-tateyama:md","variant:jp-tateyama:lg","entity_verified_rights_unresolved","illustrative","unresolved","","docs/assets/catalog/japan-destination-entity-evidence.v1.jsonl","exact municipality: Tateyama (Q646755); current administrative boundary, not the wider marketing region","Exact name/alias, current geographic type and prefecture chain checked against pinned open-knowledge evidence.","千叶县","wikidata_P625","https://www.wikidata.org/w/index.php?title=Q646755&oldid=2530499289","","","exact municipality: Tateyama (Q646755); current administrative boundary, not the wider marketing region","","verified"
"jp-kamogawa","JP-A-10","A","kanto","JP","chiba","千葉県","Chiba","city","鸭川市","鴨川市","Kamogawa","鴨川市","Kamogawa","35.1141","140.0989","wikidata","Q387211","25","illustrative_city","source:jp-kamogawa:master","variant:jp-kamogawa:md","variant:jp-kamogawa:lg","entity_verified_rights_unresolved","illustrative","unresolved","","docs/assets/catalog/japan-destination-entity-evidence.v1.jsonl","exact municipality: Kamogawa (Q387211); current administrative boundary, not the wider marketing region","Exact name/alias, current geographic type and prefecture chain checked against pinned open-knowledge evidence.","千叶县","wikidata_P625","https://www.wikidata.org/w/index.php?title=Q387211&oldid=2530488244","","","exact municipality: Kamogawa (Q387211); current administrative boundary, not the wider marketing region","","verified"
"jp-choshi","JP-A-10","A","kanto","JP","chiba","千葉県","Chiba","city","铫子市","銚子市","Chōshi","銚子市","Choshi; 千葉県銚子市","35.7346","140.8268","wikidata","Q694317","25","illustrative_city","source:jp-choshi:master","variant:jp-choshi:md","variant:jp-choshi:lg","entity_verified_rights_unresolved","illustrative","unresolved","","docs/assets/catalog/japan-destination-entity-evidence.v1.jsonl","exact municipality: Chōshi (Q694317); current administrative boundary, not the wider marketing region","Exact name/alias, current geographic type and prefecture chain checked against pinned open-knowledge evidence.","千叶县","wikidata_P625","https://www.wikidata.org/w/index.php?title=Q694317&oldid=2541140159","","","exact municipality: Chōshi (Q694317); current administrative boundary, not the wider marketing region","","verified"
"jp-sakura","JP-A-10","A","kanto","JP","chiba","千葉県","Chiba","city","佐仓市","佐倉市","Sakura","佐倉市","Sakura","35.7235","140.2239","wikidata","Q498011","25","illustrative_city","source:jp-sakura:master","variant:jp-sakura:md","variant:jp-sakura:lg","entity_verified_rights_unresolved","illustrative","unresolved","","docs/assets/catalog/japan-destination-entity-evidence.v1.jsonl","exact municipality: Sakura (Q498011); current administrative boundary, not the wider marketing region","Exact name/alias, current geographic type and prefecture chain checked against pinned open-knowledge evidence.","千叶县","wikidata_P625","https://www.wikidata.org/w/index.php?title=Q498011&oldid=2539533358","","","exact municipality: Sakura (Q498011); current administrative boundary, not the wider marketing region","","verified"
"jp-sawara","JP-A-10","A","kanto","JP","chiba","千葉県","Chiba","historic_district","佐原老街","佐原の町並み","historic streets of Sawara","佐原の町並み","Sawara; 香取市佐原; 佐原之街並","35.8886","140.4988","wikidata","Q11383027","25","illustrative_city","source:jp-sawara:master","variant:jp-sawara:md","variant:jp-sawara:lg","entity_verified_rights_unresolved","illustrative","unresolved","","docs/assets/catalog/japan-destination-entity-evidence.v1.jsonl","historic district: historic streets of Sawara (Q11383027); named historic settlement/heritage footprint only, not its entire municipality","Exact name/alias, current geographic type and prefecture chain checked against pinned open-knowledge evidence.","千叶县","wikidata_P625","https://www.wikidata.org/w/index.php?title=Q11383027&oldid=2257032139","","","historic district: historic streets of Sawara (Q11383027); named historic settlement/heritage footprint only, not its entire municipality","","verified"
"jp-kujukuri","JP-A-10","A","kanto","JP","chiba","千葉県","Chiba","town","九十九里町","九十九里町","Kujūkuri-machi","九十九里町","Kujukuri; Kujukuri Town; Kujukuri-machi; Kujūkuri","35.5351","140.4403","wikidata","Q1202775","25","illustrative_city","source:jp-kujukuri:master","variant:jp-kujukuri:md","variant:jp-kujukuri:lg","entity_verified_rights_unresolved","illustrative","unresolved","","docs/assets/catalog/japan-destination-entity-evidence.v1.jsonl","exact municipality: Kujūkuri-machi (Q1202775); current administrative boundary, not the wider marketing region","Exact name/alias, current geographic type and prefecture chain checked against pinned open-knowledge evidence.","千叶县","wikidata_P625","https://www.wikidata.org/w/index.php?title=Q1202775&oldid=2530449609","","","exact municipality: Kujūkuri-machi (Q1202775); current administrative boundary, not the wider marketing region","","verified"
"jp-hachioji","JP-A-10","A","kanto","JP","tokyo","東京都","Tokyo","city","八王子市","八王子市","Hachiōji-shi","八王子市","Hachioji; 八王子町; 八王子; Hachioji City; Hachioji-shi; Hachiōji","35.6664","139.3160","wikidata","Q208863","25","illustrative_city","source:jp-hachioji:master","variant:jp-hachioji:md","variant:jp-hachioji:lg","entity_verified_rights_unresolved","illustrative","unresolved","","docs/assets/catalog/japan-destination-entity-evidence.v1.jsonl","exact municipality: Hachiōji-shi (Q208863); current administrative boundary, not the wider marketing region","Exact name/alias, current geographic type and prefecture chain checked against pinned open-knowledge evidence.","东京都","wikidata_P625","https://www.wikidata.org/w/index.php?title=Q208863&oldid=2533877896","","","exact municipality: Hachiōji-shi (Q208863); current administrative boundary, not the wider marketing region","jp-tokyo","verified"
"jp-okutama","JP-A-11","A","kanto","JP","tokyo","東京都","Tokyo","town","奥多摩町","奥多摩町","Okutama","奥多摩町","Okutama","35.8096","139.0962","wikidata","Q598626","25","illustrative_city","source:jp-okutama:master","variant:jp-okutama:md","variant:jp-okutama:lg","entity_verified_rights_unresolved","illustrative","unresolved","","docs/assets/catalog/japan-destination-entity-evidence.v1.jsonl","exact municipality: Okutama (Q598626); current administrative boundary, not the wider marketing region","Exact name/alias, current geographic type and prefecture chain checked against pinned open-knowledge evidence.","东京都","wikidata_P625","https://www.wikidata.org/w/index.php?title=Q598626&oldid=2530497882","","","exact municipality: Okutama (Q598626); current administrative boundary, not the wider marketing region","jp-tokyo","verified"
"jp-ome","JP-A-11","A","kanto","JP","tokyo","東京都","Tokyo","city","青梅市","青梅市","Ōme-shi","青梅市","Ome; おうめし; Ome City; Ome-shi; Ōme City; Ōme-shi; Ōme","35.7880","139.2758","wikidata","Q237683","25","illustrative_city","source:jp-ome:master","variant:jp-ome:md","variant:jp-ome:lg","entity_verified_rights_unresolved","illustrative","unresolved","","docs/assets/catalog/japan-destination-entity-evidence.v1.jsonl","exact municipality: Ōme-shi (Q237683); current administrative boundary, not the wider marketing region","Exact name/alias, current geographic type and prefecture chain checked against pinned open-knowledge evidence.","东京都","wikidata_P625","https://www.wikidata.org/w/index.php?title=Q237683&oldid=2539521930","","","exact municipality: Ōme-shi (Q237683); current administrative boundary, not the wider marketing region","jp-tokyo","verified"
"jp-ogasawara","JP-A-11","A","kanto","JP","tokyo","東京都","Tokyo","region","小笠原群岛","小笠原諸島","Ogasawara Archipelago","小笠原諸島","Ogasawara; Ogasawara-shotō; Ogasawara Islands; Bonin Archipelago; Bonin Islands; Ogasawara-Shotō; Ogasawara Shoto; Ogasawara Shotō","27","142","wikidata","Q13383295","25","illustrative_city","source:jp-ogasawara:master","variant:jp-ogasawara:md","variant:jp-ogasawara:lg","entity_verified_rights_unresolved","illustrative","unresolved","","docs/assets/catalog/japan-destination-entity-evidence.v1.jsonl","named geographic region: Ogasawara Archipelago (Q13383295); entity footprint only; lake means lake, peninsula means peninsula, archipelago means listed islands","小笠原諸島の地理範囲。小笠原村・支庁という行政種別ではない。","东京都","wikidata_P625","https://www.wikidata.org/w/index.php?title=Q13383295&oldid=2520969420","","","named geographic region: Ogasawara Archipelago (Q13383295); entity footprint only; lake means lake, peninsula means peninsula, archipelago means listed islands","jp-tokyo","verified"
"jp-enoshima","JP-A-11","A","kanto","JP","kanagawa","神奈川県","Kanagawa","island","江之岛","江の島","Enoshima","江の島","Enoshima; 江ノ島","35.2993","139.4809","wikidata","Q989803","25","illustrative_city","source:jp-enoshima:master","variant:jp-enoshima:md","variant:jp-enoshima:lg","entity_verified_rights_unresolved","illustrative","unresolved","","docs/assets/catalog/japan-destination-entity-evidence.v1.jsonl","island-wide: Enoshima (Q989803); this island only, excluding other islands of its municipality","Exact name/alias, current geographic type and prefecture chain checked against pinned open-knowledge evidence.","神奈川县","wikidata_P625","https://www.wikidata.org/w/index.php?title=Q989803&oldid=2514414017","","","island-wide: Enoshima (Q989803); this island only, excluding other islands of its municipality","","verified"
"jp-odawara","JP-A-11","A","kanto","JP","kanagawa","神奈川県","Kanagawa","city","小田原市","小田原市","Odawara","小田原市","Odawara","35.2646","139.1522","wikidata","Q267258","25","illustrative_city","source:jp-odawara:master","variant:jp-odawara:md","variant:jp-odawara:lg","entity_verified_rights_unresolved","illustrative","unresolved","","docs/assets/catalog/japan-destination-entity-evidence.v1.jsonl","exact municipality: Odawara (Q267258); current administrative boundary, not the wider marketing region","Exact name/alias, current geographic type and prefecture chain checked against pinned open-knowledge evidence.","神奈川县","wikidata_P625","https://www.wikidata.org/w/index.php?title=Q267258&oldid=2530474129","","","exact municipality: Odawara (Q267258); current administrative boundary, not the wider marketing region","","verified"
"jp-niigata","JP-A-11","A","chubu","JP","niigata","新潟県","Niigata","city","新潟市","新潟市","Niigata","新潟市","Niigata; 新潟区; 新瀉市; 新泻市","37.9162","139.0364","wikidata","Q179691","25","illustrative_city","source:jp-niigata:master","variant:jp-niigata:md","variant:jp-niigata:lg","entity_verified_rights_unresolved","illustrative","unresolved","https://www.japan.travel/en/destinations/hokuriku-shinetsu/niigata/","docs/assets/catalog/japan-destination-entity-evidence.v1.jsonl","exact municipality: Niigata (Q179691); current administrative boundary, not the wider marketing region","Exact name/alias, current geographic type and prefecture chain checked against pinned open-knowledge evidence.","新潟县","wikidata_P625","https://www.wikidata.org/w/index.php?title=Q179691&oldid=2530461060","JNTO_directory","https://www.japan.travel/en/destinations/hokuriku-shinetsu/niigata/","exact municipality: Niigata (Q179691); current administrative boundary, not the wider marketing region","","verified"
"jp-sado","JP-A-11","A","chubu","JP","niigata","新潟県","Niigata","island","佐渡岛","佐渡島","Sado Island","佐渡島","Sado; 佐渡ヶ島; Sadogashima; Sadoshima","38.068","138.398","wikidata","Q998623","25","illustrative_city","source:jp-sado:master","variant:jp-sado:md","variant:jp-sado:lg","entity_verified_rights_unresolved","illustrative","unresolved","https://www.japan.travel/en/destinations/hokuriku-shinetsu/niigata/sado-island/","docs/assets/catalog/japan-destination-entity-evidence.v1.jsonl","island-wide: Sado Island (Q998623); this island only, excluding other islands of its municipality","佐渡島全域。市の名称ではなく島を解析対象とする。","新潟县","wikidata_P625","https://www.wikidata.org/w/index.php?title=Q998623&oldid=2518032630","JNTO_directory","https://www.japan.travel/en/destinations/hokuriku-shinetsu/niigata/sado-island/","island-wide: Sado Island (Q998623); this island only, excluding other islands of its municipality","","verified"
"jp-echigo-yuzawa","JP-A-12","A","chubu","JP","niigata","新潟県","Niigata","hot_spring_area","越后湯泽温泉","越後湯沢温泉","Echigo Yuzawa Onsen","越後湯沢温泉","Echigo-Yuzawa; 湯沢温泉; Yuzawa Onsen","36.9377","138.8084","wikidata","Q11636518","25","illustrative_city","source:jp-echigo-yuzawa:master","variant:jp-echigo-yuzawa:md","variant:jp-echigo-yuzawa:lg","entity_verified_rights_unresolved","illustrative","unresolved","https://www.japan.travel/en/destinations/hokuriku-shinetsu/niigata/echigo-yuzawa","docs/assets/catalog/japan-destination-entity-evidence.v1.jsonl","named hot-spring district: Echigo Yuzawa Onsen (Q11636518); named spa cluster only, not its entire municipality","越後湯沢温泉地区。湯沢町全域ではない。","新潟县","wikidata_P625","https://www.wikidata.org/w/index.php?title=Q11636518&oldid=2540324415","JNTO_directory","https://www.japan.travel/en/destinations/hokuriku-shinetsu/niigata/echigo-yuzawa","named hot-spring district: Echigo Yuzawa Onsen (Q11636518); named spa cluster only, not its entire municipality","","verified"
"jp-myoko","JP-A-12","A","chubu","JP","niigata","新潟県","Niigata","city","妙高市","妙高市","Myōkō","妙高市","Myoko; 新井市; Arai; Myoko City; Myoko-shi; Arai City; Arai-shi; Myōkō-shi","37.0252","138.2535","wikidata","Q279642","25","illustrative_city","source:jp-myoko:master","variant:jp-myoko:md","variant:jp-myoko:lg","entity_verified_rights_unresolved","illustrative","unresolved","https://www.japan.travel/en/destinations/hokuriku-shinetsu/niigata/myoko","docs/assets/catalog/japan-destination-entity-evidence.v1.jsonl","exact municipality: Myōkō (Q279642); current administrative boundary, not the wider marketing region","Exact name/alias, current geographic type and prefecture chain checked against pinned open-knowledge evidence.","新潟县","wikidata_P625","https://www.wikidata.org/w/index.php?title=Q279642&oldid=2530475260","JNTO_directory","https://www.japan.travel/en/destinations/hokuriku-shinetsu/niigata/myoko","exact municipality: Myōkō (Q279642); current administrative boundary, not the wider marketing region","","verified"
"jp-nagaoka","JP-A-12","A","chubu","JP","niigata","新潟県","Niigata","city","长冈市","長岡市","Nagaoka","長岡市","Nagaoka; 長岡町; 長岡; Nagaoka-shi","37.4462","138.8512","wikidata","Q540312","25","illustrative_city","source:jp-nagaoka:master","variant:jp-nagaoka:md","variant:jp-nagaoka:lg","entity_verified_rights_unresolved","illustrative","unresolved","","docs/assets/catalog/japan-destination-entity-evidence.v1.jsonl","exact municipality: Nagaoka (Q540312); current administrative boundary, not the wider marketing region","Exact name/alias, current geographic type and prefecture chain checked against pinned open-knowledge evidence.","新潟县","wikidata_P625","https://www.wikidata.org/w/index.php?title=Q540312&oldid=2535930267","","","exact municipality: Nagaoka (Q540312); current administrative boundary, not the wider marketing region","","verified"
"jp-takaoka","JP-A-12","A","chubu","JP","toyama","富山県","Toyama","city","高冈市","高岡市","Takaoka","高岡市","Takaoka","36.7541","137.0257","wikidata","Q502988","25","illustrative_city","source:jp-takaoka:master","variant:jp-takaoka:md","variant:jp-takaoka:lg","entity_verified_rights_unresolved","illustrative","unresolved","https://www.japan.travel/en/destinations/hokuriku-shinetsu/toyama/takaoka-and-around","docs/assets/catalog/japan-destination-entity-evidence.v1.jsonl","exact municipality: Takaoka (Q502988); current administrative boundary, not the wider marketing region","Exact name/alias, current geographic type and prefecture chain checked against pinned open-knowledge evidence.","富山县","wikidata_P625","https://www.wikidata.org/w/index.php?title=Q502988&oldid=2539190894","JNTO_directory","https://www.japan.travel/en/destinations/hokuriku-shinetsu/toyama/takaoka-and-around","exact municipality: Takaoka (Q502988); current administrative boundary, not the wider marketing region","","verified"
"jp-gokayama","JP-A-12","A","chubu","JP","toyama","富山県","Toyama","other_review_required","五箇山","五箇山","Gokayama","五箇山","Gokayama; 五箇山村; 相倉・菅沼合掌集落","36.4256","136.9357","wikidata","Q1203890","25","illustrative_city","source:jp-gokayama:master","variant:jp-gokayama:md","variant:jp-gokayama:lg","entity_resolution_required","illustrative","unresolved","https://www.japan.travel/en/destinations/hokuriku-shinetsu/toyama/gokayama","docs/assets/catalog/japan-destination-entity-evidence.v1.jsonl","","五箇山の歴史集落地域。南砺市全域ではない。 type_or_historical_entity coverage_scope_not_verified","富山县","wikidata_P625","https://www.wikidata.org/w/index.php?title=Q1203890&oldid=2428811466","JNTO_directory","https://www.japan.travel/en/destinations/hokuriku-shinetsu/toyama/gokayama","","","unresolved"
"jp-kurobe","JP-A-12","A","chubu","JP","toyama","富山県","Toyama","city","黑部市","黒部市","Kurobe","黒部市","Kurobe","36.8714","137.4478","wikidata","Q753864","25","illustrative_city","source:jp-kurobe:master","variant:jp-kurobe:md","variant:jp-kurobe:lg","entity_verified_rights_unresolved","illustrative","unresolved","","docs/assets/catalog/japan-destination-entity-evidence.v1.jsonl","exact municipality: Kurobe (Q753864); current administrative boundary, not the wider marketing region","Exact name/alias, current geographic type and prefecture chain checked against pinned open-knowledge evidence.","富山县","wikidata_P625","https://www.wikidata.org/w/index.php?title=Q753864&oldid=2530502496","","","exact municipality: Kurobe (Q753864); current administrative boundary, not the wider marketing region","","verified"
"jp-himi","JP-A-12","A","chubu","JP","toyama","富山県","Toyama","city","冰见市","氷見市","Himi","氷見市","Himi; 氷見町","36.8559","136.9730","wikidata","Q646886","25","illustrative_city","source:jp-himi:master","variant:jp-himi:md","variant:jp-himi:lg","entity_verified_rights_unresolved","illustrative","unresolved","","docs/assets/catalog/japan-destination-entity-evidence.v1.jsonl","exact municipality: Himi (Q646886); current administrative boundary, not the wider marketing region","Exact name/alias, current geographic type and prefecture chain checked against pinned open-knowledge evidence.","富山县","wikidata_P625","https://www.wikidata.org/w/index.php?title=Q646886&oldid=2530499306","","","exact municipality: Himi (Q646886); current administrative boundary, not the wider marketing region","","verified"
"jp-kaga-onsen","JP-A-13","A","chubu","JP","ishikawa","石川県","Ishikawa","hot_spring_area","加賀温泉乡","加賀温泉郷","Kaga Onsen-kyō","加賀温泉郷","Kaga Onsen; 加賀温泉; 加賀温泉街; Kaga Onsenkyō","","","wikidata","Q11399702","25","illustrative_city","source:jp-kaga-onsen:master","variant:jp-kaga-onsen:md","variant:jp-kaga-onsen:lg","entity_resolution_required","illustrative","unresolved","","docs/assets/catalog/japan-destination-entity-evidence.v1.jsonl","named hot-spring district: Kaga Onsen-kyō (Q11399702); named spa cluster only, not its entire municipality","加賀温泉郷の複数温泉地区。単一施設座標を代用しない。 missing_Japan_coordinate","石川县","","","","","named hot-spring district: Kaga Onsen-kyō (Q11399702); named spa cluster only, not its entire municipality","","unresolved"
"jp-noto","JP-A-13","A","chubu","JP","ishikawa","石川県","Ishikawa","region","能登半岛","能登半島","Noto Peninsula","能登半島","Noto","37.2","136.9","wikidata","Q691151","25","illustrative_city","source:jp-noto:master","variant:jp-noto:md","variant:jp-noto:lg","entity_verified_rights_unresolved","illustrative","unresolved","https://www.japan.travel/en/destinations/hokuriku-shinetsu/ishikawa/noto","docs/assets/catalog/japan-destination-entity-evidence.v1.jsonl","named geographic region: Noto Peninsula (Q691151); entity footprint only; lake means lake, peninsula means peninsula, archipelago means listed islands","能登半島の観光地域。能登町単独ではない。","石川县","wikidata_P625","https://www.wikidata.org/w/index.php?title=Q691151&oldid=2531615423","JNTO_directory","https://www.japan.travel/en/destinations/hokuriku-shinetsu/ishikawa/noto","named geographic region: Noto Peninsula (Q691151); entity footprint only; lake means lake, peninsula means peninsula, archipelago means listed islands","","verified"
"jp-wajima","JP-A-13","A","chubu","JP","ishikawa","石川県","Ishikawa","city","轮岛市","輪島市","Wajima","輪島市","Wajima; Wajima-shi","","","wikidata","Q823896","25","illustrative_city","source:jp-wajima:master","variant:jp-wajima:md","variant:jp-wajima:lg","entity_resolution_required","illustrative","unresolved","","docs/assets/catalog/japan-destination-entity-evidence.v1.jsonl","exact municipality: Wajima (Q823896); current administrative boundary, not the wider marketing region","Exact name/alias, current geographic type and prefecture chain checked against pinned open-knowledge evidence. conflicting_representative_coordinates","石川县","","","","","exact municipality: Wajima (Q823896); current administrative boundary, not the wider marketing region","","unresolved"
"jp-nanao","JP-A-13","A","chubu","JP","ishikawa","石川県","Ishikawa","city","七尾市","七尾市","Nanao","七尾市","Nanao","37.0431","136.9674","wikidata","Q695892","25","illustrative_city","source:jp-nanao:master","variant:jp-nanao:md","variant:jp-nanao:lg","entity_verified_rights_unresolved","illustrative","unresolved","","docs/assets/catalog/japan-destination-entity-evidence.v1.jsonl","exact municipality: Nanao (Q695892); current administrative boundary, not the wider marketing region","Exact name/alias, current geographic type and prefecture chain checked against pinned open-knowledge evidence.","石川县","wikidata_P625","https://www.wikidata.org/w/index.php?title=Q695892&oldid=2530500736","","","exact municipality: Nanao (Q695892); current administrative boundary, not the wider marketing region","","verified"
"jp-eiheiji","JP-A-13","A","chubu","JP","fukui","福井県","Fukui","town","永平寺町","永平寺町","Eiheiji","永平寺町","Eiheiji; 志比村; Shihi","36.0922","136.2987","wikidata","Q1303631","25","illustrative_city","source:jp-eiheiji:master","variant:jp-eiheiji:md","variant:jp-eiheiji:lg","entity_verified_rights_unresolved","illustrative","unresolved","","docs/assets/catalog/japan-destination-entity-evidence.v1.jsonl","exact municipality: Eiheiji (Q1303631); current administrative boundary, not the wider marketing region","Exact name/alias, current geographic type and prefecture chain checked against pinned open-knowledge evidence.","福井县","wikidata_P625","https://www.wikidata.org/w/index.php?title=Q1303631&oldid=2530451598","","","exact municipality: Eiheiji (Q1303631); current administrative boundary, not the wider marketing region","","verified"
"jp-katsuyama","JP-A-13","A","chubu","JP","fukui","福井県","Fukui","city","胜山市","勝山市","Katsuyama","勝山市","Katsuyama; Katuyama","36.0609","136.5006","wikidata","Q847543","25","illustrative_city","source:jp-katsuyama:master","variant:jp-katsuyama:md","variant:jp-katsuyama:lg","entity_verified_rights_unresolved","illustrative","unresolved","","docs/assets/catalog/japan-destination-entity-evidence.v1.jsonl","exact municipality: Katsuyama (Q847543); current administrative boundary, not the wider marketing region","Exact name/alias, current geographic type and prefecture chain checked against pinned open-knowledge evidence.","福井县","wikidata_P625","https://www.wikidata.org/w/index.php?title=Q847543&oldid=2530506290","","","exact municipality: Katsuyama (Q847543); current administrative boundary, not the wider marketing region","","verified"
"jp-awara-onsen","JP-A-13","A","chubu","JP","fukui","福井県","Fukui","hot_spring_area","蘆原温泉","芦原温泉","Awara Onsen","芦原温泉","Awara Onsen; あわら温泉; Awara Hot Spring","36.2250","136.1944","wikidata","Q11614796","25","illustrative_city","source:jp-awara-onsen:master","variant:jp-awara-onsen:md","variant:jp-awara-onsen:lg","entity_verified_rights_unresolved","illustrative","unresolved","","docs/assets/catalog/japan-destination-entity-evidence.v1.jsonl","named hot-spring district: Awara Onsen (Q11614796); named spa cluster only, not its entire municipality","Exact name/alias, current geographic type and prefecture chain checked against pinned open-knowledge evidence.","福井县","wikidata_P625","https://www.wikidata.org/w/index.php?title=Q11614796&oldid=2345637130","","","named hot-spring district: Awara Onsen (Q11614796); named spa cluster only, not its entire municipality","","verified"
"jp-tsuruga","JP-A-14","A","chubu","JP","fukui","福井県","Fukui","city","敦贺市","敦賀市","Tsuruga","敦賀市","Tsuruga; Turuga","35.6452","136.0555","wikidata","Q847581","25","illustrative_city","source:jp-tsuruga:master","variant:jp-tsuruga:md","variant:jp-tsuruga:lg","entity_verified_rights_unresolved","illustrative","unresolved","https://www.japan.travel/en/destinations/hokuriku-shinetsu/fukui/tsuruga-area","docs/assets/catalog/japan-destination-entity-evidence.v1.jsonl","exact municipality: Tsuruga (Q847581); current administrative boundary, not the wider marketing region","Exact name/alias, current geographic type and prefecture chain checked against pinned open-knowledge evidence.","福井县","wikidata_P625","https://www.wikidata.org/w/index.php?title=Q847581&oldid=2530506329","JNTO_directory","https://www.japan.travel/en/destinations/hokuriku-shinetsu/fukui/tsuruga-area","exact municipality: Tsuruga (Q847581); current administrative boundary, not the wider marketing region","","verified"
"jp-kofu","JP-A-14","A","chubu","JP","yamanashi","山梨県","Yamanashi","city","甲府市","甲府市","Kofu","甲府市","Kofu; 甲斐府中; 甲府; Kofu City; Kofu-shi; Kōfu-shi; Kōfu","35.6621","138.5682","wikidata","Q201932","25","illustrative_city","source:jp-kofu:master","variant:jp-kofu:md","variant:jp-kofu:lg","entity_verified_rights_unresolved","illustrative","unresolved","https://www.japan.travel/en/destinations/tokai/yamanashi/kofu-and-around","docs/assets/catalog/japan-destination-entity-evidence.v1.jsonl","exact municipality: Kofu (Q201932); current administrative boundary, not the wider marketing region","Exact name/alias, current geographic type and prefecture chain checked against pinned open-knowledge evidence.","山梨县","wikidata_P625","https://www.wikidata.org/w/index.php?title=Q201932&oldid=2536839151","JNTO_directory","https://www.japan.travel/en/destinations/tokai/yamanashi/kofu-and-around","exact municipality: Kofu (Q201932); current administrative boundary, not the wider marketing region","","verified"
"jp-yamanakako","JP-A-14","A","chubu","JP","yamanashi","山梨県","Yamanashi","village","山中湖村","山中湖村","Yamanakako","山中湖村","Yamanakako; 中野村; Nakano","35.4105","138.8609","wikidata","Q1204394","25","illustrative_city","source:jp-yamanakako:master","variant:jp-yamanakako:md","variant:jp-yamanakako:lg","entity_verified_rights_unresolved","illustrative","unresolved","","docs/assets/catalog/japan-destination-entity-evidence.v1.jsonl","exact municipality: Yamanakako (Q1204394); current administrative boundary, not the wider marketing region","Exact name/alias, current geographic type and prefecture chain checked against pinned open-knowledge evidence.","山梨县","wikidata_P625","https://www.wikidata.org/w/index.php?title=Q1204394&oldid=2530133246","","","exact municipality: Yamanakako (Q1204394); current administrative boundary, not the wider marketing region","","verified"
"jp-oshino","JP-A-14","A","chubu","JP","yamanashi","山梨県","Yamanashi","village","忍野村","忍野村","Oshino","忍野村","Oshino","35.4600","138.8479","wikidata","Q1348944","25","illustrative_city","source:jp-oshino:master","variant:jp-oshino:md","variant:jp-oshino:lg","entity_verified_rights_unresolved","illustrative","unresolved","","docs/assets/catalog/japan-destination-entity-evidence.v1.jsonl","exact municipality: Oshino (Q1348944); current administrative boundary, not the wider marketing region","Exact name/alias, current geographic type and prefecture chain checked against pinned open-knowledge evidence.","山梨县","wikidata_P625","https://www.wikidata.org/w/index.php?title=Q1348944&oldid=2530136564","","","exact municipality: Oshino (Q1348944); current administrative boundary, not the wider marketing region","","verified"
"jp-kiyosato","JP-A-14","A","chubu","JP","yamanashi","山梨県","Yamanashi","region","","清里高原","Kiyosato Plateau","清里高原","Kiyosato; Kiyosato-kōgen; Kiyosato-kougen; Kiyosato highlands","35.9","138.4","wikidata","Q11561414","25","illustrative_city","source:jp-kiyosato:master","variant:jp-kiyosato:md","variant:jp-kiyosato:lg","entity_resolution_required","illustrative","unresolved","https://www.japan.travel/en/destinations/tokai/yamanashi/kiyosato-and-around","docs/assets/catalog/japan-destination-entity-evidence.v1.jsonl","named geographic region: Kiyosato Plateau (Q11561414); entity footprint only; lake means lake, peninsula means peninsula, archipelago means listed islands","清里高原の範囲。廃止村や北海道の清里町ではない。 missing_trilingual_names","山梨县","wikidata_P625","https://www.wikidata.org/w/index.php?title=Q11561414&oldid=2483653256","JNTO_directory","https://www.japan.travel/en/destinations/tokai/yamanashi/kiyosato-and-around","named geographic region: Kiyosato Plateau (Q11561414); entity footprint only; lake means lake, peninsula means peninsula, archipelago means listed islands","","unresolved"
"jp-suwa","JP-A-14","A","chubu","JP","nagano","長野県","Nagano","city","诹访市","諏訪市","Suwa","諏訪市","Suwa","36.0391","138.1140","wikidata","Q846338","25","illustrative_city","source:jp-suwa:master","variant:jp-suwa:md","variant:jp-suwa:lg","entity_verified_rights_unresolved","illustrative","unresolved","https://www.japan.travel/en/destinations/hokuriku-shinetsu/nagano/suwa","docs/assets/catalog/japan-destination-entity-evidence.v1.jsonl","exact municipality: Suwa (Q846338); current administrative boundary, not the wider marketing region","Exact name/alias, current geographic type and prefecture chain checked against pinned open-knowledge evidence.","长野县","wikidata_P625","https://www.wikidata.org/w/index.php?title=Q846338&oldid=2530506240","JNTO_directory","https://www.japan.travel/en/destinations/hokuriku-shinetsu/nagano/suwa","exact municipality: Suwa (Q846338); current administrative boundary, not the wider marketing region","","verified"
"jp-ueda","JP-A-14","A","chubu","JP","nagano","長野県","Nagano","city","上田市","上田市","Ueda","上田市","Ueda; 上田町","36.4019","138.2491","wikidata","Q844852","25","illustrative_city","source:jp-ueda:master","variant:jp-ueda:md","variant:jp-ueda:lg","entity_verified_rights_unresolved","illustrative","unresolved","","docs/assets/catalog/japan-destination-entity-evidence.v1.jsonl","exact municipality: Ueda (Q844852); current administrative boundary, not the wider marketing region","Exact name/alias, current geographic type and prefecture chain checked against pinned open-knowledge evidence.","长野县","wikidata_P625","https://www.wikidata.org/w/index.php?title=Q844852&oldid=2539522229","","","exact municipality: Ueda (Q844852); current administrative boundary, not the wider marketing region","","verified"
"jp-azumino","JP-A-15","A","chubu","JP","nagano","長野県","Nagano","city","安昙野市","安曇野市","Azumino","安曇野市","Azumino","36.304","137.906","wikidata","Q534667","25","illustrative_city","source:jp-azumino:master","variant:jp-azumino:md","variant:jp-azumino:lg","entity_verified_rights_unresolved","illustrative","unresolved","","docs/assets/catalog/japan-destination-entity-evidence.v1.jsonl","exact municipality: Azumino (Q534667); current administrative boundary, not the wider marketing region","Exact name/alias, current geographic type and prefecture chain checked against pinned open-knowledge evidence.","长野县","wikidata_P625","https://www.wikidata.org/w/index.php?title=Q534667&oldid=2530495596","","","exact municipality: Azumino (Q534667); current administrative boundary, not the wider marketing region","","verified"
"jp-ina","JP-A-15","A","chubu","JP","nagano","長野県","Nagano","city","伊那市","伊那市","Ina","伊那市","Ina","35.8275","137.9540","wikidata","Q840888","25","illustrative_city","source:jp-ina:master","variant:jp-ina:md","variant:jp-ina:lg","entity_verified_rights_unresolved","illustrative","unresolved","","docs/assets/catalog/japan-destination-entity-evidence.v1.jsonl","exact municipality: Ina (Q840888); current administrative boundary, not the wider marketing region","Exact name/alias, current geographic type and prefecture chain checked against pinned open-knowledge evidence.","长野县","wikidata_P625","https://www.wikidata.org/w/index.php?title=Q840888&oldid=2530505839","","","exact municipality: Ina (Q840888); current administrative boundary, not the wider marketing region","","verified"
"jp-iiyama","JP-A-15","A","chubu","JP","nagano","長野県","Nagano","city","饭山市","飯山市","Iiyama","飯山市","Iiyama","36.8516","138.3655","wikidata","Q851097","25","illustrative_city","source:jp-iiyama:master","variant:jp-iiyama:md","variant:jp-iiyama:lg","entity_verified_rights_unresolved","illustrative","unresolved","","docs/assets/catalog/japan-destination-entity-evidence.v1.jsonl","exact municipality: Iiyama (Q851097); current administrative boundary, not the wider marketing region","Exact name/alias, current geographic type and prefecture chain checked against pinned open-knowledge evidence.","长野县","wikidata_P625","https://www.wikidata.org/w/index.php?title=Q851097&oldid=2530506635","","","exact municipality: Iiyama (Q851097); current administrative boundary, not the wider marketing region","","verified"
"jp-gifu","JP-A-15","A","chubu","JP","gifu","岐阜県","Gifu","city","岐阜市","岐阜市","Gifu","岐阜市","Gifu","35.4263","136.7594","wikidata","Q45798","25","illustrative_city","source:jp-gifu:master","variant:jp-gifu:md","variant:jp-gifu:lg","entity_verified_rights_unresolved","illustrative","unresolved","https://www.japan.travel/en/destinations/tokai/gifu/","docs/assets/catalog/japan-destination-entity-evidence.v1.jsonl","exact municipality: Gifu (Q45798); current administrative boundary, not the wider marketing region","Exact name/alias, current geographic type and prefecture chain checked against pinned open-knowledge evidence.","岐阜县","wikidata_P625","https://www.wikidata.org/w/index.php?title=Q45798&oldid=2530490696","JNTO_directory","https://www.japan.travel/en/destinations/tokai/gifu/","exact municipality: Gifu (Q45798); current administrative boundary, not the wider marketing region","","verified"
"jp-gujo-hachiman","JP-A-15","A","chubu","JP","","","","other_review_required","","","","","Gujo Hachiman","","","","","25","illustrative_city","source:jp-gujo-hachiman:master","variant:jp-gujo-hachiman:md","variant:jp-gujo-hachiman:lg","entity_resolution_required","illustrative","unresolved","","docs/assets/catalog/japan-destination-entity-evidence.v1.jsonl","","Exact name/alias, current geographic type and prefecture chain checked against pinned open-knowledge evidence. 现有候选是城、博物馆、车站或旧町，不能用单一设施坐标替代历史街区。 ambiguous_or_no_reliable_candidate manual_review_hold missing_trilingual_names coverage_scope_not_verified","","","","","","","","unresolved"
"jp-nakatsugawa","JP-A-15","A","chubu","JP","gifu","岐阜県","Gifu","city","中津川市","中津川市","Nakatsugawa","中津川市","Nakatsugawa; 中津川町; Nakatugawa","","","wikidata","Q844052","25","illustrative_city","source:jp-nakatsugawa:master","variant:jp-nakatsugawa:md","variant:jp-nakatsugawa:lg","entity_resolution_required","illustrative","unresolved","https://www.japan.travel/en/destinations/tokai/gifu/nakatsugawa","docs/assets/catalog/japan-destination-entity-evidence.v1.jsonl","exact municipality: Nakatsugawa (Q844052); current administrative boundary, not the wider marketing region","Exact name/alias, current geographic type and prefecture chain checked against pinned open-knowledge evidence. conflicting_representative_coordinates","岐阜县","","","JNTO_directory","https://www.japan.travel/en/destinations/tokai/gifu/nakatsugawa","exact municipality: Nakatsugawa (Q844052); current administrative boundary, not the wider marketing region","","unresolved"
"jp-magome","JP-A-15","A","chubu","JP","gifu","岐阜県","Gifu","historic_district","马笼宿","馬籠宿","Magome-juku","馬籠宿","Magome; 馬籠","35.525","137.558","wikidata","Q1433284","25","illustrative_city","source:jp-magome:master","variant:jp-magome:md","variant:jp-magome:lg","entity_verified_rights_unresolved","illustrative","unresolved","","docs/assets/catalog/japan-destination-entity-evidence.v1.jsonl","historic district: Magome-juku (Q1433284); named historic settlement/heritage footprint only, not its entire municipality","馬籠宿の歴史地区。馬込川や東京都の馬込ではない。","岐阜县","wikidata_P625","https://www.wikidata.org/w/index.php?title=Q1433284&oldid=2480838592","","","historic district: Magome-juku (Q1433284); named historic settlement/heritage footprint only, not its entire municipality","jp-nakatsugawa","verified"
"jp-fujinomiya","JP-A-16","A","chubu","JP","shizuoka","静岡県","Shizuoka","city","富士宫市","富士宮市","Fujinomiya","富士宮市","Fujinomiya; Hujinomiya","35.2221","138.6216","wikidata","Q496072","25","illustrative_city","source:jp-fujinomiya:master","variant:jp-fujinomiya:md","variant:jp-fujinomiya:lg","entity_verified_rights_unresolved","illustrative","unresolved","","docs/assets/catalog/japan-destination-entity-evidence.v1.jsonl","exact municipality: Fujinomiya (Q496072); current administrative boundary, not the wider marketing region","Exact name/alias, current geographic type and prefecture chain checked against pinned open-knowledge evidence.","静冈县","wikidata_P625","https://www.wikidata.org/w/index.php?title=Q496072&oldid=2530493652","","","exact municipality: Fujinomiya (Q496072); current administrative boundary, not the wider marketing region","","verified"
"jp-shimoda","JP-A-16","A","chubu","JP","shizuoka","静岡県","Shizuoka","city","下田市","下田市","Shimoda","下田市","Shimoda; 下田町; 下田; Simoda","34.6795","138.9453","wikidata","Q653402","25","illustrative_city","source:jp-shimoda:master","variant:jp-shimoda:md","variant:jp-shimoda:lg","entity_verified_rights_unresolved","illustrative","unresolved","","docs/assets/catalog/japan-destination-entity-evidence.v1.jsonl","exact municipality: Shimoda (Q653402); current administrative boundary, not the wider marketing region","Exact name/alias, current geographic type and prefecture chain checked against pinned open-knowledge evidence.","静冈县","wikidata_P625","https://www.wikidata.org/w/index.php?title=Q653402&oldid=2530499530","","","exact municipality: Shimoda (Q653402); current administrative boundary, not the wider marketing region","","verified"
"jp-ito","JP-A-16","A","chubu","JP","shizuoka","静岡県","Shizuoka","city","伊东市","伊東市","Ito","伊東市","Ito; Ito City; Ito-shi","34.9657","139.1019","wikidata","Q721163","25","illustrative_city","source:jp-ito:master","variant:jp-ito:md","variant:jp-ito:lg","entity_verified_rights_unresolved","illustrative","unresolved","","docs/assets/catalog/japan-destination-entity-evidence.v1.jsonl","exact municipality: Ito (Q721163); current administrative boundary, not the wider marketing region","Exact name/alias, current geographic type and prefecture chain checked against pinned open-knowledge evidence.","静冈县","wikidata_P625","https://www.wikidata.org/w/index.php?title=Q721163&oldid=2530501077","","","exact municipality: Ito (Q721163); current administrative boundary, not the wider marketing region","","verified"
"jp-mishima","JP-A-16","A","chubu","JP","shizuoka","静岡県","Shizuoka","city","三岛市","三島市","Mishima","三島市","Mishima; 三岛市; Misima; Mishima-shi","","","wikidata","Q653478","25","illustrative_city","source:jp-mishima:master","variant:jp-mishima:md","variant:jp-mishima:lg","entity_resolution_required","illustrative","unresolved","","docs/assets/catalog/japan-destination-entity-evidence.v1.jsonl","exact municipality: Mishima (Q653478); current administrative boundary, not the wider marketing region","Exact name/alias, current geographic type and prefecture chain checked against pinned open-knowledge evidence. conflicting_representative_coordinates","静冈县","","","","","exact municipality: Mishima (Q653478); current administrative boundary, not the wider marketing region","","unresolved"
"jp-toyota","JP-A-16","A","chubu","JP","aichi","愛知県","Aichi","city","丰田市","豊田市","Toyota","豊田市","Toyota; 挙母市; 挙母町; 挙母村; 举母市; 丰田市; Koromo; Toyota City; Toyota-shi","35.0824","137.1563","wikidata","Q201117","25","illustrative_city","source:jp-toyota:master","variant:jp-toyota:md","variant:jp-toyota:lg","entity_verified_rights_unresolved","illustrative","unresolved","https://www.japan.travel/en/destinations/tokai/aichi/toyota-area","docs/assets/catalog/japan-destination-entity-evidence.v1.jsonl","exact municipality: Toyota (Q201117); current administrative boundary, not the wider marketing region","Exact name/alias, current geographic type and prefecture chain checked against pinned open-knowledge evidence.","爱知县","wikidata_P625","https://www.wikidata.org/w/index.php?title=Q201117&oldid=2538659936","JNTO_directory","https://www.japan.travel/en/destinations/tokai/aichi/toyota-area","exact municipality: Toyota (Q201117); current administrative boundary, not the wider marketing region","","verified"
"jp-ise","JP-A-16","A","kansai","JP","mie","三重県","Mie","city","伊势市","伊勢市","Ise","伊勢市","Ise; 宇治山田市; 宇治山田町; Ujiyamada","34.4875","136.7093","wikidata","Q328067","25","illustrative_city","source:jp-ise:master","variant:jp-ise:md","variant:jp-ise:lg","entity_verified_rights_unresolved","illustrative","unresolved","https://www.japan.travel/en/destinations/tokai/mie/ise-bay-area","docs/assets/catalog/japan-destination-entity-evidence.v1.jsonl","exact municipality: Ise (Q328067); current administrative boundary, not the wider marketing region","Exact name/alias, current geographic type and prefecture chain checked against pinned open-knowledge evidence.","三重县","wikidata_P625","https://www.wikidata.org/w/index.php?title=Q328067&oldid=2538325832","JNTO_directory","https://www.japan.travel/en/destinations/tokai/mie/ise-bay-area","exact municipality: Ise (Q328067); current administrative boundary, not the wider marketing region","","verified"
"jp-toba","JP-A-16","A","kansai","JP","mie","三重県","Mie","city","鸟羽市","鳥羽市","Toba","鳥羽市","Toba","34.4813","136.8434","wikidata","Q819629","25","illustrative_city","source:jp-toba:master","variant:jp-toba:md","variant:jp-toba:lg","entity_verified_rights_unresolved","illustrative","unresolved","","docs/assets/catalog/japan-destination-entity-evidence.v1.jsonl","exact municipality: Toba (Q819629); current administrative boundary, not the wider marketing region","Exact name/alias, current geographic type and prefecture chain checked against pinned open-knowledge evidence.","三重县","wikidata_P625","https://www.wikidata.org/w/index.php?title=Q819629&oldid=2530505135","","","exact municipality: Toba (Q819629); current administrative boundary, not the wider marketing region","","verified"
"jp-shima","JP-A-17","A","kansai","JP","mie","三重県","Mie","city","志摩市","志摩市","Shima","志摩市","Shima; Sima","34.3282","136.8297","wikidata","Q338009","25","illustrative_city","source:jp-shima:master","variant:jp-shima:md","variant:jp-shima:lg","entity_verified_rights_unresolved","illustrative","unresolved","","docs/assets/catalog/japan-destination-entity-evidence.v1.jsonl","exact municipality: Shima (Q338009); current administrative boundary, not the wider marketing region","Exact name/alias, current geographic type and prefecture chain checked against pinned open-knowledge evidence.","三重县","wikidata_P625","https://www.wikidata.org/w/index.php?title=Q338009&oldid=2530482783","","","exact municipality: Shima (Q338009); current administrative boundary, not the wider marketing region","","verified"
"jp-nagahama","JP-A-17","A","kansai","JP","shiga","滋賀県","Shiga","city","长滨市","長浜市","Nagahama","長浜市","Nagahama","35.381","136.278","wikidata","Q844130","25","illustrative_city","source:jp-nagahama:master","variant:jp-nagahama:md","variant:jp-nagahama:lg","entity_verified_rights_unresolved","illustrative","unresolved","","docs/assets/catalog/japan-destination-entity-evidence.v1.jsonl","exact municipality: Nagahama (Q844130); current administrative boundary, not the wider marketing region","Exact name/alias, current geographic type and prefecture chain checked against pinned open-knowledge evidence.","滋贺县","wikidata_P625","https://www.wikidata.org/w/index.php?title=Q844130&oldid=2539188595","","","exact municipality: Nagahama (Q844130); current administrative boundary, not the wider marketing region","","verified"
"jp-omihachiman","JP-A-17","A","kansai","JP","shiga","滋賀県","Shiga","city","近江八幡市","近江八幡市","Ōmihachiman-shi","近江八幡市","Omihachiman; おうみはちまんし; Omihachiman City; Omihachiman-shi; Ōmihachiman","35.128","136.098","wikidata","Q385461","25","illustrative_city","source:jp-omihachiman:master","variant:jp-omihachiman:md","variant:jp-omihachiman:lg","entity_verified_rights_unresolved","illustrative","unresolved","https://www.japan.travel/en/destinations/kansai/shiga/omihachiman-area","docs/assets/catalog/japan-destination-entity-evidence.v1.jsonl","exact municipality: Ōmihachiman-shi (Q385461); current administrative boundary, not the wider marketing region","Exact name/alias, current geographic type and prefecture chain checked against pinned open-knowledge evidence.","滋贺县","wikidata_P625","https://www.wikidata.org/w/index.php?title=Q385461&oldid=2533502424","JNTO_directory","https://www.japan.travel/en/destinations/kansai/shiga/omihachiman-area","exact municipality: Ōmihachiman-shi (Q385461); current administrative boundary, not the wider marketing region","","verified"
"jp-koka","JP-A-17","A","kansai","JP","shiga","滋賀県","Shiga","city","甲贺市","甲賀市","Kōka-shi","甲賀市","Koka; Koka City; Koka-shi; Kōka","34.9661","136.1663","wikidata","Q847584","25","illustrative_city","source:jp-koka:master","variant:jp-koka:md","variant:jp-koka:lg","entity_verified_rights_unresolved","illustrative","unresolved","","docs/assets/catalog/japan-destination-entity-evidence.v1.jsonl","exact municipality: Kōka-shi (Q847584); current administrative boundary, not the wider marketing region","Exact name/alias, current geographic type and prefecture chain checked against pinned open-knowledge evidence.","滋贺县","wikidata_P625","https://www.wikidata.org/w/index.php?title=Q847584&oldid=2530506341","","","exact municipality: Kōka-shi (Q847584); current administrative boundary, not the wider marketing region","","verified"
"jp-takashima","JP-A-17","A","kansai","JP","shiga","滋賀県","Shiga","city","高岛市","高島市","Takashima","高島市","Takashima; 西近江市; Takasima","35.3530","136.0357","wikidata","Q845794","25","illustrative_city","source:jp-takashima:master","variant:jp-takashima:md","variant:jp-takashima:lg","entity_verified_rights_unresolved","illustrative","unresolved","","docs/assets/catalog/japan-destination-entity-evidence.v1.jsonl","exact municipality: Takashima (Q845794); current administrative boundary, not the wider marketing region","Exact name/alias, current geographic type and prefecture chain checked against pinned open-knowledge evidence.","滋贺县","wikidata_P625","https://www.wikidata.org/w/index.php?title=Q845794&oldid=2530506217","","","exact municipality: Takashima (Q845794); current administrative boundary, not the wider marketing region","","verified"
"jp-uji","JP-A-17","A","kansai","JP","kyoto","京都府","Kyoto","city","宇治市","宇治市","Uji","宇治市","Uji; 宇治","34.8844","135.7998","wikidata","Q326956","25","illustrative_city","source:jp-uji:master","variant:jp-uji:md","variant:jp-uji:lg","entity_verified_rights_unresolved","illustrative","unresolved","","docs/assets/catalog/japan-destination-entity-evidence.v1.jsonl","exact municipality: Uji (Q326956); current administrative boundary, not the wider marketing region","Exact name/alias, current geographic type and prefecture chain checked against pinned open-knowledge evidence.","京都府","wikidata_P625","https://www.wikidata.org/w/index.php?title=Q326956&oldid=2530480917","","","exact municipality: Uji (Q326956); current administrative boundary, not the wider marketing region","","verified"
"jp-amanohashidate","JP-A-17","A","kansai","JP","kyoto","京都府","Kyoto","region","天桥立","天橋立","Amanohashidate","天橋立","Amanohashidate; 𲔁; 𳅃; ⿸厂⿱⿰有𰗈⿰有𰗈; ⿺辶⿲⿱日昌⿱日昌⿱昌巾; Ama no Hashidate","35.5696","135.1920","wikidata","Q259727","25","illustrative_city","source:jp-amanohashidate:master","variant:jp-amanohashidate:md","variant:jp-amanohashidate:lg","entity_verified_rights_unresolved","illustrative","unresolved","","docs/assets/catalog/japan-destination-entity-evidence.v1.jsonl","named geographic region: Amanohashidate (Q259727); entity footprint only; lake means lake, peninsula means peninsula, archipelago means listed islands","Exact name/alias, current geographic type and prefecture chain checked against pinned open-knowledge evidence.","京都府","wikidata_P625","https://www.wikidata.org/w/index.php?title=Q259727&oldid=2517532115","","","named geographic region: Amanohashidate (Q259727); entity footprint only; lake means lake, peninsula means peninsula, archipelago means listed islands","","verified"
"jp-ine","JP-A-18","A","kansai","JP","kyoto","京都府","Kyoto","town","伊根町","伊根町","Ine","伊根町","Ine","35.6752","135.2727","wikidata","Q1345614","25","illustrative_city","source:jp-ine:master","variant:jp-ine:md","variant:jp-ine:lg","entity_verified_rights_unresolved","illustrative","unresolved","","docs/assets/catalog/japan-destination-entity-evidence.v1.jsonl","exact municipality: Ine (Q1345614); current administrative boundary, not the wider marketing region","Exact name/alias, current geographic type and prefecture chain checked against pinned open-knowledge evidence.","京都府","wikidata_P625","https://www.wikidata.org/w/index.php?title=Q1345614&oldid=2530452735","","","exact municipality: Ine (Q1345614); current administrative boundary, not the wider marketing region","","verified"
"jp-maizuru","JP-A-18","A","kansai","JP","kyoto","京都府","Kyoto","city","舞鹤市","舞鶴市","Maizuru","舞鶴市","Maizuru","35.4748","135.3860","wikidata","Q750573","25","illustrative_city","source:jp-maizuru:master","variant:jp-maizuru:md","variant:jp-maizuru:lg","entity_verified_rights_unresolved","illustrative","unresolved","","docs/assets/catalog/japan-destination-entity-evidence.v1.jsonl","exact municipality: Maizuru (Q750573); current administrative boundary, not the wider marketing region","Exact name/alias, current geographic type and prefecture chain checked against pinned open-knowledge evidence.","京都府","wikidata_P625","https://www.wikidata.org/w/index.php?title=Q750573&oldid=2530502258","","","exact municipality: Maizuru (Q750573); current administrative boundary, not the wider marketing region","","verified"
"jp-miyama","JP-A-18","A","kansai","JP","","","","other_review_required","","","","","Miyama","","","","","25","illustrative_city","source:jp-miyama:master","variant:jp-miyama:md","variant:jp-miyama:lg","entity_resolution_required","illustrative","unresolved","","docs/assets/catalog/japan-destination-entity-evidence.v1.jsonl","","Exact name/alias, current geographic type and prefecture chain checked against pinned open-knowledge evidence. 京都美山的现有行政实体已撤销，需当前旅游聚落边界和中心来源。 ambiguous_or_no_reliable_candidate manual_review_hold missing_trilingual_names coverage_scope_not_verified","","","","","","","","unresolved"
"jp-sakai","JP-A-18","A","kansai","JP","osaka","大阪府","Osaka","city","堺市","堺市","Sakai","堺市","Sakai; 境; 堺; Sakai-shi","34.5733","135.4830","wikidata","Q193428","25","illustrative_city","source:jp-sakai:master","variant:jp-sakai:md","variant:jp-sakai:lg","entity_verified_rights_unresolved","illustrative","unresolved","","docs/assets/catalog/japan-destination-entity-evidence.v1.jsonl","exact municipality: Sakai (Q193428); current administrative boundary, not the wider marketing region","Exact name/alias, current geographic type and prefecture chain checked against pinned open-knowledge evidence.","大阪府","wikidata_P625","https://www.wikidata.org/w/index.php?title=Q193428&oldid=2530463378","","","exact municipality: Sakai (Q193428); current administrative boundary, not the wider marketing region","","verified"
"jp-minoh","JP-A-18","A","kansai","JP","osaka","大阪府","Osaka","city","箕面市","箕面市","Minoh","箕面市","Minoh; 箕面村; 箕面町; Minoh City; Minoh-shi; Minoo City; Minoo-shi","34.8269","135.4704","wikidata","Q665097","25","illustrative_city","source:jp-minoh:master","variant:jp-minoh:md","variant:jp-minoh:lg","entity_verified_rights_unresolved","illustrative","unresolved","","docs/assets/catalog/japan-destination-entity-evidence.v1.jsonl","exact municipality: Minoh (Q665097); current administrative boundary, not the wider marketing region","Exact name/alias, current geographic type and prefecture chain checked against pinned open-knowledge evidence.","大阪府","wikidata_P625","https://www.wikidata.org/w/index.php?title=Q665097&oldid=2539187824","","","exact municipality: Minoh (Q665097); current administrative boundary, not the wider marketing region","","verified"
"jp-kishiwada","JP-A-18","A","kansai","JP","osaka","大阪府","Osaka","city","岸和田市","岸和田市","Kishiwada","岸和田市","Kishiwada; 岸和田町","34.4605","135.3709","wikidata","Q740456","25","illustrative_city","source:jp-kishiwada:master","variant:jp-kishiwada:md","variant:jp-kishiwada:lg","entity_verified_rights_unresolved","illustrative","unresolved","","docs/assets/catalog/japan-destination-entity-evidence.v1.jsonl","exact municipality: Kishiwada (Q740456); current administrative boundary, not the wider marketing region","Exact name/alias, current geographic type and prefecture chain checked against pinned open-knowledge evidence.","大阪府","wikidata_P625","https://www.wikidata.org/w/index.php?title=Q740456&oldid=2537841350","","","exact municipality: Kishiwada (Q740456); current administrative boundary, not the wider marketing region","","verified"
"jp-awaji-island","JP-A-18","A","kansai","JP","hyogo","兵庫県","Hyogo","island","淡路岛","淡路島","Awaji Island","淡路島","Awaji Island; 日本のガラパゴス; 淡路岛","34.4","134.8","wikidata","Q504373","25","illustrative_city","source:jp-awaji-island:master","variant:jp-awaji-island:md","variant:jp-awaji-island:lg","entity_verified_rights_unresolved","illustrative","unresolved","https://www.japan.travel/en/destinations/kansai/hyogo/awaji-island","docs/assets/catalog/japan-destination-entity-evidence.v1.jsonl","island-wide: Awaji Island (Q504373); this island only, excluding other islands of its municipality","Exact name/alias, current geographic type and prefecture chain checked against pinned open-knowledge evidence.","兵库县","wikidata_P625","https://www.wikidata.org/w/index.php?title=Q504373&oldid=2532190478","JNTO_directory","https://www.japan.travel/en/destinations/kansai/hyogo/awaji-island","island-wide: Awaji Island (Q504373); this island only, excluding other islands of its municipality","","verified"
"jp-arima-onsen","JP-A-19","A","kansai","JP","hyogo","兵庫県","Hyogo","hot_spring_area","有马温泉","有馬温泉","Arima Onsen","有馬温泉","Arima Onsen; 有馬温泉郷; 有間温泉","","","wikidata","Q4790673","25","illustrative_city","source:jp-arima-onsen:master","variant:jp-arima-onsen:md","variant:jp-arima-onsen:lg","entity_resolution_required","illustrative","unresolved","","docs/assets/catalog/japan-destination-entity-evidence.v1.jsonl","named hot-spring district: Arima Onsen (Q4790673); named spa cluster only, not its entire municipality","Exact name/alias, current geographic type and prefecture chain checked against pinned open-knowledge evidence. unknown_coordinate_precision","兵库县","","","","","named hot-spring district: Arima Onsen (Q4790673); named spa cluster only, not its entire municipality","jp-kobe","unresolved"
"jp-takarazuka","JP-A-19","A","kansai","JP","hyogo","兵庫県","Hyogo","city","宝冢市","宝塚市","Takarazuka","宝塚市","Takarazuka","34.8000","135.3603","wikidata","Q823967","25","illustrative_city","source:jp-takarazuka:master","variant:jp-takarazuka:md","variant:jp-takarazuka:lg","entity_verified_rights_unresolved","illustrative","unresolved","","docs/assets/catalog/japan-destination-entity-evidence.v1.jsonl","exact municipality: Takarazuka (Q823967); current administrative boundary, not the wider marketing region","Exact name/alias, current geographic type and prefecture chain checked against pinned open-knowledge evidence.","兵库县","wikidata_P625","https://www.wikidata.org/w/index.php?title=Q823967&oldid=2536375569","","","exact municipality: Takarazuka (Q823967); current administrative boundary, not the wider marketing region","","verified"
"jp-akashi","JP-A-19","A","kansai","JP","hyogo","兵庫県","Hyogo","city","明石市","明石市","Akashi","明石市","Akashi; 明石町; Akashi-shi; Akashi city","","","wikidata","Q26406","25","illustrative_city","source:jp-akashi:master","variant:jp-akashi:md","variant:jp-akashi:lg","entity_resolution_required","illustrative","unresolved","","docs/assets/catalog/japan-destination-entity-evidence.v1.jsonl","exact municipality: Akashi (Q26406); current administrative boundary, not the wider marketing region","Exact name/alias, current geographic type and prefecture chain checked against pinned open-knowledge evidence. conflicting_representative_coordinates","兵库县","","","","","exact municipality: Akashi (Q26406); current administrative boundary, not the wider marketing region","","unresolved"
"jp-sasayama","JP-A-19","A","kansai","JP","hyogo","兵庫県","Hyogo","city","筱山市","丹波篠山市","Tamba-Sasayama","丹波篠山市","Sasayama; 篠山市; 筱山市; Tambasasayama","35.0757","135.2192","wikidata","Q877169","25","illustrative_city","source:jp-sasayama:master","variant:jp-sasayama:md","variant:jp-sasayama:lg","entity_resolution_required","illustrative","unresolved","","docs/assets/catalog/japan-destination-entity-evidence.v1.jsonl","exact municipality: Tamba-Sasayama (Q877169); current administrative boundary, not the wider marketing region","現在の丹波篠山市を候補に固定。中文旧称問題は解消まで未解決。 当前丹波篠山市的中文候选仍为旧名筱山市，需当前标准中文名称证据。 manual_review_hold","兵库县","wikidata_P625","https://www.wikidata.org/w/index.php?title=Q877169&oldid=2530507793","","","exact municipality: Tamba-Sasayama (Q877169); current administrative boundary, not the wider marketing region","","unresolved"
"jp-asuka","JP-A-19","A","kansai","JP","nara","奈良県","Nara","village","明日香村","明日香村","Asuka","明日香村","Asuka","34.4713","135.8207","wikidata","Q752397","25","illustrative_city","source:jp-asuka:master","variant:jp-asuka:md","variant:jp-asuka:lg","entity_verified_rights_unresolved","illustrative","unresolved","https://www.japan.travel/en/destinations/kansai/nara/asuka-area","docs/assets/catalog/japan-destination-entity-evidence.v1.jsonl","exact municipality: Asuka (Q752397); current administrative boundary, not the wider marketing region","Exact name/alias, current geographic type and prefecture chain checked against pinned open-knowledge evidence.","奈良县","wikidata_P625","https://www.wikidata.org/w/index.php?title=Q752397&oldid=2530154273","JNTO_directory","https://www.japan.travel/en/destinations/kansai/nara/asuka-area","exact municipality: Asuka (Q752397); current administrative boundary, not the wider marketing region","","verified"
"jp-yoshino","JP-A-19","A","kansai","JP","nara","奈良県","Nara","town","吉野町","吉野町","Yoshino","吉野町","Yoshino; 吉野村","34.3960","135.8576","wikidata","Q1203731","25","illustrative_city","source:jp-yoshino:master","variant:jp-yoshino:md","variant:jp-yoshino:lg","entity_verified_rights_unresolved","illustrative","unresolved","https://www.japan.travel/en/destinations/kansai/nara/yoshino-area","docs/assets/catalog/japan-destination-entity-evidence.v1.jsonl","exact municipality: Yoshino (Q1203731); current administrative boundary, not the wider marketing region","Exact name/alias, current geographic type and prefecture chain checked against pinned open-knowledge evidence.","奈良县","wikidata_P625","https://www.wikidata.org/w/index.php?title=Q1203731&oldid=2533808574","JNTO_directory","https://www.japan.travel/en/destinations/kansai/nara/yoshino-area","exact municipality: Yoshino (Q1203731); current administrative boundary, not the wider marketing region","","verified"
"jp-kashihara","JP-A-19","A","kansai","JP","nara","奈良県","Nara","city","橿原市","橿原市","Kashihara","橿原市","Kashihara; Kasihara","34.509","135.792","wikidata","Q496319","25","illustrative_city","source:jp-kashihara:master","variant:jp-kashihara:md","variant:jp-kashihara:lg","entity_verified_rights_unresolved","illustrative","unresolved","","docs/assets/catalog/japan-destination-entity-evidence.v1.jsonl","exact municipality: Kashihara (Q496319); current administrative boundary, not the wider marketing region","Exact name/alias, current geographic type and prefecture chain checked against pinned open-knowledge evidence.","奈良县","wikidata_P625","https://www.wikidata.org/w/index.php?title=Q496319&oldid=2538731121","","","exact municipality: Kashihara (Q496319); current administrative boundary, not the wider marketing region","","verified"
"jp-nachikatsuura","JP-A-20","A","kansai","JP","wakayama","和歌山県","Wakayama","town","那智胜浦町","那智勝浦町","Nachikatsuura","那智勝浦町","Nachikatsuura; 那智勝浦; Nachi-Katsuura","33.6261","135.9411","wikidata","Q1346730","25","illustrative_city","source:jp-nachikatsuura:master","variant:jp-nachikatsuura:md","variant:jp-nachikatsuura:lg","entity_verified_rights_unresolved","illustrative","unresolved","","docs/assets/catalog/japan-destination-entity-evidence.v1.jsonl","exact municipality: Nachikatsuura (Q1346730); current administrative boundary, not the wider marketing region","Exact name/alias, current geographic type and prefecture chain checked against pinned open-knowledge evidence.","和歌山县","wikidata_P625","https://www.wikidata.org/w/index.php?title=Q1346730&oldid=2530452801","","","exact municipality: Nachikatsuura (Q1346730); current administrative boundary, not the wider marketing region","","verified"
"jp-kushimoto","JP-A-20","A","kansai","JP","wakayama","和歌山県","Wakayama","town","串本町","串本町","Kushimoto","串本町","Kushimoto; 串本村","33.486","135.787","wikidata","Q1343733","25","illustrative_city","source:jp-kushimoto:master","variant:jp-kushimoto:md","variant:jp-kushimoto:lg","entity_verified_rights_unresolved","illustrative","unresolved","","docs/assets/catalog/japan-destination-entity-evidence.v1.jsonl","exact municipality: Kushimoto (Q1343733); current administrative boundary, not the wider marketing region","Exact name/alias, current geographic type and prefecture chain checked against pinned open-knowledge evidence.","和歌山县","wikidata_P625","https://www.wikidata.org/w/index.php?title=Q1343733&oldid=2530452649","","","exact municipality: Kushimoto (Q1343733); current administrative boundary, not the wider marketing region","","verified"
"jp-kurayoshi","JP-A-20","A","chugoku","JP","tottori","鳥取県","Tottori","city","仓吉市","倉吉市","Kurayoshi","倉吉市","Kurayoshi; 倉吉町; 倉吉; Kurayosi","35.4301","133.8255","wikidata","Q642006","25","illustrative_city","source:jp-kurayoshi:master","variant:jp-kurayoshi:md","variant:jp-kurayoshi:lg","entity_verified_rights_unresolved","illustrative","unresolved","","docs/assets/catalog/japan-destination-entity-evidence.v1.jsonl","exact municipality: Kurayoshi (Q642006); current administrative boundary, not the wider marketing region","Exact name/alias, current geographic type and prefecture chain checked against pinned open-knowledge evidence.","鸟取县","wikidata_P625","https://www.wikidata.org/w/index.php?title=Q642006&oldid=2538655559","","","exact municipality: Kurayoshi (Q642006); current administrative boundary, not the wider marketing region","","verified"
"jp-sakaiminato","JP-A-20","A","chugoku","JP","tottori","鳥取県","Tottori","city","境港市","境港市","Sakaiminato","境港市","Sakaiminato; 境港町; 境港","35.5396","133.2316","wikidata","Q496431","25","illustrative_city","source:jp-sakaiminato:master","variant:jp-sakaiminato:md","variant:jp-sakaiminato:lg","entity_verified_rights_unresolved","illustrative","unresolved","","docs/assets/catalog/japan-destination-entity-evidence.v1.jsonl","exact municipality: Sakaiminato (Q496431); current administrative boundary, not the wider marketing region","Exact name/alias, current geographic type and prefecture chain checked against pinned open-knowledge evidence.","鸟取县","wikidata_P625","https://www.wikidata.org/w/index.php?title=Q496431&oldid=2530493669","","","exact municipality: Sakaiminato (Q496431); current administrative boundary, not the wider marketing region","","verified"
"jp-misasa-onsen","JP-A-20","A","chugoku","JP","tottori","鳥取県","Tottori","hot_spring_area","三朝温泉","三朝温泉","Misasa Onsen","三朝温泉","Misasa Onsen","35.4108","133.8931","wikidata","Q11355561","25","illustrative_city","source:jp-misasa-onsen:master","variant:jp-misasa-onsen:md","variant:jp-misasa-onsen:lg","entity_verified_rights_unresolved","illustrative","unresolved","","docs/assets/catalog/japan-destination-entity-evidence.v1.jsonl","named hot-spring district: Misasa Onsen (Q11355561); named spa cluster only, not its entire municipality","Exact name/alias, current geographic type and prefecture chain checked against pinned open-knowledge evidence.","鸟取县","wikidata_P625","https://www.wikidata.org/w/index.php?title=Q11355561&oldid=2434300467","","","named hot-spring district: Misasa Onsen (Q11355561); named spa cluster only, not its entire municipality","","verified"
"jp-daisen","JP-A-20","A","chugoku","JP","tottori","鳥取県","Tottori","town","大山町","大山町","Daisen","大山町","Daisen","35.5107","133.4961","wikidata","Q1204975","25","illustrative_city","source:jp-daisen:master","variant:jp-daisen:md","variant:jp-daisen:lg","entity_resolution_required","illustrative","unresolved","https://www.japan.travel/en/destinations/chugoku/tottori/daisen","docs/assets/catalog/japan-destination-entity-evidence.v1.jsonl","exact municipality: Daisen (Q1204975); current administrative boundary, not the wider marketing region","Exact name/alias, current geographic type and prefecture chain checked against pinned open-knowledge evidence. 种子 Daisen 在町与同名山岳旅游区之间没有冻结边界，不擅自选择町。 manual_review_hold","鸟取县","wikidata_P625","https://www.wikidata.org/w/index.php?title=Q1204975&oldid=2530450019","JNTO_directory","https://www.japan.travel/en/destinations/chugoku/tottori/daisen","exact municipality: Daisen (Q1204975); current administrative boundary, not the wider marketing region","","unresolved"
"jp-iwami-ginzan","JP-A-20","A","chugoku","JP","shimane","島根県","Shimane","other_review_required","石见银山","石見銀山","Iwami Ginzan Silver Mine","石見銀山","Iwami Ginzan; 大森銀山; 佐摩銀山; Ōmori Ginzan; Sama Ginzan","35.1072","132.4375","wikidata","Q174139","25","illustrative_city","source:jp-iwami-ginzan:master","variant:jp-iwami-ginzan:md","variant:jp-iwami-ginzan:lg","entity_resolution_required","illustrative","unresolved","","docs/assets/catalog/japan-destination-entity-evidence.v1.jsonl","","石見銀山の歴史産業地域。郵便局などの同名施設を代用しない。 type_or_historical_entity coverage_scope_not_verified","岛根县","wikidata_P625","https://www.wikidata.org/w/index.php?title=Q174139&oldid=2534412929","","","","","unresolved"
"jp-tsuwano","JP-A-21","A","chugoku","JP","shimane","島根県","Shimane","town","津和野町","津和野町","Tsuwano","津和野町","Tsuwano","34.5419","131.8354","wikidata","Q640586","25","illustrative_city","source:jp-tsuwano:master","variant:jp-tsuwano:md","variant:jp-tsuwano:lg","entity_verified_rights_unresolved","illustrative","unresolved","","docs/assets/catalog/japan-destination-entity-evidence.v1.jsonl","exact municipality: Tsuwano (Q640586); current administrative boundary, not the wider marketing region","Exact name/alias, current geographic type and prefecture chain checked against pinned open-knowledge evidence.","岛根县","wikidata_P625","https://www.wikidata.org/w/index.php?title=Q640586&oldid=2532041850","","","exact municipality: Tsuwano (Q640586); current administrative boundary, not the wider marketing region","","verified"
"jp-tamatsukuri-onsen","JP-A-21","A","chugoku","JP","shimane","島根県","Shimane","hot_spring_area","玉造温泉","玉造温泉","Tamatsukuri Onsen","玉造温泉","Tamatsukuri Onsen","35.4","133.0","wikidata","Q3514711","25","illustrative_city","source:jp-tamatsukuri-onsen:master","variant:jp-tamatsukuri-onsen:md","variant:jp-tamatsukuri-onsen:lg","entity_verified_rights_unresolved","illustrative","unresolved","","docs/assets/catalog/japan-destination-entity-evidence.v1.jsonl","named hot-spring district: Tamatsukuri Onsen (Q3514711); named spa cluster only, not its entire municipality","Exact name/alias, current geographic type and prefecture chain checked against pinned open-knowledge evidence.","岛根县","wikidata_P625","https://www.wikidata.org/w/index.php?title=Q3514711&oldid=2433107673","","","named hot-spring district: Tamatsukuri Onsen (Q3514711); named spa cluster only, not its entire municipality","jp-matsue","verified"
"jp-oki-islands","JP-A-21","A","chugoku","JP","shimane","島根県","Shimane","region","隐岐群岛","隠岐諸島","Oki Islands","隠岐諸島","Oki Islands; 隠岐島; 隠岐の島; 隠岐列島; 隠岐群島; 隱岐島; 隐歧岛; 隱岐諸島; 隠岐諸島","","","wikidata","Q483146","25","illustrative_city","source:jp-oki-islands:master","variant:jp-oki-islands:md","variant:jp-oki-islands:lg","entity_resolution_required","illustrative","unresolved","https://www.japan.travel/en/destinations/chugoku/shimane/oki","docs/assets/catalog/japan-destination-entity-evidence.v1.jsonl","named geographic region: Oki Islands (Q483146); entity footprint only; lake means lake, peninsula means peninsula, archipelago means listed islands","Exact name/alias, current geographic type and prefecture chain checked against pinned open-knowledge evidence. unknown_coordinate_precision","岛根县","","","JNTO_directory","https://www.japan.travel/en/destinations/chugoku/shimane/oki","named geographic region: Oki Islands (Q483146); entity footprint only; lake means lake, peninsula means peninsula, archipelago means listed islands","","unresolved"
"jp-tsuyama","JP-A-21","A","chugoku","JP","okayama","岡山県","Okayama","city","津山市","津山市","Tsuyama","津山市","Tsuyama; Tuyama","35.0691","134.0045","wikidata","Q841125","25","illustrative_city","source:jp-tsuyama:master","variant:jp-tsuyama:md","variant:jp-tsuyama:lg","entity_verified_rights_unresolved","illustrative","unresolved","","docs/assets/catalog/japan-destination-entity-evidence.v1.jsonl","exact municipality: Tsuyama (Q841125); current administrative boundary, not the wider marketing region","Exact name/alias, current geographic type and prefecture chain checked against pinned open-knowledge evidence.","冈山县","wikidata_P625","https://www.wikidata.org/w/index.php?title=Q841125&oldid=2535584761","","","exact municipality: Tsuyama (Q841125); current administrative boundary, not the wider marketing region","","verified"
"jp-bizen","JP-A-21","A","chugoku","JP","okayama","岡山県","Okayama","city","备前市","備前市","Bizen","備前市","Bizen","34.7452","134.1888","wikidata","Q863741","25","illustrative_city","source:jp-bizen:master","variant:jp-bizen:md","variant:jp-bizen:lg","entity_verified_rights_unresolved","illustrative","unresolved","https://www.japan.travel/en/destinations/chugoku/okayama/bizen","docs/assets/catalog/japan-destination-entity-evidence.v1.jsonl","exact municipality: Bizen (Q863741); current administrative boundary, not the wider marketing region","Exact name/alias, current geographic type and prefecture chain checked against pinned open-knowledge evidence.","冈山县","wikidata_P625","https://www.wikidata.org/w/index.php?title=Q863741&oldid=2530507484","JNTO_directory","https://www.japan.travel/en/destinations/chugoku/okayama/bizen","exact municipality: Bizen (Q863741); current administrative boundary, not the wider marketing region","","verified"
"jp-maniwa","JP-A-21","A","chugoku","JP","okayama","岡山県","Okayama","city","真庭市","真庭市","Maniwa","真庭市","Maniwa; Maniwa city","35.0756","133.7527","wikidata","Q861230","25","illustrative_city","source:jp-maniwa:master","variant:jp-maniwa:md","variant:jp-maniwa:lg","entity_verified_rights_unresolved","illustrative","unresolved","","docs/assets/catalog/japan-destination-entity-evidence.v1.jsonl","exact municipality: Maniwa (Q861230); current administrative boundary, not the wider marketing region","Exact name/alias, current geographic type and prefecture chain checked against pinned open-knowledge evidence.","冈山县","wikidata_P625","https://www.wikidata.org/w/index.php?title=Q861230&oldid=2530507268","","","exact municipality: Maniwa (Q861230); current administrative boundary, not the wider marketing region","","verified"
"jp-setouchi","JP-A-22","A","chugoku","JP","","","","region","濑户内地方","瀬戸内地方","Setouchi region","瀬戸内地方","Setouchi; 瀬戸内海地方; 瀬戸内; 濑户内地方","","","wikidata","Q8016941","25","illustrative_city","source:jp-setouchi:master","variant:jp-setouchi:md","variant:jp-setouchi:lg","entity_resolution_required","illustrative","unresolved","","docs/assets/catalog/japan-destination-entity-evidence.v1.jsonl","named geographic region: Setouchi region (Q8016941); entity footprint only; lake means lake, peninsula means peninsula, archipelago means listed islands","瀬戸内地方の広域観光地域。瀬戸内市単独に置き換えない。 missing_Japan_coordinate missing_prefecture_chain","","","","","","named geographic region: Setouchi region (Q8016941); entity footprint only; lake means lake, peninsula means peninsula, archipelago means listed islands","","unresolved"
"jp-onomichi","JP-A-22","A","chugoku","JP","hiroshima","広島県","Hiroshima","city","尾道市","尾道市","Onomichi","尾道市","Onomichi; 尾道町; Onomiti","34.4091","133.2054","wikidata","Q696694","25","illustrative_city","source:jp-onomichi:master","variant:jp-onomichi:md","variant:jp-onomichi:lg","entity_verified_rights_unresolved","illustrative","unresolved","","docs/assets/catalog/japan-destination-entity-evidence.v1.jsonl","exact municipality: Onomichi (Q696694); current administrative boundary, not the wider marketing region","Exact name/alias, current geographic type and prefecture chain checked against pinned open-knowledge evidence.","广岛县","wikidata_P625","https://www.wikidata.org/w/index.php?title=Q696694&oldid=2539190446","","","exact municipality: Onomichi (Q696694); current administrative boundary, not the wider marketing region","","verified"
"jp-fukuyama","JP-A-22","A","chugoku","JP","hiroshima","広島県","Hiroshima","city","福山市","福山市","Fukuyama","福山市","Fukuyama; 福山町; 福山; Fukuyama-shi","","","wikidata","Q661038","25","illustrative_city","source:jp-fukuyama:master","variant:jp-fukuyama:md","variant:jp-fukuyama:lg","entity_resolution_required","illustrative","unresolved","","docs/assets/catalog/japan-destination-entity-evidence.v1.jsonl","exact municipality: Fukuyama (Q661038); current administrative boundary, not the wider marketing region","Exact name/alias, current geographic type and prefecture chain checked against pinned open-knowledge evidence. conflicting_representative_coordinates","广岛县","","","","","exact municipality: Fukuyama (Q661038); current administrative boundary, not the wider marketing region","","unresolved"
"jp-takehara","JP-A-22","A","chugoku","JP","hiroshima","広島県","Hiroshima","city","竹原市","竹原市","Takehara","竹原市","Takehara","34.3417","132.9069","wikidata","Q200500","25","illustrative_city","source:jp-takehara:master","variant:jp-takehara:md","variant:jp-takehara:lg","entity_verified_rights_unresolved","illustrative","unresolved","https://www.japan.travel/en/destinations/chugoku/hiroshima/takehara-area","docs/assets/catalog/japan-destination-entity-evidence.v1.jsonl","exact municipality: Takehara (Q200500); current administrative boundary, not the wider marketing region","Exact name/alias, current geographic type and prefecture chain checked against pinned open-knowledge evidence.","广岛县","wikidata_P625","https://www.wikidata.org/w/index.php?title=Q200500&oldid=2530464466","JNTO_directory","https://www.japan.travel/en/destinations/chugoku/hiroshima/takehara-area","exact municipality: Takehara (Q200500); current administrative boundary, not the wider marketing region","","verified"
"jp-kure","JP-A-22","A","chugoku","JP","hiroshima","広島県","Hiroshima","city","吴市","呉市","Kure","呉市","Kure; 呉市","34.2492","132.5657","wikidata","Q223439","25","illustrative_city","source:jp-kure:master","variant:jp-kure:md","variant:jp-kure:lg","entity_verified_rights_unresolved","illustrative","unresolved","https://www.japan.travel/en/destinations/chugoku/hiroshima/kure-area","docs/assets/catalog/japan-destination-entity-evidence.v1.jsonl","exact municipality: Kure (Q223439); current administrative boundary, not the wider marketing region","Exact name/alias, current geographic type and prefecture chain checked against pinned open-knowledge evidence.","广岛县","wikidata_P625","https://www.wikidata.org/w/index.php?title=Q223439&oldid=2530468145","JNTO_directory","https://www.japan.travel/en/destinations/chugoku/hiroshima/kure-area","exact municipality: Kure (Q223439); current administrative boundary, not the wider marketing region","","verified"
"jp-shimonoseki","JP-A-22","A","chugoku","JP","yamaguchi","山口県","Yamaguchi","city","下关市","下関市","Shimonoseki","下関市","Shimonoseki; 赤間関市; 赤間関区; 赤間關市; 馬關; 赤間關; 下關","33.9579","130.9413","wikidata","Q203308","25","illustrative_city","source:jp-shimonoseki:master","variant:jp-shimonoseki:md","variant:jp-shimonoseki:lg","entity_verified_rights_unresolved","illustrative","unresolved","https://www.japan.travel/en/destinations/chugoku/yamaguchi/shimonoseki","docs/assets/catalog/japan-destination-entity-evidence.v1.jsonl","exact municipality: Shimonoseki (Q203308); current administrative boundary, not the wider marketing region","Exact name/alias, current geographic type and prefecture chain checked against pinned open-knowledge evidence.","山口县","wikidata_P625","https://www.wikidata.org/w/index.php?title=Q203308&oldid=2535930081","JNTO_directory","https://www.japan.travel/en/destinations/chugoku/yamaguchi/shimonoseki","exact municipality: Shimonoseki (Q203308); current administrative boundary, not the wider marketing region","","verified"
"jp-iwakuni","JP-A-23","A","chugoku","JP","yamaguchi","山口県","Yamaguchi","city","岩国市","岩国市","Iwakuni","岩国市","Iwakuni","34.1666","132.2188","wikidata","Q329797","25","illustrative_city","source:jp-iwakuni:master","variant:jp-iwakuni:md","variant:jp-iwakuni:lg","entity_verified_rights_unresolved","illustrative","unresolved","https://www.japan.travel/en/destinations/chugoku/yamaguchi/iwakuni","docs/assets/catalog/japan-destination-entity-evidence.v1.jsonl","exact municipality: Iwakuni (Q329797); current administrative boundary, not the wider marketing region","Exact name/alias, current geographic type and prefecture chain checked against pinned open-knowledge evidence.","山口县","wikidata_P625","https://www.wikidata.org/w/index.php?title=Q329797&oldid=2538732573","JNTO_directory","https://www.japan.travel/en/destinations/chugoku/yamaguchi/iwakuni","exact municipality: Iwakuni (Q329797); current administrative boundary, not the wider marketing region","","verified"
"jp-akiyoshidai","JP-A-23","A","chugoku","JP","yamaguchi","山口県","Yamaguchi","region","秋吉台","秋吉台","Akiyoshidai","秋吉台","Akiyoshidai; Akiyoshi Plateau; Akiyoshi-dai","34.2422","131.2983","wikidata","Q1765187","25","illustrative_city","source:jp-akiyoshidai:master","variant:jp-akiyoshidai:md","variant:jp-akiyoshidai:lg","entity_verified_rights_unresolved","illustrative","unresolved","","docs/assets/catalog/japan-destination-entity-evidence.v1.jsonl","named geographic region: Akiyoshidai (Q1765187); entity footprint only; lake means lake, peninsula means peninsula, archipelago means listed islands","Exact name/alias, current geographic type and prefecture chain checked against pinned open-knowledge evidence.","山口县","wikidata_P625","https://www.wikidata.org/w/index.php?title=Q1765187&oldid=2387751871","","","named geographic region: Akiyoshidai (Q1765187); entity footprint only; lake means lake, peninsula means peninsula, archipelago means listed islands","","verified"
"jp-ube","JP-A-23","A","chugoku","JP","yamaguchi","山口県","Yamaguchi","city","宇部市","宇部市","Ube","宇部市","Ube; 宇部村; 宇部","33.9516","131.2467","wikidata","Q468765","25","illustrative_city","source:jp-ube:master","variant:jp-ube:md","variant:jp-ube:lg","entity_verified_rights_unresolved","illustrative","unresolved","","docs/assets/catalog/japan-destination-entity-evidence.v1.jsonl","exact municipality: Ube (Q468765); current administrative boundary, not the wider marketing region","Exact name/alias, current geographic type and prefecture chain checked against pinned open-knowledge evidence.","山口县","wikidata_P625","https://www.wikidata.org/w/index.php?title=Q468765&oldid=2539527797","","","exact municipality: Ube (Q468765); current administrative boundary, not the wider marketing region","","verified"
"jp-naruto","JP-A-23","A","shikoku","JP","tokushima","徳島県","Tokushima","city","鸣门市","鳴門市","Naruto","鳴門市","Naruto; 鳴南市; Meinan","34.1726","134.6088","wikidata","Q460812","25","illustrative_city","source:jp-naruto:master","variant:jp-naruto:md","variant:jp-naruto:lg","entity_verified_rights_unresolved","illustrative","unresolved","https://www.japan.travel/en/destinations/shikoku/tokushima/naruto-area","docs/assets/catalog/japan-destination-entity-evidence.v1.jsonl","exact municipality: Naruto (Q460812); current administrative boundary, not the wider marketing region","Exact name/alias, current geographic type and prefecture chain checked against pinned open-knowledge evidence.","德岛县","wikidata_P625","https://www.wikidata.org/w/index.php?title=Q460812&oldid=2530490805","JNTO_directory","https://www.japan.travel/en/destinations/shikoku/tokushima/naruto-area","exact municipality: Naruto (Q460812); current administrative boundary, not the wider marketing region","","verified"
"jp-iya-valley","JP-A-23","A","shikoku","JP","tokushima","徳島県","Tokushima","region","祖谷溪","祖谷渓","Iya Valley","祖谷渓","Iya Valley; 奥祖谷; 祖谷溪谷; 祖谷谷","33.875","133.835","wikidata","Q3408660","25","illustrative_city","source:jp-iya-valley:master","variant:jp-iya-valley:md","variant:jp-iya-valley:lg","entity_verified_rights_unresolved","illustrative","unresolved","https://www.japan.travel/en/destinations/shikoku/tokushima/iya-valley-area","docs/assets/catalog/japan-destination-entity-evidence.v1.jsonl","named geographic region: Iya Valley (Q3408660); entity footprint only; lake means lake, peninsula means peninsula, archipelago means listed islands","Exact name/alias, current geographic type and prefecture chain checked against pinned open-knowledge evidence.","德岛县","wikidata_P625","https://www.wikidata.org/w/index.php?title=Q3408660&oldid=2468676052","JNTO_directory","https://www.japan.travel/en/destinations/shikoku/tokushima/iya-valley-area","named geographic region: Iya Valley (Q3408660); entity footprint only; lake means lake, peninsula means peninsula, archipelago means listed islands","","verified"
"jp-mima","JP-A-23","A","shikoku","JP","tokushima","徳島県","Tokushima","city","美马市","美馬市","Mima","美馬市","Mima","34.0533","134.1698","wikidata","Q857828","25","illustrative_city","source:jp-mima:master","variant:jp-mima:md","variant:jp-mima:lg","entity_verified_rights_unresolved","illustrative","unresolved","","docs/assets/catalog/japan-destination-entity-evidence.v1.jsonl","exact municipality: Mima (Q857828); current administrative boundary, not the wider marketing region","Exact name/alias, current geographic type and prefecture chain checked against pinned open-knowledge evidence.","德岛县","wikidata_P625","https://www.wikidata.org/w/index.php?title=Q857828&oldid=2530507161","","","exact municipality: Mima (Q857828); current administrative boundary, not the wider marketing region","","verified"
"jp-kotohira","JP-A-24","A","shikoku","JP","kagawa","香川県","Kagawa","town","琴平町","琴平町","Kotohira","琴平町","Kotohira","34.1914","133.8233","wikidata","Q1271483","25","illustrative_city","source:jp-kotohira:master","variant:jp-kotohira:md","variant:jp-kotohira:lg","entity_verified_rights_unresolved","illustrative","unresolved","https://www.japan.travel/en/destinations/shikoku/kagawa/kotohira-area","docs/assets/catalog/japan-destination-entity-evidence.v1.jsonl","exact municipality: Kotohira (Q1271483); current administrative boundary, not the wider marketing region","Exact name/alias, current geographic type and prefecture chain checked against pinned open-knowledge evidence.","香川县","wikidata_P625","https://www.wikidata.org/w/index.php?title=Q1271483&oldid=2530451212","JNTO_directory","https://www.japan.travel/en/destinations/shikoku/kagawa/kotohira-area","exact municipality: Kotohira (Q1271483); current administrative boundary, not the wider marketing region","","verified"
"jp-shodoshima","JP-A-24","A","shikoku","JP","kagawa","香川県","Kagawa","island","小豆岛","小豆島","Shōdo Island","小豆島","Shodoshima; Shōdoshima; Shodo Island; Shōdo-shima; Shodo-shima; Shodo Sima","34.514","134.286","wikidata","Q2166413","25","illustrative_city","source:jp-shodoshima:master","variant:jp-shodoshima:md","variant:jp-shodoshima:lg","entity_verified_rights_unresolved","illustrative","unresolved","","docs/assets/catalog/japan-destination-entity-evidence.v1.jsonl","island-wide: Shōdo Island (Q2166413); this island only, excluding other islands of its municipality","小豆島全域。小豆島町だけでなく島内の複数自治体を含む。","香川县","wikidata_P625","https://www.wikidata.org/w/index.php?title=Q2166413&oldid=2491028939","","","island-wide: Shōdo Island (Q2166413); this island only, excluding other islands of its municipality","","verified"
"jp-marugame","JP-A-24","A","shikoku","JP","kagawa","香川県","Kagawa","city","丸龟市","丸亀市","Marugame","丸亀市","Marugame; 丸龜市; 丸龜町; 丸亀町; 丸龟市; 丸龟","34.2894","133.7976","wikidata","Q460835","25","illustrative_city","source:jp-marugame:master","variant:jp-marugame:md","variant:jp-marugame:lg","entity_verified_rights_unresolved","illustrative","unresolved","","docs/assets/catalog/japan-destination-entity-evidence.v1.jsonl","exact municipality: Marugame (Q460835); current administrative boundary, not the wider marketing region","Exact name/alias, current geographic type and prefecture chain checked against pinned open-knowledge evidence.","香川县","wikidata_P625","https://www.wikidata.org/w/index.php?title=Q460835&oldid=2537796658","","","exact municipality: Marugame (Q460835); current administrative boundary, not the wider marketing region","","verified"
"jp-imabari","JP-A-24","A","shikoku","JP","ehime","愛媛県","Ehime","city","今治市","今治市","Imabari","今治市","Imabari","34.0662","132.9978","wikidata","Q461020","25","illustrative_city","source:jp-imabari:master","variant:jp-imabari:md","variant:jp-imabari:lg","entity_verified_rights_unresolved","illustrative","unresolved","https://www.japan.travel/en/destinations/shikoku/ehime/imabari-and-around","docs/assets/catalog/japan-destination-entity-evidence.v1.jsonl","exact municipality: Imabari (Q461020); current administrative boundary, not the wider marketing region","Exact name/alias, current geographic type and prefecture chain checked against pinned open-knowledge evidence.","爱媛县","wikidata_P625","https://www.wikidata.org/w/index.php?title=Q461020&oldid=2539705600","JNTO_directory","https://www.japan.travel/en/destinations/shikoku/ehime/imabari-and-around","exact municipality: Imabari (Q461020); current administrative boundary, not the wider marketing region","","verified"
"jp-uchiko","JP-A-24","A","shikoku","JP","ehime","愛媛県","Ehime","town","内子町","内子町","Uchiko-chō","内子町","Uchiko","33.5330","132.6583","wikidata","Q1018717","25","illustrative_city","source:jp-uchiko:master","variant:jp-uchiko:md","variant:jp-uchiko:lg","entity_verified_rights_unresolved","illustrative","unresolved","","docs/assets/catalog/japan-destination-entity-evidence.v1.jsonl","exact municipality: Uchiko-chō (Q1018717); current administrative boundary, not the wider marketing region","Exact name/alias, current geographic type and prefecture chain checked against pinned open-knowledge evidence.","爱媛县","wikidata_P625","https://www.wikidata.org/w/index.php?title=Q1018717&oldid=2530442132","","","exact municipality: Uchiko-chō (Q1018717); current administrative boundary, not the wider marketing region","","verified"
"jp-ozu","JP-A-24","A","shikoku","JP","ehime","愛媛県","Ehime","city","大洲市","大洲市","Ōzu-shi","大洲市","Ozu; Ozu City; Ozu-shi; Ōzu; Ōzu City","33.5063","132.5445","wikidata","Q386655","25","illustrative_city","source:jp-ozu:master","variant:jp-ozu:md","variant:jp-ozu:lg","entity_verified_rights_unresolved","illustrative","unresolved","","docs/assets/catalog/japan-destination-entity-evidence.v1.jsonl","exact municipality: Ōzu-shi (Q386655); current administrative boundary, not the wider marketing region","Exact name/alias, current geographic type and prefecture chain checked against pinned open-knowledge evidence.","爱媛县","wikidata_P625","https://www.wikidata.org/w/index.php?title=Q386655&oldid=2538401505","","","exact municipality: Ōzu-shi (Q386655); current administrative boundary, not the wider marketing region","","verified"
"jp-shimanto","JP-A-25","A","shikoku","JP","kochi","高知県","Kochi","city","四万十市","四万十市","Shimanto","四万十市","Shimanto; Simanto","32.9913","132.9337","wikidata","Q166946","25","illustrative_city","source:jp-shimanto:master","variant:jp-shimanto:md","variant:jp-shimanto:lg","entity_verified_rights_unresolved","illustrative","unresolved","https://www.japan.travel/en/destinations/shikoku/kochi/shimanto-area","docs/assets/catalog/japan-destination-entity-evidence.v1.jsonl","exact municipality: Shimanto (Q166946); current administrative boundary, not the wider marketing region","四万十市を採用。同名の四万十町および河川全体とは区別。","高知县","wikidata_P625","https://www.wikidata.org/w/index.php?title=Q166946&oldid=2530458885","JNTO_directory","https://www.japan.travel/en/destinations/shikoku/kochi/shimanto-area","exact municipality: Shimanto (Q166946); current administrative boundary, not the wider marketing region","","verified"
"jp-muroto","JP-A-25","A","shikoku","JP","kochi","高知県","Kochi","city","室户市","室戸市","Muroto","室戸市","Muroto","33.2899","134.1520","wikidata","Q431889","25","illustrative_city","source:jp-muroto:master","variant:jp-muroto:md","variant:jp-muroto:lg","entity_verified_rights_unresolved","illustrative","unresolved","","docs/assets/catalog/japan-destination-entity-evidence.v1.jsonl","exact municipality: Muroto (Q431889); current administrative boundary, not the wider marketing region","Exact name/alias, current geographic type and prefecture chain checked against pinned open-knowledge evidence.","高知县","wikidata_P625","https://www.wikidata.org/w/index.php?title=Q431889&oldid=2530490128","","","exact municipality: Muroto (Q431889); current administrative boundary, not the wider marketing region","","verified"
"jp-tosashimizu","JP-A-25","A","shikoku","JP","kochi","高知県","Kochi","city","土佐清水市","土佐清水市","Tosashimizu","土佐清水市","Tosashimizu","32.7815","132.9549","wikidata","Q573115","25","illustrative_city","source:jp-tosashimizu:master","variant:jp-tosashimizu:md","variant:jp-tosashimizu:lg","entity_verified_rights_unresolved","illustrative","unresolved","","docs/assets/catalog/japan-destination-entity-evidence.v1.jsonl","exact municipality: Tosashimizu (Q573115); current administrative boundary, not the wider marketing region","Exact name/alias, current geographic type and prefecture chain checked against pinned open-knowledge evidence.","高知县","wikidata_P625","https://www.wikidata.org/w/index.php?title=Q573115&oldid=2530496976","","","exact municipality: Tosashimizu (Q573115); current administrative boundary, not the wider marketing region","","verified"
"jp-niyodo-river","JP-A-25","A","shikoku","JP","ehime","愛媛県","Ehime","region","仁淀川","仁淀川","Niyodo River","仁淀川","Niyodo River","","","wikidata","Q9071989","25","illustrative_city","source:jp-niyodo-river:master","variant:jp-niyodo-river:md","variant:jp-niyodo-river:lg","entity_resolution_required","illustrative","unresolved","","docs/assets/catalog/japan-destination-entity-evidence.v1.jsonl","named geographic region: Niyodo River (Q9071989); entity footprint only; lake means lake, peninsula means peninsula, archipelago means listed islands","Exact name/alias, current geographic type and prefecture chain checked against pinned open-knowledge evidence. conflicting_representative_coordinates","爱媛县","","","","","named geographic region: Niyodo River (Q9071989); entity footprint only; lake means lake, peninsula means peninsula, archipelago means listed islands","","unresolved"
"jp-susaki","JP-A-25","A","shikoku","JP","kochi","高知県","Kochi","city","须崎市","須崎市","Susaki","須崎市","Susaki","33.4007","133.2829","wikidata","Q751154","25","illustrative_city","source:jp-susaki:master","variant:jp-susaki:md","variant:jp-susaki:lg","entity_verified_rights_unresolved","illustrative","unresolved","","docs/assets/catalog/japan-destination-entity-evidence.v1.jsonl","exact municipality: Susaki (Q751154); current administrative boundary, not the wider marketing region","Exact name/alias, current geographic type and prefecture chain checked against pinned open-knowledge evidence.","高知县","wikidata_P625","https://www.wikidata.org/w/index.php?title=Q751154&oldid=2530502319","","","exact municipality: Susaki (Q751154); current administrative boundary, not the wider marketing region","","verified"
"jp-aki","JP-A-25","A","shikoku","JP","kochi","高知県","Kochi","city","安艺市","安芸市","Aki","安芸市","Aki; Aki-shi","","","wikidata","Q417825","25","illustrative_city","source:jp-aki:master","variant:jp-aki:md","variant:jp-aki:lg","entity_resolution_required","illustrative","unresolved","","docs/assets/catalog/japan-destination-entity-evidence.v1.jsonl","exact municipality: Aki (Q417825); current administrative boundary, not the wider marketing region","Exact name/alias, current geographic type and prefecture chain checked against pinned open-knowledge evidence. conflicting_representative_coordinates","高知县","","","","","exact municipality: Aki (Q417825); current administrative boundary, not the wider marketing region","","unresolved"
"jp-kitakyushu","JP-A-26","A","kyushu-okinawa","JP","fukuoka","福岡県","Fukuoka","city","北九州市","北九州市","Kitakyūshū","北九州市","Kitakyushu; きたきゅうしゅうし; Kitakyushu City; Kitakyushu-shi; Kitakyūshū City; Kitakyūshū; Kitakyūshū-shi","","","wikidata","Q188806","25","illustrative_city","source:jp-kitakyushu:master","variant:jp-kitakyushu:md","variant:jp-kitakyushu:lg","entity_resolution_required","illustrative","unresolved","https://www.japan.travel/en/destinations/kyushu/fukuoka/kita-kyushu-and-around","docs/assets/catalog/japan-destination-entity-evidence.v1.jsonl","exact municipality: Kitakyūshū (Q188806); current administrative boundary, not the wider marketing region","Exact name/alias, current geographic type and prefecture chain checked against pinned open-knowledge evidence. conflicting_representative_coordinates","福冈县","","","JNTO_directory","https://www.japan.travel/en/destinations/kyushu/fukuoka/kita-kyushu-and-around","exact municipality: Kitakyūshū (Q188806); current administrative boundary, not the wider marketing region","","unresolved"
"jp-mojiko","JP-A-26","A","kyushu-okinawa","JP","fukuoka","福岡県","Fukuoka","other_review_required","门司港懷舊","門司港レトロ","Mojikō Retro","門司港レトロ","Mojiko; 門司港レトロ地区; 門司港懷舊區; 門司港懷舊地區","","","wikidata","Q11654979","25","illustrative_city","source:jp-mojiko:master","variant:jp-mojiko:md","variant:jp-mojiko:lg","entity_resolution_required","illustrative","unresolved","","docs/assets/catalog/japan-destination-entity-evidence.v1.jsonl","","門司港レトロの歴史的ウォーターフロント。駅やホテルを地区中心に流用しない。 type_or_historical_entity missing_Japan_coordinate coverage_scope_not_verified","福冈县","","","","","","jp-kitakyushu","unresolved"
"jp-itoshima","JP-A-26","A","kyushu-okinawa","JP","fukuoka","福岡県","Fukuoka","city","丝岛市","糸島市","Itoshima","糸島市","Itoshima; Itosima","33.5573","130.1955","wikidata","Q1011145","25","illustrative_city","source:jp-itoshima:master","variant:jp-itoshima:md","variant:jp-itoshima:lg","entity_verified_rights_unresolved","illustrative","unresolved","","docs/assets/catalog/japan-destination-entity-evidence.v1.jsonl","exact municipality: Itoshima (Q1011145); current administrative boundary, not the wider marketing region","Exact name/alias, current geographic type and prefecture chain checked against pinned open-knowledge evidence.","福冈县","wikidata_P625","https://www.wikidata.org/w/index.php?title=Q1011145&oldid=2539535235","","","exact municipality: Itoshima (Q1011145); current administrative boundary, not the wider marketing region","","verified"
"jp-yanagawa","JP-A-26","A","kyushu-okinawa","JP","fukuoka","福岡県","Fukuoka","city","柳川市","柳川市","Yanagawa","柳川市","Yanagawa; 柳川町","33.1631","130.4058","wikidata","Q585630","25","illustrative_city","source:jp-yanagawa:master","variant:jp-yanagawa:md","variant:jp-yanagawa:lg","entity_verified_rights_unresolved","illustrative","unresolved","","docs/assets/catalog/japan-destination-entity-evidence.v1.jsonl","exact municipality: Yanagawa (Q585630); current administrative boundary, not the wider marketing region","Exact name/alias, current geographic type and prefecture chain checked against pinned open-knowledge evidence.","福冈县","wikidata_P625","https://www.wikidata.org/w/index.php?title=Q585630&oldid=2530497367","","","exact municipality: Yanagawa (Q585630); current administrative boundary, not the wider marketing region","","verified"
"jp-kurume","JP-A-26","A","kyushu-okinawa","JP","fukuoka","福岡県","Fukuoka","city","久留米市","久留米市","Kurume","久留米市","Kurume; Kurume-shi","33.3192","130.5083","wikidata","Q320934","25","illustrative_city","source:jp-kurume:master","variant:jp-kurume:md","variant:jp-kurume:lg","entity_verified_rights_unresolved","illustrative","unresolved","","docs/assets/catalog/japan-destination-entity-evidence.v1.jsonl","exact municipality: Kurume (Q320934); current administrative boundary, not the wider marketing region","Exact name/alias, current geographic type and prefecture chain checked against pinned open-knowledge evidence.","福冈县","wikidata_P625","https://www.wikidata.org/w/index.php?title=Q320934&oldid=2537832236","","","exact municipality: Kurume (Q320934); current administrative boundary, not the wider marketing region","","verified"
"jp-saga","JP-A-26","A","kyushu-okinawa","JP","saga","佐賀県","Saga","city","佐贺市","佐賀市","Saga","佐賀市","Saga","33.2635","130.3008","wikidata","Q209766","25","illustrative_city","source:jp-saga:master","variant:jp-saga:md","variant:jp-saga:lg","entity_verified_rights_unresolved","illustrative","unresolved","https://www.japan.travel/en/destinations/kyushu/saga/","docs/assets/catalog/japan-destination-entity-evidence.v1.jsonl","exact municipality: Saga (Q209766); current administrative boundary, not the wider marketing region","Exact name/alias, current geographic type and prefecture chain checked against pinned open-knowledge evidence.","佐贺县","wikidata_P625","https://www.wikidata.org/w/index.php?title=Q209766&oldid=2530466325","JNTO_directory","https://www.japan.travel/en/destinations/kyushu/saga/","exact municipality: Saga (Q209766); current administrative boundary, not the wider marketing region","","verified"
"jp-karatsu","JP-A-27","A","kyushu-okinawa","JP","saga","佐賀県","Saga","city","唐津市","唐津市","Karatsu","唐津市","Karatsu; 唐津町","33.4501","129.9683","wikidata","Q738275","25","illustrative_city","source:jp-karatsu:master","variant:jp-karatsu:md","variant:jp-karatsu:lg","entity_verified_rights_unresolved","illustrative","unresolved","https://www.japan.travel/en/destinations/kyushu/saga/karatsu-and-yobuko-area","docs/assets/catalog/japan-destination-entity-evidence.v1.jsonl","exact municipality: Karatsu (Q738275); current administrative boundary, not the wider marketing region","Exact name/alias, current geographic type and prefecture chain checked against pinned open-knowledge evidence.","佐贺县","wikidata_P625","https://www.wikidata.org/w/index.php?title=Q738275&oldid=2538730806","JNTO_directory","https://www.japan.travel/en/destinations/kyushu/saga/karatsu-and-yobuko-area","exact municipality: Karatsu (Q738275); current administrative boundary, not the wider marketing region","","verified"
"jp-arita","JP-A-27","A","kyushu-okinawa","JP","saga","佐賀県","Saga","town","有田町","有田町","Arita","有田町","Arita","33.2106","129.8490","wikidata","Q668427","25","illustrative_city","source:jp-arita:master","variant:jp-arita:md","variant:jp-arita:lg","entity_verified_rights_unresolved","illustrative","unresolved","","docs/assets/catalog/japan-destination-entity-evidence.v1.jsonl","exact municipality: Arita (Q668427); current administrative boundary, not the wider marketing region","Exact name/alias, current geographic type and prefecture chain checked against pinned open-knowledge evidence.","佐贺县","wikidata_P625","https://www.wikidata.org/w/index.php?title=Q668427&oldid=2530499844","","","exact municipality: Arita (Q668427); current administrative boundary, not the wider marketing region","","verified"
"jp-ureshino-onsen","JP-A-27","A","kyushu-okinawa","JP","saga","佐賀県","Saga","hot_spring_area","嬉野温泉","嬉野温泉","Ureshino Onsen","嬉野温泉","Ureshino Onsen","33.0972","129.9850","wikidata","Q11447797","25","illustrative_city","source:jp-ureshino-onsen:master","variant:jp-ureshino-onsen:md","variant:jp-ureshino-onsen:lg","entity_verified_rights_unresolved","illustrative","unresolved","","docs/assets/catalog/japan-destination-entity-evidence.v1.jsonl","named hot-spring district: Ureshino Onsen (Q11447797); named spa cluster only, not its entire municipality","Exact name/alias, current geographic type and prefecture chain checked against pinned open-knowledge evidence.","佐贺县","wikidata_P625","https://www.wikidata.org/w/index.php?title=Q11447797&oldid=2518712071","","","named hot-spring district: Ureshino Onsen (Q11447797); named spa cluster only, not its entire municipality","","verified"
"jp-sasebo","JP-A-27","A","kyushu-okinawa","JP","nagasaki","長崎県","Nagasaki","city","佐世保市","佐世保市","Sasebo","佐世保市","Sasebo; 佐世保村; 佐世保; Sasebo City; Sasebo-shi","33.180","129.715","wikidata","Q328000","25","illustrative_city","source:jp-sasebo:master","variant:jp-sasebo:md","variant:jp-sasebo:lg","entity_verified_rights_unresolved","illustrative","unresolved","","docs/assets/catalog/japan-destination-entity-evidence.v1.jsonl","exact municipality: Sasebo (Q328000); current administrative boundary, not the wider marketing region","Exact name/alias, current geographic type and prefecture chain checked against pinned open-knowledge evidence.","长崎县","wikidata_P625","https://www.wikidata.org/w/index.php?title=Q328000&oldid=2536363224","","","exact municipality: Sasebo (Q328000); current administrative boundary, not the wider marketing region","","verified"
"jp-hirado","JP-A-27","A","kyushu-okinawa","JP","nagasaki","長崎県","Nagasaki","city","平户市","平戸市","Hirado","平戸市","Hirado; 平戸市; Hirado City; Hirado-shi","","","wikidata","Q328601","25","illustrative_city","source:jp-hirado:master","variant:jp-hirado:md","variant:jp-hirado:lg","entity_resolution_required","illustrative","unresolved","","docs/assets/catalog/japan-destination-entity-evidence.v1.jsonl","exact municipality: Hirado (Q328601); current administrative boundary, not the wider marketing region","Exact name/alias, current geographic type and prefecture chain checked against pinned open-knowledge evidence. conflicting_representative_coordinates","长崎县","","","","","exact municipality: Hirado (Q328601); current administrative boundary, not the wider marketing region","","unresolved"
"jp-goto-islands","JP-A-27","A","kyushu-okinawa","JP","nagasaki","長崎県","Nagasaki","region","五岛群岛","五島列島","Gotō Islands","五島列島","Goto Islands; ごとうれっとう","32.9","129.1","wikidata","Q1333790","25","illustrative_city","source:jp-goto-islands:master","variant:jp-goto-islands:md","variant:jp-goto-islands:lg","entity_verified_rights_unresolved","illustrative","unresolved","","docs/assets/catalog/japan-destination-entity-evidence.v1.jsonl","named geographic region: Gotō Islands (Q1333790); entity footprint only; lake means lake, peninsula means peninsula, archipelago means listed islands","Exact name/alias, current geographic type and prefecture chain checked against pinned open-knowledge evidence.","长崎县","wikidata_P625","https://www.wikidata.org/w/index.php?title=Q1333790&oldid=2466994066","","","named geographic region: Gotō Islands (Q1333790); entity footprint only; lake means lake, peninsula means peninsula, archipelago means listed islands","","verified"
"jp-shimabara","JP-A-28","A","kyushu-okinawa","JP","nagasaki","長崎県","Nagasaki","city","岛原市","島原市","Shimabara","島原市","Shimabara; Simabara","32.7881","130.3702","wikidata","Q847594","25","illustrative_city","source:jp-shimabara:master","variant:jp-shimabara:md","variant:jp-shimabara:lg","entity_verified_rights_unresolved","illustrative","unresolved","","docs/assets/catalog/japan-destination-entity-evidence.v1.jsonl","exact municipality: Shimabara (Q847594); current administrative boundary, not the wider marketing region","Exact name/alias, current geographic type and prefecture chain checked against pinned open-knowledge evidence.","长崎县","wikidata_P625","https://www.wikidata.org/w/index.php?title=Q847594&oldid=2530506358","","","exact municipality: Shimabara (Q847594); current administrative boundary, not the wider marketing region","","verified"
"jp-kurokawa-onsen","JP-A-28","A","kyushu-okinawa","JP","kumamoto","熊本県","Kumamoto","hot_spring_area","黑川温泉","黒川温泉","Kurokawa Onsen","黒川温泉","Kurokawa Onsen","33.0784","131.1413","wikidata","Q11678251","25","illustrative_city","source:jp-kurokawa-onsen:master","variant:jp-kurokawa-onsen:md","variant:jp-kurokawa-onsen:lg","entity_verified_rights_unresolved","illustrative","unresolved","","docs/assets/catalog/japan-destination-entity-evidence.v1.jsonl","named hot-spring district: Kurokawa Onsen (Q11678251); named spa cluster only, not its entire municipality","Exact name/alias, current geographic type and prefecture chain checked against pinned open-knowledge evidence.","熊本县","wikidata_P625","https://www.wikidata.org/w/index.php?title=Q11678251&oldid=2405884659","","","named hot-spring district: Kurokawa Onsen (Q11678251); named spa cluster only, not its entire municipality","","verified"
"jp-amakusa","JP-A-28","A","kyushu-okinawa","JP","kumamoto","熊本県","Kumamoto","city","天草市","天草市","Amakusa","天草市","Amakusa","32.4587","130.1930","wikidata","Q452634","25","illustrative_city","source:jp-amakusa:master","variant:jp-amakusa:md","variant:jp-amakusa:lg","entity_verified_rights_unresolved","illustrative","unresolved","https://www.japan.travel/en/destinations/kyushu/kumamoto/amakusa","docs/assets/catalog/japan-destination-entity-evidence.v1.jsonl","exact municipality: Amakusa (Q452634); current administrative boundary, not the wider marketing region","Exact name/alias, current geographic type and prefecture chain checked against pinned open-knowledge evidence.","熊本县","wikidata_P625","https://www.wikidata.org/w/index.php?title=Q452634&oldid=2530490629","JNTO_directory","https://www.japan.travel/en/destinations/kyushu/kumamoto/amakusa","exact municipality: Amakusa (Q452634); current administrative boundary, not the wider marketing region","","verified"
"jp-hitoyoshi","JP-A-28","A","kyushu-okinawa","JP","kumamoto","熊本県","Kumamoto","city","人吉市","人吉市","Hitoyoshi","人吉市","Hitoyoshi","32.2100","130.7625","wikidata","Q861292","25","illustrative_city","source:jp-hitoyoshi:master","variant:jp-hitoyoshi:md","variant:jp-hitoyoshi:lg","entity_verified_rights_unresolved","illustrative","unresolved","https://www.japan.travel/en/destinations/kyushu/kumamoto/hitoyoshi","docs/assets/catalog/japan-destination-entity-evidence.v1.jsonl","exact municipality: Hitoyoshi (Q861292); current administrative boundary, not the wider marketing region","Exact name/alias, current geographic type and prefecture chain checked against pinned open-knowledge evidence.","熊本县","wikidata_P625","https://www.wikidata.org/w/index.php?title=Q861292&oldid=2530507309","JNTO_directory","https://www.japan.travel/en/destinations/kyushu/kumamoto/hitoyoshi","exact municipality: Hitoyoshi (Q861292); current administrative boundary, not the wider marketing region","","verified"
"jp-kunisaki","JP-A-28","A","kyushu-okinawa","JP","oita","大分県","Oita","city","国东市","国東市","Kunisaki","国東市","Kunisaki","33.563","131.732","wikidata","Q873572","25","illustrative_city","source:jp-kunisaki:master","variant:jp-kunisaki:md","variant:jp-kunisaki:lg","entity_verified_rights_unresolved","illustrative","unresolved","","docs/assets/catalog/japan-destination-entity-evidence.v1.jsonl","exact municipality: Kunisaki (Q873572); current administrative boundary, not the wider marketing region","Exact name/alias, current geographic type and prefecture chain checked against pinned open-knowledge evidence.","大分县","wikidata_P625","https://www.wikidata.org/w/index.php?title=Q873572&oldid=2530507715","","","exact municipality: Kunisaki (Q873572); current administrative boundary, not the wider marketing region","","verified"
"jp-hita","JP-A-28","A","kyushu-okinawa","JP","oita","大分県","Oita","city","日田市","日田市","Hita","日田市","Hita","33.3213","130.9411","wikidata","Q386968","25","illustrative_city","source:jp-hita:master","variant:jp-hita:md","variant:jp-hita:lg","entity_verified_rights_unresolved","illustrative","unresolved","","docs/assets/catalog/japan-destination-entity-evidence.v1.jsonl","exact municipality: Hita (Q386968); current administrative boundary, not the wider marketing region","Exact name/alias, current geographic type and prefecture chain checked against pinned open-knowledge evidence.","大分县","wikidata_P625","https://www.wikidata.org/w/index.php?title=Q386968&oldid=2530488221","","","exact municipality: Hita (Q386968); current administrative boundary, not the wider marketing region","","verified"
"jp-usuki","JP-A-29","A","kyushu-okinawa","JP","oita","大分県","Oita","city","臼杵市","臼杵市","Usuki","臼杵市","Usuki","33.1261","131.8053","wikidata","Q845792","25","illustrative_city","source:jp-usuki:master","variant:jp-usuki:md","variant:jp-usuki:lg","entity_verified_rights_unresolved","illustrative","unresolved","","docs/assets/catalog/japan-destination-entity-evidence.v1.jsonl","exact municipality: Usuki (Q845792); current administrative boundary, not the wider marketing region","Exact name/alias, current geographic type and prefecture chain checked against pinned open-knowledge evidence.","大分县","wikidata_P625","https://www.wikidata.org/w/index.php?title=Q845792&oldid=2530506212","","","exact municipality: Usuki (Q845792); current administrative boundary, not the wider marketing region","","verified"
"jp-miyazaki","JP-A-29","A","kyushu-okinawa","JP","miyazaki","宮崎県","Miyazaki","city","宫崎市","宮崎市","Miyazaki","宮崎市","Miyazaki; 宮崎町","31.9077","131.4202","wikidata","Q204308","25","illustrative_city","source:jp-miyazaki:master","variant:jp-miyazaki:md","variant:jp-miyazaki:lg","entity_verified_rights_unresolved","illustrative","unresolved","https://www.japan.travel/en/destinations/kyushu/miyazaki/","docs/assets/catalog/japan-destination-entity-evidence.v1.jsonl","exact municipality: Miyazaki (Q204308); current administrative boundary, not the wider marketing region","Exact name/alias, current geographic type and prefecture chain checked against pinned open-knowledge evidence.","宫崎县","wikidata_P625","https://www.wikidata.org/w/index.php?title=Q204308&oldid=2530465171","JNTO_directory","https://www.japan.travel/en/destinations/kyushu/miyazaki/","exact municipality: Miyazaki (Q204308); current administrative boundary, not the wider marketing region","","verified"
"jp-aoshima","JP-A-29","A","kyushu-okinawa","JP","miyazaki","宮崎県","Miyazaki","island","青岛","青島","Aoshima","青島","Aoshima","31.805","131.476","wikidata","Q4778779","25","illustrative_city","source:jp-aoshima:master","variant:jp-aoshima:md","variant:jp-aoshima:lg","entity_verified_rights_unresolved","illustrative","unresolved","","docs/assets/catalog/japan-destination-entity-evidence.v1.jsonl","island-wide: Aoshima (Q4778779); this island only, excluding other islands of its municipality","Exact name/alias, current geographic type and prefecture chain checked against pinned open-knowledge evidence.","宫崎县","wikidata_P625","https://www.wikidata.org/w/index.php?title=Q4778779&oldid=2477742894","","","island-wide: Aoshima (Q4778779); this island only, excluding other islands of its municipality","jp-miyazaki","verified"
"jp-nichinan","JP-A-29","A","kyushu-okinawa","JP","miyazaki","宮崎県","Miyazaki","city","日南市","日南市","Nichinan","日南市","Nichinan; Nitinan; Nichinan-shi","","","wikidata","Q860669","25","illustrative_city","source:jp-nichinan:master","variant:jp-nichinan:md","variant:jp-nichinan:lg","entity_resolution_required","illustrative","unresolved","https://www.japan.travel/en/destinations/kyushu/miyazaki/nichinan","docs/assets/catalog/japan-destination-entity-evidence.v1.jsonl","exact municipality: Nichinan (Q860669); current administrative boundary, not the wider marketing region","Exact name/alias, current geographic type and prefecture chain checked against pinned open-knowledge evidence. conflicting_representative_coordinates","宫崎县","","","JNTO_directory","https://www.japan.travel/en/destinations/kyushu/miyazaki/nichinan","exact municipality: Nichinan (Q860669); current administrative boundary, not the wider marketing region","","unresolved"
"jp-kirishima","JP-A-29","A","kyushu-okinawa","JP","kagoshima","鹿児島県","Kagoshima","city","雾岛市","霧島市","Kirishima","霧島市","Kirishima","31.7410","130.7632","wikidata","Q858352","25","illustrative_city","source:jp-kirishima:master","variant:jp-kirishima:md","variant:jp-kirishima:lg","entity_verified_rights_unresolved","illustrative","unresolved","https://www.japan.travel/en/destinations/kyushu/kagoshima/kirishima","docs/assets/catalog/japan-destination-entity-evidence.v1.jsonl","exact municipality: Kirishima (Q858352); current administrative boundary, not the wider marketing region","Exact name/alias, current geographic type and prefecture chain checked against pinned open-knowledge evidence.","鹿儿岛县","wikidata_P625","https://www.wikidata.org/w/index.php?title=Q858352&oldid=2538731559","JNTO_directory","https://www.japan.travel/en/destinations/kyushu/kagoshima/kirishima","exact municipality: Kirishima (Q858352); current administrative boundary, not the wider marketing region","","verified"
"jp-ibusuki","JP-A-29","A","kyushu-okinawa","JP","kagoshima","鹿児島県","Kagoshima","city","指宿市","指宿市","Ibusuki","指宿市","Ibusuki; 指宿村; 指宿町","31.253","130.633","wikidata","Q19712","25","illustrative_city","source:jp-ibusuki:master","variant:jp-ibusuki:md","variant:jp-ibusuki:lg","entity_verified_rights_unresolved","illustrative","unresolved","https://www.japan.travel/en/destinations/kyushu/kagoshima/ibusuki-and-around","docs/assets/catalog/japan-destination-entity-evidence.v1.jsonl","exact municipality: Ibusuki (Q19712); current administrative boundary, not the wider marketing region","Exact name/alias, current geographic type and prefecture chain checked against pinned open-knowledge evidence.","鹿儿岛县","wikidata_P625","https://www.wikidata.org/w/index.php?title=Q19712&oldid=2530464083","JNTO_directory","https://www.japan.travel/en/destinations/kyushu/kagoshima/ibusuki-and-around","exact municipality: Ibusuki (Q19712); current administrative boundary, not the wider marketing region","","verified"
"jp-amami-oshima","JP-A-30","A","kyushu-okinawa","JP","kagoshima","鹿児島県","Kagoshima","island","奄美大岛","奄美大島","Amami Ōshima","奄美大島","Amami Oshima; 大島; あまみおおしま; Amami-Ōshima; Amami-Oshima","28.283","129.367","wikidata","Q697278","25","illustrative_city","source:jp-amami-oshima:master","variant:jp-amami-oshima:md","variant:jp-amami-oshima:lg","entity_verified_rights_unresolved","illustrative","unresolved","https://www.japan.travel/en/destinations/kyushu/kagoshima/amami-oshima-and-nearby-islands/","docs/assets/catalog/japan-destination-entity-evidence.v1.jsonl","island-wide: Amami Ōshima (Q697278); this island only, excluding other islands of its municipality","Exact name/alias, current geographic type and prefecture chain checked against pinned open-knowledge evidence.","鹿儿岛县","wikidata_P625","https://www.wikidata.org/w/index.php?title=Q697278&oldid=2491544875","JNTO_directory","https://www.japan.travel/en/destinations/kyushu/kagoshima/amami-oshima-and-nearby-islands/","island-wide: Amami Ōshima (Q697278); this island only, excluding other islands of its municipality","","verified"
"jp-tokunoshima","JP-A-30","A","kyushu-okinawa","JP","kagoshima","鹿児島県","Kagoshima","town","德之岛町","徳之島町","Tokunoshima","徳之島町","Tokunoshima","27.7266","129.0187","wikidata","Q1350985","25","illustrative_city","source:jp-tokunoshima:master","variant:jp-tokunoshima:md","variant:jp-tokunoshima:lg","entity_resolution_required","illustrative","unresolved","","docs/assets/catalog/japan-destination-entity-evidence.v1.jsonl","exact municipality: Tokunoshima (Q1350985); current administrative boundary, not the wider marketing region","Exact name/alias, current geographic type and prefecture chain checked against pinned open-knowledge evidence. 种子指岛或同名町的边界尚待明确，不以町代替整岛。 manual_review_hold","鹿儿岛县","wikidata_P625","https://www.wikidata.org/w/index.php?title=Q1350985&oldid=2530453398","","","exact municipality: Tokunoshima (Q1350985); current administrative boundary, not the wider marketing region","","unresolved"
"jp-miyakojima","JP-A-30","A","kyushu-okinawa","JP","okinawa","沖縄県","Okinawa","city","宫古岛市","宮古島市","Miyakojima","宮古島市","Miyakojima","24.7901","125.2949","wikidata","Q714636","25","illustrative_city","source:jp-miyakojima:master","variant:jp-miyakojima:md","variant:jp-miyakojima:lg","entity_resolution_required","illustrative","unresolved","","docs/assets/catalog/japan-destination-entity-evidence.v1.jsonl","exact municipality: Miyakojima (Q714636); current administrative boundary, not the wider marketing region","Exact name/alias, current geographic type and prefecture chain checked against pinned open-knowledge evidence. 宫古岛本岛与宫古岛市范围不同，需明确是否包含周边岛屿。 manual_review_hold","冲绳县","wikidata_P625","https://www.wikidata.org/w/index.php?title=Q714636&oldid=2530500988","","","exact municipality: Miyakojima (Q714636); current administrative boundary, not the wider marketing region","","unresolved"
"jp-taketomi","JP-A-30","A","kyushu-okinawa","JP","okinawa","沖縄県","Okinawa","town","竹富町","竹富町","Taketomi","竹富町","Taketomi; 竹富村","24.3397","124.1544","wikidata","Q699764","25","illustrative_city","source:jp-taketomi:master","variant:jp-taketomi:md","variant:jp-taketomi:lg","entity_resolution_required","illustrative","unresolved","","docs/assets/catalog/japan-destination-entity-evidence.v1.jsonl","exact municipality: Taketomi (Q699764); current administrative boundary, not the wider marketing region","Exact name/alias, current geographic type and prefecture chain checked against pinned open-knowledge evidence. 竹富町与竹富岛覆盖范围不同，需旅游目录证据明确。 manual_review_hold","冲绳县","wikidata_P625","https://www.wikidata.org/w/index.php?title=Q699764&oldid=2530500848","","","exact municipality: Taketomi (Q699764); current administrative boundary, not the wider marketing region","","unresolved"
"jp-zamami","JP-A-30","A","kyushu-okinawa","JP","okinawa","沖縄県","Okinawa","village","座間味村","座間味村","Zamami","座間味村","Zamami","26.2289","127.3032","wikidata","Q145373","25","illustrative_city","source:jp-zamami:master","variant:jp-zamami:md","variant:jp-zamami:lg","entity_verified_rights_unresolved","illustrative","unresolved","","docs/assets/catalog/japan-destination-entity-evidence.v1.jsonl","exact municipality: Zamami (Q145373); current administrative boundary, not the wider marketing region","Exact name/alias, current geographic type and prefecture chain checked against pinned open-knowledge evidence.","冲绳县","wikidata_P625","https://www.wikidata.org/w/index.php?title=Q145373&oldid=2530137703","","","exact municipality: Zamami (Q145373); current administrative boundary, not the wider marketing region","","verified"
"jp-yomitan","JP-A-30","A","kyushu-okinawa","JP","okinawa","沖縄県","Okinawa","village","读谷村","読谷村","Yomitan","読谷村","Yomitan; 読谷山村; 读谷村; Yuntanza","26.3961","127.7444","wikidata","Q973994","25","illustrative_city","source:jp-yomitan:master","variant:jp-yomitan:md","variant:jp-yomitan:lg","entity_verified_rights_unresolved","illustrative","unresolved","","docs/assets/catalog/japan-destination-entity-evidence.v1.jsonl","exact municipality: Yomitan (Q973994); current administrative boundary, not the wider marketing region","Exact name/alias, current geographic type and prefecture chain checked against pinned open-knowledge evidence.","冲绳县","wikidata_P625","https://www.wikidata.org/w/index.php?title=Q973994&oldid=2530155414","","","exact municipality: Yomitan (Q973994); current administrative boundary, not the wider marketing region","","verified"
