"destination_id","alias","canonical_name","provider_entity_id","source_url","status"
"jp-tokyo","Tokyo","東京都","Q1490","https://www.wikidata.org/w/index.php?title=Q1490&oldid=undefined","verified"
"jp-tokyo","東京","東京都","Q1490","https://www.wikidata.org/w/index.php?title=Q1490&oldid=undefined","verified"
"jp-tokyo","东京","東京都","Q1490","https://www.wikidata.org/w/index.php?title=Q1490&oldid=undefined","verified"
"jp-tokyo","东京都","東京都","Q1490","https://www.wikidata.org/w/index.php?title=Q1490&oldid=undefined","verified"
"jp-tokyo","日本东京","東京都","Q1490","https://www.wikidata.org/w/index.php?title=Q1490&oldid=undefined","verified"
"jp-tokyo","日本東京","東京都","Q1490","https://www.wikidata.org/w/index.php?title=Q1490&oldid=undefined","verified"
"jp-tokyo","Tôkyô","東京都","Q1490","https://www.wikidata.org/w/index.php?title=Q1490&oldid=undefined","verified"
"jp-tokyo","Tokyo-to","東京都","Q1490","https://www.wikidata.org/w/index.php?title=Q1490&oldid=undefined","verified"
"jp-tokyo","Tokyo Metropolitan prefecture","東京都","Q1490","https://www.wikidata.org/w/index.php?title=Q1490&oldid=undefined","verified"
"jp-tokyo","Tōkyō-to","東京都","Q1490","https://www.wikidata.org/w/index.php?title=Q1490&oldid=undefined","verified"
"jp-tokyo","Tôkyô-to","東京都","Q1490","https://www.wikidata.org/w/index.php?title=Q1490&oldid=undefined","verified"
"jp-tokyo","Tokyo Metropolis","東京都","Q1490","https://www.wikidata.org/w/index.php?title=Q1490&oldid=undefined","verified"
"jp-tokyo","Tokio","東京都","Q1490","https://www.wikidata.org/w/index.php?title=Q1490&oldid=undefined","verified"
"jp-tokyo","Tokyo Prefecture","東京都","Q1490","https://www.wikidata.org/w/index.php?title=Q1490&oldid=undefined","verified"
"jp-tokyo","Tokyo, Japan","東京都","Q1490","https://www.wikidata.org/w/index.php?title=Q1490&oldid=undefined","verified"
"jp-tokyo","Tokei","東京都","Q1490","https://www.wikidata.org/w/index.php?title=Q1490&oldid=undefined","verified"
"jp-tokyo","Tokyo (Japan)","東京都","Q1490","https://www.wikidata.org/w/index.php?title=Q1490&oldid=undefined","verified"
"jp-tokyo","Edo","東京都","Q1490","https://www.wikidata.org/w/index.php?title=Q1490&oldid=undefined","verified"
"jp-tokyo","Jedo","東京都","Q1490","https://www.wikidata.org/w/index.php?title=Q1490&oldid=undefined","verified"
"jp-tokyo","Yedo","東京都","Q1490","https://www.wikidata.org/w/index.php?title=Q1490&oldid=undefined","verified"
"jp-kyoto","Kyoto","京都市","Q34600","https://www.wikidata.org/w/index.php?title=Q34600&oldid=undefined","verified"
"jp-kyoto","京都","京都市","Q34600","https://www.wikidata.org/w/index.php?title=Q34600&oldid=undefined","verified"
"jp-kyoto","千年の都","京都市","Q34600","https://www.wikidata.org/w/index.php?title=Q34600&oldid=undefined","verified"
"jp-kyoto","古都","京都市","Q34600","https://www.wikidata.org/w/index.php?title=Q34600&oldid=undefined","verified"
"jp-kyoto","京","京都市","Q34600","https://www.wikidata.org/w/index.php?title=Q34600&oldid=undefined","verified"
"jp-kyoto","京の都","京都市","Q34600","https://www.wikidata.org/w/index.php?title=Q34600&oldid=undefined","verified"
"jp-kyoto","千年余りの都","京都市","Q34600","https://www.wikidata.org/w/index.php?title=Q34600&oldid=undefined","verified"
"jp-kyoto","洛中","京都市","Q34600","https://www.wikidata.org/w/index.php?title=Q34600&oldid=undefined","verified"
"jp-kyoto","上方","京都市","Q34600","https://www.wikidata.org/w/index.php?title=Q34600&oldid=undefined","verified"
"jp-kyoto","Kyoto City","京都市","Q34600","https://www.wikidata.org/w/index.php?title=Q34600&oldid=undefined","verified"
"jp-kyoto","Meacum","京都市","Q34600","https://www.wikidata.org/w/index.php?title=Q34600&oldid=undefined","verified"
"jp-kyoto","Meako","京都市","Q34600","https://www.wikidata.org/w/index.php?title=Q34600&oldid=undefined","verified"
"jp-osaka","Osaka","大阪市","Q35765","https://www.wikidata.org/w/index.php?title=Q35765&oldid=undefined","verified"
"jp-osaka","水の都","大阪市","Q35765","https://www.wikidata.org/w/index.php?title=Q35765&oldid=undefined","verified"
"jp-osaka","天下の台所","大阪市","Q35765","https://www.wikidata.org/w/index.php?title=Q35765&oldid=undefined","verified"
"jp-osaka","東洋のマンチェスター","大阪市","Q35765","https://www.wikidata.org/w/index.php?title=Q35765&oldid=undefined","verified"
"jp-osaka","煙の都","大阪市","Q35765","https://www.wikidata.org/w/index.php?title=Q35765&oldid=undefined","verified"
"jp-osaka","八百八橋","大阪市","Q35765","https://www.wikidata.org/w/index.php?title=Q35765&oldid=undefined","verified"
"jp-osaka","大大阪","大阪市","Q35765","https://www.wikidata.org/w/index.php?title=Q35765&oldid=undefined","verified"
"jp-osaka","おおさかし","大阪市","Q35765","https://www.wikidata.org/w/index.php?title=Q35765&oldid=undefined","verified"
"jp-osaka","大阪","大阪市","Q35765","https://www.wikidata.org/w/index.php?title=Q35765&oldid=undefined","verified"
"jp-osaka","大坂","大阪市","Q35765","https://www.wikidata.org/w/index.php?title=Q35765&oldid=undefined","verified"
"jp-osaka","Osaka City","大阪市","Q35765","https://www.wikidata.org/w/index.php?title=Q35765&oldid=undefined","verified"
"jp-osaka","Ōsaka City","大阪市","Q35765","https://www.wikidata.org/w/index.php?title=Q35765&oldid=undefined","verified"
"jp-sapporo","Sapporo","札幌市","Q37951","https://www.wikidata.org/w/index.php?title=Q37951&oldid=undefined","verified"
"jp-sapporo","札幌区","札幌市","Q37951","https://www.wikidata.org/w/index.php?title=Q37951&oldid=undefined","verified"
"jp-sapporo","道都","札幌市","Q37951","https://www.wikidata.org/w/index.php?title=Q37951&oldid=undefined","verified"
"jp-sapporo","サツホロ","札幌市","Q37951","https://www.wikidata.org/w/index.php?title=Q37951&oldid=undefined","verified"
"jp-sapporo","シヤツホロ","札幌市","Q37951","https://www.wikidata.org/w/index.php?title=Q37951&oldid=undefined","verified"
"jp-sapporo","札幌","札幌市","Q37951","https://www.wikidata.org/w/index.php?title=Q37951&oldid=undefined","verified"
"jp-sapporo","サッ・ポロ・ペッ","札幌市","Q37951","https://www.wikidata.org/w/index.php?title=Q37951&oldid=undefined","verified"
"jp-sapporo","札幌區","札幌市","Q37951","https://www.wikidata.org/w/index.php?title=Q37951&oldid=undefined","verified"
"jp-sapporo","sat poro pet","札幌市","Q37951","https://www.wikidata.org/w/index.php?title=Q37951&oldid=undefined","verified"
"jp-fukuoka","Fukuoka","福岡市","Q26600","https://www.wikidata.org/w/index.php?title=Q26600&oldid=undefined","verified"
"jp-fukuoka","福岡区","福岡市","Q26600","https://www.wikidata.org/w/index.php?title=Q26600&oldid=undefined","verified"
"jp-fukuoka","福冈市","福岡市","Q26600","https://www.wikidata.org/w/index.php?title=Q26600&oldid=undefined","verified"
"jp-fukuoka","Fukuoka City","福岡市","Q26600","https://www.wikidata.org/w/index.php?title=Q26600&oldid=undefined","verified"
"jp-yokohama","Yokohama","横浜市","Q38283","https://www.wikidata.org/w/index.php?title=Q38283&oldid=undefined","verified"
"jp-yokohama","横濱","横浜市","Q38283","https://www.wikidata.org/w/index.php?title=Q38283&oldid=undefined","verified"
"jp-yokohama","横濱市","横浜市","Q38283","https://www.wikidata.org/w/index.php?title=Q38283&oldid=undefined","verified"
"jp-yokohama","横滨市","横浜市","Q38283","https://www.wikidata.org/w/index.php?title=Q38283&oldid=undefined","verified"
"jp-yokohama","横浜市","横浜市","Q38283","https://www.wikidata.org/w/index.php?title=Q38283&oldid=undefined","verified"
"jp-yokohama","橫濱","横浜市","Q38283","https://www.wikidata.org/w/index.php?title=Q38283&oldid=undefined","verified"
"jp-yokohama","横滨","横浜市","Q38283","https://www.wikidata.org/w/index.php?title=Q38283&oldid=undefined","verified"
"jp-yokohama","Yokohama City","横浜市","Q38283","https://www.wikidata.org/w/index.php?title=Q38283&oldid=undefined","verified"
"jp-hakone","Hakone","箱根町","Q671040","https://www.wikidata.org/w/index.php?title=Q671040&oldid=undefined","verified"
"jp-hakone","箱根駅","箱根町","Q671040","https://www.wikidata.org/w/index.php?title=Q671040&oldid=undefined","verified"
"jp-kamakura","Kamakura","鎌倉市","Q200267","https://www.wikidata.org/w/index.php?title=Q200267&oldid=undefined","verified"
"jp-kamakura","鎌倉市","鎌倉市","Q200267","https://www.wikidata.org/w/index.php?title=Q200267&oldid=undefined","verified"
"jp-nara","Nara","奈良市","Q169134","https://www.wikidata.org/w/index.php?title=Q169134&oldid=undefined","verified"
"jp-nara","那羅","奈良市","Q169134","https://www.wikidata.org/w/index.php?title=Q169134&oldid=undefined","verified"
"jp-nara","寧楽","奈良市","Q169134","https://www.wikidata.org/w/index.php?title=Q169134&oldid=undefined","verified"
"jp-nara","平城","奈良市","Q169134","https://www.wikidata.org/w/index.php?title=Q169134&oldid=undefined","verified"
"jp-nara","南都","奈良市","Q169134","https://www.wikidata.org/w/index.php?title=Q169134&oldid=undefined","verified"
"jp-kobe","Kobe","神戸市","Q48320","https://www.wikidata.org/w/index.php?title=Q48320&oldid=undefined","verified"
"jp-kobe","こうべし","神戸市","Q48320","https://www.wikidata.org/w/index.php?title=Q48320&oldid=undefined","verified"
"jp-kobe","神戸市","神戸市","Q48320","https://www.wikidata.org/w/index.php?title=Q48320&oldid=undefined","verified"
"jp-kobe","神户市","神戸市","Q48320","https://www.wikidata.org/w/index.php?title=Q48320&oldid=undefined","verified"
"jp-kobe","神戸","神戸市","Q48320","https://www.wikidata.org/w/index.php?title=Q48320&oldid=undefined","verified"
"jp-kobe","神户","神戸市","Q48320","https://www.wikidata.org/w/index.php?title=Q48320&oldid=undefined","verified"
"jp-kobe","神戶","神戸市","Q48320","https://www.wikidata.org/w/index.php?title=Q48320&oldid=undefined","verified"
"jp-kobe","Kobe City","神戸市","Q48320","https://www.wikidata.org/w/index.php?title=Q48320&oldid=undefined","verified"
"jp-kobe","Kobe-shi","神戸市","Q48320","https://www.wikidata.org/w/index.php?title=Q48320&oldid=undefined","verified"
"jp-kobe","Kōbe-shi","神戸市","Q48320","https://www.wikidata.org/w/index.php?title=Q48320&oldid=undefined","verified"
"jp-kobe","Kōbe","神戸市","Q48320","https://www.wikidata.org/w/index.php?title=Q48320&oldid=undefined","verified"
"jp-kobe","Koube-shi","神戸市","Q48320","https://www.wikidata.org/w/index.php?title=Q48320&oldid=undefined","verified"
"jp-kobe","Koube","神戸市","Q48320","https://www.wikidata.org/w/index.php?title=Q48320&oldid=undefined","verified"
"jp-hiroshima","Hiroshima","広島市","Q34664","https://www.wikidata.org/w/index.php?title=Q34664&oldid=undefined","verified"
"jp-hiroshima","廣島市","広島市","Q34664","https://www.wikidata.org/w/index.php?title=Q34664&oldid=undefined","verified"
"jp-hiroshima","広島区","広島市","Q34664","https://www.wikidata.org/w/index.php?title=Q34664&oldid=undefined","verified"
"jp-hiroshima","廣嶋","広島市","Q34664","https://www.wikidata.org/w/index.php?title=Q34664&oldid=undefined","verified"
"jp-hiroshima","Hiroshima City","広島市","Q34664","https://www.wikidata.org/w/index.php?title=Q34664&oldid=undefined","verified"
"jp-hiroshima","City of Hiroshima","広島市","Q34664","https://www.wikidata.org/w/index.php?title=Q34664&oldid=undefined","verified"
"jp-miyajima","Miyajima","厳島","Q875301","https://www.wikidata.org/w/index.php?title=Q875301&oldid=undefined","unresolved"
"jp-miyajima","安芸の宮島","厳島","Q875301","https://www.wikidata.org/w/index.php?title=Q875301&oldid=undefined","unresolved"
"jp-miyajima","伊都岐島","厳島","Q875301","https://www.wikidata.org/w/index.php?title=Q875301&oldid=undefined","unresolved"
"jp-miyajima","宮島","厳島","Q875301","https://www.wikidata.org/w/index.php?title=Q875301&oldid=undefined","unresolved"
"jp-miyajima","安藝之宮島","厳島","Q875301","https://www.wikidata.org/w/index.php?title=Q875301&oldid=undefined","unresolved"
"jp-miyajima","宫岛","厳島","Q875301","https://www.wikidata.org/w/index.php?title=Q875301&oldid=undefined","unresolved"
"jp-miyajima","安藝宮島","厳島","Q875301","https://www.wikidata.org/w/index.php?title=Q875301&oldid=undefined","unresolved"
"jp-nagoya","Nagoya","名古屋市","Q11751","https://www.wikidata.org/w/index.php?title=Q11751&oldid=undefined","verified"
"jp-nagoya","名古屋","名古屋市","Q11751","https://www.wikidata.org/w/index.php?title=Q11751&oldid=undefined","verified"
"jp-nagoya","中京","名古屋市","Q11751","https://www.wikidata.org/w/index.php?title=Q11751&oldid=undefined","verified"
"jp-nagoya","Nagoya-shi","名古屋市","Q11751","https://www.wikidata.org/w/index.php?title=Q11751&oldid=undefined","verified"
"jp-nagoya","Nagoya City","名古屋市","Q11751","https://www.wikidata.org/w/index.php?title=Q11751&oldid=undefined","verified"
"jp-kanazawa","Kanazawa","金沢市","Q191130","https://www.wikidata.org/w/index.php?title=Q191130&oldid=undefined","verified"
"jp-kanazawa","金沢区","金沢市","Q191130","https://www.wikidata.org/w/index.php?title=Q191130&oldid=undefined","verified"
"jp-kanazawa","金澤市","金沢市","Q191130","https://www.wikidata.org/w/index.php?title=Q191130&oldid=undefined","verified"
"jp-kanazawa","金泽市","金沢市","Q191130","https://www.wikidata.org/w/index.php?title=Q191130&oldid=undefined","verified"
"jp-kanazawa","金澤區","金沢市","Q191130","https://www.wikidata.org/w/index.php?title=Q191130&oldid=undefined","verified"
"jp-takayama","Takayama","高山市","Q622594","https://www.wikidata.org/w/index.php?title=Q622594&oldid=undefined","verified"
"jp-takayama","飛騨高山","高山市","Q622594","https://www.wikidata.org/w/index.php?title=Q622594&oldid=undefined","verified"
"jp-takayama","飛驒高山","高山市","Q622594","https://www.wikidata.org/w/index.php?title=Q622594&oldid=undefined","verified"
"jp-takayama","Hida-Takayama","高山市","Q622594","https://www.wikidata.org/w/index.php?title=Q622594&oldid=undefined","verified"
"jp-shirakawa-go","Shirakawa-go","白川郷","Q1002193","https://www.wikidata.org/w/index.php?title=Q1002193&oldid=undefined","unresolved"
"jp-shirakawa-go","Shirakawagō","白川郷","Q1002193","https://www.wikidata.org/w/index.php?title=Q1002193&oldid=undefined","unresolved"
"jp-shirakawa-go","Shirakawago","白川郷","Q1002193","https://www.wikidata.org/w/index.php?title=Q1002193&oldid=undefined","unresolved"
"jp-shirakawa-go","Shirakawagou","白川郷","Q1002193","https://www.wikidata.org/w/index.php?title=Q1002193&oldid=undefined","unresolved"
"jp-nikko","Nikko","日光市","Q235753","https://www.wikidata.org/w/index.php?title=Q235753&oldid=undefined","verified"
"jp-nikko","日光町","日光市","Q235753","https://www.wikidata.org/w/index.php?title=Q235753&oldid=undefined","verified"
"jp-nikko","Nikko City","日光市","Q235753","https://www.wikidata.org/w/index.php?title=Q235753&oldid=undefined","verified"
"jp-nikko","Nikko-shi","日光市","Q235753","https://www.wikidata.org/w/index.php?title=Q235753&oldid=undefined","verified"
"jp-nikko","Nikkō","日光市","Q235753","https://www.wikidata.org/w/index.php?title=Q235753&oldid=undefined","verified"
"jp-sendai","Sendai","仙台市","Q46747","https://www.wikidata.org/w/index.php?title=Q46747&oldid=undefined","verified"
"jp-sendai","仙都","仙台市","Q46747","https://www.wikidata.org/w/index.php?title=Q46747&oldid=undefined","verified"
"jp-sendai","杜の都","仙台市","Q46747","https://www.wikidata.org/w/index.php?title=Q46747&oldid=undefined","verified"
"jp-sendai","仙臺","仙台市","Q46747","https://www.wikidata.org/w/index.php?title=Q46747&oldid=undefined","verified"
"jp-sendai","千代","仙台市","Q46747","https://www.wikidata.org/w/index.php?title=Q46747&oldid=undefined","verified"
"jp-sendai","先代","仙台市","Q46747","https://www.wikidata.org/w/index.php?title=Q46747&oldid=undefined","verified"
"jp-sendai","僊臺","仙台市","Q46747","https://www.wikidata.org/w/index.php?title=Q46747&oldid=undefined","verified"
"jp-sendai","学都仙台","仙台市","Q46747","https://www.wikidata.org/w/index.php?title=Q46747&oldid=undefined","verified"
"jp-sendai","楽都仙台","仙台市","Q46747","https://www.wikidata.org/w/index.php?title=Q46747&oldid=undefined","verified"
"jp-sendai","仙台","仙台市","Q46747","https://www.wikidata.org/w/index.php?title=Q46747&oldid=undefined","verified"
"jp-sendai","仙臺市","仙台市","Q46747","https://www.wikidata.org/w/index.php?title=Q46747&oldid=undefined","verified"
"jp-hakodate","Hakodate","函館市","Q26418","https://www.wikidata.org/w/index.php?title=Q26418&oldid=undefined","verified"
"jp-hakodate","函館区","函館市","Q26418","https://www.wikidata.org/w/index.php?title=Q26418&oldid=undefined","verified"
"jp-hakodate","箱館","函館市","Q26418","https://www.wikidata.org/w/index.php?title=Q26418&oldid=undefined","verified"
"jp-hakodate","函馆市","函館市","Q26418","https://www.wikidata.org/w/index.php?title=Q26418&oldid=undefined","verified"
"jp-hakodate","函館","函館市","Q26418","https://www.wikidata.org/w/index.php?title=Q26418&oldid=undefined","verified"
"jp-hakodate","函馆","函館市","Q26418","https://www.wikidata.org/w/index.php?title=Q26418&oldid=undefined","verified"
"jp-otaru","Otaru","小樽市","Q242108","https://www.wikidata.org/w/index.php?title=Q242108&oldid=undefined","verified"
"jp-otaru","小樽区","小樽市","Q242108","https://www.wikidata.org/w/index.php?title=Q242108&oldid=undefined","verified"
"jp-otaru","小樽内","小樽市","Q242108","https://www.wikidata.org/w/index.php?title=Q242108&oldid=undefined","verified"
"jp-otaru","小樽","小樽市","Q242108","https://www.wikidata.org/w/index.php?title=Q242108&oldid=undefined","verified"
"jp-beppu","Beppu","別府市","Q273880","https://www.wikidata.org/w/index.php?title=Q273880&oldid=undefined","unresolved"
"jp-beppu","別府村","別府市","Q273880","https://www.wikidata.org/w/index.php?title=Q273880&oldid=undefined","unresolved"
"jp-beppu","別府町","別府市","Q273880","https://www.wikidata.org/w/index.php?title=Q273880&oldid=undefined","unresolved"
"jp-beppu","別府","別府市","Q273880","https://www.wikidata.org/w/index.php?title=Q273880&oldid=undefined","unresolved"
"jp-yufuin","Yufuin","由布院温泉","Q11264855","https://www.wikidata.org/w/index.php?title=Q11264855&oldid=undefined","verified"
"jp-yufuin","湯布院温泉","由布院温泉","Q11264855","https://www.wikidata.org/w/index.php?title=Q11264855&oldid=undefined","verified"
"jp-nagasaki","Nagasaki","長崎市","Q38234","https://www.wikidata.org/w/index.php?title=Q38234&oldid=undefined","verified"
"jp-nagasaki","長崎市","長崎市","Q38234","https://www.wikidata.org/w/index.php?title=Q38234&oldid=undefined","verified"
"jp-kumamoto","Kumamoto","熊本市","Q199889","https://www.wikidata.org/w/index.php?title=Q199889&oldid=undefined","verified"
"jp-aso","Aso","阿蘇市","Q733681","https://www.wikidata.org/w/index.php?title=Q733681&oldid=undefined","verified"
"jp-kagoshima","Kagoshima","鹿児島市","Q15674","https://www.wikidata.org/w/index.php?title=Q15674&oldid=undefined","verified"
"jp-kagoshima","鹿兒島","鹿児島市","Q15674","https://www.wikidata.org/w/index.php?title=Q15674&oldid=undefined","verified"
"jp-naha","Naha","那覇市","Q181966","https://www.wikidata.org/w/index.php?title=Q181966&oldid=undefined","verified"
"jp-naha","那霸市","那覇市","Q181966","https://www.wikidata.org/w/index.php?title=Q181966&oldid=undefined","verified"
"jp-naha","那覇区","那覇市","Q181966","https://www.wikidata.org/w/index.php?title=Q181966&oldid=undefined","verified"
"jp-naha","ナーファ","那覇市","Q181966","https://www.wikidata.org/w/index.php?title=Q181966&oldid=undefined","verified"
"jp-naha","ナファ","那覇市","Q181966","https://www.wikidata.org/w/index.php?title=Q181966&oldid=undefined","verified"
"jp-naha","那霸","那覇市","Q181966","https://www.wikidata.org/w/index.php?title=Q181966&oldid=undefined","verified"
"jp-naha","Napa","那覇市","Q181966","https://www.wikidata.org/w/index.php?title=Q181966&oldid=undefined","verified"
"jp-ishigaki","Ishigaki","石垣島","Q714339","https://www.wikidata.org/w/index.php?title=Q714339&oldid=undefined","verified"
"jp-ishigaki","いしがきじま","石垣島","Q714339","https://www.wikidata.org/w/index.php?title=Q714339&oldid=undefined","verified"
"jp-ishigaki","石垣岛","石垣島","Q714339","https://www.wikidata.org/w/index.php?title=Q714339&oldid=undefined","verified"
"jp-ishigaki","Ishigakijima","石垣島","Q714339","https://www.wikidata.org/w/index.php?title=Q714339&oldid=undefined","verified"
"jp-ishigaki","Ishigaki-jima","石垣島","Q714339","https://www.wikidata.org/w/index.php?title=Q714339&oldid=undefined","verified"
"jp-matsuyama","Matsuyama","松山市","Q200022","https://www.wikidata.org/w/index.php?title=Q200022&oldid=undefined","verified"
"jp-matsuyama","Matsuyama, Ehime","松山市","Q200022","https://www.wikidata.org/w/index.php?title=Q200022&oldid=undefined","verified"
"jp-matsuyama","Matsuyama, Japan","松山市","Q200022","https://www.wikidata.org/w/index.php?title=Q200022&oldid=undefined","verified"
"jp-takamatsu","Takamatsu","高松市","Q200707","https://www.wikidata.org/w/index.php?title=Q200707&oldid=undefined","verified"
"jp-takamatsu","高松","高松市","Q200707","https://www.wikidata.org/w/index.php?title=Q200707&oldid=undefined","verified"
"jp-kochi","Kochi","高知市","Q200251","https://www.wikidata.org/w/index.php?title=Q200251&oldid=undefined","verified"
"jp-kochi","こうちし","高知市","Q200251","https://www.wikidata.org/w/index.php?title=Q200251&oldid=undefined","verified"
"jp-kochi","Kochi City","高知市","Q200251","https://www.wikidata.org/w/index.php?title=Q200251&oldid=undefined","verified"
"jp-kochi","Kochi-shi","高知市","Q200251","https://www.wikidata.org/w/index.php?title=Q200251&oldid=undefined","verified"
"jp-fujikawaguchiko","Fujikawaguchiko","富士河口湖町","Q1004231","https://www.wikidata.org/w/index.php?title=Q1004231&oldid=undefined","verified"
"jp-fujikawaguchiko","Fuji-Kawaguchiko","富士河口湖町","Q1004231","https://www.wikidata.org/w/index.php?title=Q1004231&oldid=undefined","verified"
"jp-karuizawa","Karuizawa","軽井沢町","Q1012064","https://www.wikidata.org/w/index.php?title=Q1012064&oldid=undefined","verified"
"jp-karuizawa","東長倉村","軽井沢町","Q1012064","https://www.wikidata.org/w/index.php?title=Q1012064&oldid=undefined","verified"
"jp-matsumoto","Matsumoto","松本市","Q213324","https://www.wikidata.org/w/index.php?title=Q213324&oldid=undefined","verified"
"jp-matsumoto","松本町","松本市","Q213324","https://www.wikidata.org/w/index.php?title=Q213324&oldid=undefined","verified"
"jp-furano","Furano","富良野市","Q654738","https://www.wikidata.org/w/index.php?title=Q654738&oldid=undefined","verified"
"jp-furano","富良野","富良野市","Q654738","https://www.wikidata.org/w/index.php?title=Q654738&oldid=undefined","verified"
"jp-furano","Hurano","富良野市","Q654738","https://www.wikidata.org/w/index.php?title=Q654738&oldid=undefined","verified"
"jp-biei","Biei","美瑛町","Q1355491","https://www.wikidata.org/w/index.php?title=Q1355491&oldid=undefined","verified"
"jp-biei","美瑛村","美瑛町","Q1355491","https://www.wikidata.org/w/index.php?title=Q1355491&oldid=undefined","verified"
"jp-biei","美瑛","美瑛町","Q1355491","https://www.wikidata.org/w/index.php?title=Q1355491&oldid=undefined","verified"
"jp-niseko","Niseko","ニセコ","Q11324349","https://www.wikidata.org/w/index.php?title=Q11324349&oldid=undefined","unresolved"
"jp-shiretoko","Shiretoko","知床半島","Q629238","https://www.wikidata.org/w/index.php?title=Q629238&oldid=undefined","unresolved"
"jp-shiretoko","Shiretoko-hantō","知床半島","Q629238","https://www.wikidata.org/w/index.php?title=Q629238&oldid=undefined","unresolved"
"jp-noboribetsu","Noboribetsu","登別市","Q428989","https://www.wikidata.org/w/index.php?title=Q428989&oldid=undefined","unresolved"
"jp-noboribetsu","幌別村","登別市","Q428989","https://www.wikidata.org/w/index.php?title=Q428989&oldid=undefined","unresolved"
"jp-noboribetsu","幌別町","登別市","Q428989","https://www.wikidata.org/w/index.php?title=Q428989&oldid=undefined","unresolved"
"jp-noboribetsu","登別町","登別市","Q428989","https://www.wikidata.org/w/index.php?title=Q428989&oldid=undefined","unresolved"
"jp-noboribetsu","Noboribetu","登別市","Q428989","https://www.wikidata.org/w/index.php?title=Q428989&oldid=undefined","unresolved"
"jp-noboribetsu","Horobetsu","登別市","Q428989","https://www.wikidata.org/w/index.php?title=Q428989&oldid=undefined","unresolved"
"jp-noboribetsu","Noboribetsu-shi","登別市","Q428989","https://www.wikidata.org/w/index.php?title=Q428989&oldid=undefined","unresolved"
"jp-lake-toya","Lake Toya","洞爺湖","Q1323974","https://www.wikidata.org/w/index.php?title=Q1323974&oldid=undefined","verified"
"jp-lake-toya","Tōya-ko","洞爺湖","Q1323974","https://www.wikidata.org/w/index.php?title=Q1323974&oldid=undefined","verified"
"jp-asahikawa","Asahikawa","旭川市","Q200740","https://www.wikidata.org/w/index.php?title=Q200740&oldid=undefined","verified"
"jp-asahikawa","旭川区","旭川市","Q200740","https://www.wikidata.org/w/index.php?title=Q200740&oldid=undefined","verified"
"jp-asahikawa","旭川町","旭川市","Q200740","https://www.wikidata.org/w/index.php?title=Q200740&oldid=undefined","verified"
"jp-kushiro","Kushiro","釧路市","Q271917","https://www.wikidata.org/w/index.php?title=Q271917&oldid=undefined","verified"
"jp-kushiro","釧路区","釧路市","Q271917","https://www.wikidata.org/w/index.php?title=Q271917&oldid=undefined","verified"
"jp-kushiro","釧路町","釧路市","Q271917","https://www.wikidata.org/w/index.php?title=Q271917&oldid=undefined","verified"
"jp-kushiro","Kusiro","釧路市","Q271917","https://www.wikidata.org/w/index.php?title=Q271917&oldid=undefined","verified"
"jp-obihiro","Obihiro","帯広市","Q177149","https://www.wikidata.org/w/index.php?title=Q177149&oldid=undefined","verified"
"jp-obihiro","帯広町","帯広市","Q177149","https://www.wikidata.org/w/index.php?title=Q177149&oldid=undefined","verified"
"jp-aomori","Aomori","青森市","Q146790","https://www.wikidata.org/w/index.php?title=Q146790&oldid=undefined","verified"
"jp-aomori","青森町","青森市","Q146790","https://www.wikidata.org/w/index.php?title=Q146790&oldid=undefined","verified"
"jp-hirosaki","Hirosaki","弘前市","Q194087","https://www.wikidata.org/w/index.php?title=Q194087&oldid=undefined","verified"
"jp-hirosaki","弘前","弘前市","Q194087","https://www.wikidata.org/w/index.php?title=Q194087&oldid=undefined","verified"
"jp-hachinohe","Hachinohe","八戸市","Q191914","https://www.wikidata.org/w/index.php?title=Q191914&oldid=undefined","verified"
"jp-morioka","Morioka","盛岡市","Q200077","https://www.wikidata.org/w/index.php?title=Q200077&oldid=undefined","unresolved"
"jp-morioka","盛岡","盛岡市","Q200077","https://www.wikidata.org/w/index.php?title=Q200077&oldid=undefined","unresolved"
"jp-morioka","盛冈市","盛岡市","Q200077","https://www.wikidata.org/w/index.php?title=Q200077&oldid=undefined","unresolved"
"jp-hiraizumi","Hiraizumi","平泉町","Q1203004","https://www.wikidata.org/w/index.php?title=Q1203004&oldid=undefined","verified"
"jp-hiraizumi","平泉村","平泉町","Q1203004","https://www.wikidata.org/w/index.php?title=Q1203004&oldid=undefined","verified"
"jp-matsushima","Matsushima","松島","Q1144855","https://www.wikidata.org/w/index.php?title=Q1144855&oldid=undefined","verified"
"jp-matsushima","奥松島","松島","Q1144855","https://www.wikidata.org/w/index.php?title=Q1144855&oldid=undefined","verified"
"jp-akiu","Akiu","秋保温泉","Q11594813","https://www.wikidata.org/w/index.php?title=Q11594813&oldid=undefined","unresolved"
"jp-akita","Akita","秋田市","Q17139","https://www.wikidata.org/w/index.php?title=Q17139&oldid=undefined","verified"
"jp-kakunodate","Kakunodate","角館","Q11630890","https://www.wikidata.org/w/index.php?title=Q11630890&oldid=undefined","verified"
"jp-yamagata","Yamagata","山形市","Q205526","https://www.wikidata.org/w/index.php?title=Q205526&oldid=undefined","verified"
"jp-zao","Zao","蔵王温泉","Q7159554","https://www.wikidata.org/w/index.php?title=Q7159554&oldid=undefined","unresolved"
"jp-ginzan-onsen","Ginzan Onsen","銀山温泉","Q5563313","https://www.wikidata.org/w/index.php?title=Q5563313&oldid=undefined","verified"
"jp-fukushima","Fukushima","福島市","Q161176","https://www.wikidata.org/w/index.php?title=Q161176&oldid=undefined","verified"
"jp-fukushima","福島町","福島市","Q161176","https://www.wikidata.org/w/index.php?title=Q161176&oldid=undefined","verified"
"jp-fukushima","福岛市","福島市","Q161176","https://www.wikidata.org/w/index.php?title=Q161176&oldid=undefined","verified"
"jp-fukushima","Hukushima","福島市","Q161176","https://www.wikidata.org/w/index.php?title=Q161176&oldid=undefined","verified"
"jp-aizuwakamatsu","Aizuwakamatsu","会津若松市","Q237699","https://www.wikidata.org/w/index.php?title=Q237699&oldid=undefined","verified"
"jp-aizuwakamatsu","若松町","会津若松市","Q237699","https://www.wikidata.org/w/index.php?title=Q237699&oldid=undefined","verified"
"jp-aizuwakamatsu","若松市","会津若松市","Q237699","https://www.wikidata.org/w/index.php?title=Q237699&oldid=undefined","verified"
"jp-aizuwakamatsu","会津若松","会津若松市","Q237699","https://www.wikidata.org/w/index.php?title=Q237699&oldid=undefined","verified"
"jp-aizuwakamatsu","Aizu-Wakamatsu","会津若松市","Q237699","https://www.wikidata.org/w/index.php?title=Q237699&oldid=undefined","verified"
"jp-aizuwakamatsu","Wakamatsu","会津若松市","Q237699","https://www.wikidata.org/w/index.php?title=Q237699&oldid=undefined","verified"
"jp-ouchi-juku","Ouchi-juku","大内宿","Q3594058","https://www.wikidata.org/w/index.php?title=Q3594058&oldid=undefined","verified"
"jp-kawagoe","Kawagoe","川越市","Q319740","https://www.wikidata.org/w/index.php?title=Q319740&oldid=undefined","verified"
"jp-kusatsu-onsen","Kusatsu Onsen","草津温泉","Q3137477","https://www.wikidata.org/w/index.php?title=Q3137477&oldid=undefined","verified"
"jp-kusatsu-onsen","湯もみ","草津温泉","Q3137477","https://www.wikidata.org/w/index.php?title=Q3137477&oldid=undefined","verified"
"jp-takasaki","Takasaki","高崎市","Q336438","https://www.wikidata.org/w/index.php?title=Q336438&oldid=undefined","verified"
"jp-takasaki","高崎町","高崎市","Q336438","https://www.wikidata.org/w/index.php?title=Q336438&oldid=undefined","verified"
"jp-takasaki","高崎","高崎市","Q336438","https://www.wikidata.org/w/index.php?title=Q336438&oldid=undefined","verified"
"jp-takasaki","Takasaki-shi","高崎市","Q336438","https://www.wikidata.org/w/index.php?title=Q336438&oldid=undefined","verified"
"jp-mito","Mito","水戸市","Q204249","https://www.wikidata.org/w/index.php?title=Q204249&oldid=undefined","verified"
"jp-mito","水戶","水戸市","Q204249","https://www.wikidata.org/w/index.php?title=Q204249&oldid=undefined","verified"
"jp-mito","水戸","水戸市","Q204249","https://www.wikidata.org/w/index.php?title=Q204249&oldid=undefined","verified"
"jp-tsukuba","Tsukuba","つくば市","Q273863","https://www.wikidata.org/w/index.php?title=Q273863&oldid=undefined","verified"
"jp-tsukuba","筑波","つくば市","Q273863","https://www.wikidata.org/w/index.php?title=Q273863&oldid=undefined","verified"
"jp-narita","Narita","成田市","Q273798","https://www.wikidata.org/w/index.php?title=Q273798&oldid=undefined","verified"
"jp-narita","成田","成田市","Q273798","https://www.wikidata.org/w/index.php?title=Q273798&oldid=undefined","verified"
"jp-kisarazu","Kisarazu","木更津市","Q335427","https://www.wikidata.org/w/index.php?title=Q335427&oldid=undefined","verified"
"jp-kisarazu","如月の津","木更津市","Q335427","https://www.wikidata.org/w/index.php?title=Q335427&oldid=undefined","verified"
"jp-kisarazu","君不去","木更津市","Q335427","https://www.wikidata.org/w/index.php?title=Q335427&oldid=undefined","verified"
"jp-kisarazu","木佐良津","木更津市","Q335427","https://www.wikidata.org/w/index.php?title=Q335427&oldid=undefined","verified"
"jp-inuyama","Inuyama","犬山市","Q503411","https://www.wikidata.org/w/index.php?title=Q503411&oldid=undefined","verified"
"jp-toyama","Toyama","富山市","Q204266","https://www.wikidata.org/w/index.php?title=Q204266&oldid=undefined","unresolved"
"jp-toyama","富山","富山市","Q204266","https://www.wikidata.org/w/index.php?title=Q204266&oldid=undefined","unresolved"
"jp-toyama","Toyama-shi","富山市","Q204266","https://www.wikidata.org/w/index.php?title=Q204266&oldid=undefined","unresolved"
"jp-tateyama-kurobe","Tateyama Kurobe","立山黒部アルペンルート","Q6425988","https://www.wikidata.org/w/index.php?title=Q6425988&oldid=undefined","verified"
"jp-tateyama-kurobe","黒部立山アルペンルート","立山黒部アルペンルート","Q6425988","https://www.wikidata.org/w/index.php?title=Q6425988&oldid=undefined","verified"
"jp-tateyama-kurobe","アルペンルート","立山黒部アルペンルート","Q6425988","https://www.wikidata.org/w/index.php?title=Q6425988&oldid=undefined","verified"
"jp-tateyama-kurobe","Alpine Route","立山黒部アルペンルート","Q6425988","https://www.wikidata.org/w/index.php?title=Q6425988&oldid=undefined","verified"
"jp-fukui","Fukui","福井市","Q201618","https://www.wikidata.org/w/index.php?title=Q201618&oldid=undefined","verified"
"jp-fukui","北ノ庄","福井市","Q201618","https://www.wikidata.org/w/index.php?title=Q201618&oldid=undefined","verified"
"jp-echizen","Echizen","越前市","Q877941","https://www.wikidata.org/w/index.php?title=Q877941&oldid=undefined","verified"
"jp-echizen","Etizen","越前市","Q877941","https://www.wikidata.org/w/index.php?title=Q877941&oldid=undefined","verified"
"jp-nagano","Nagano","長野市","Q128849","https://www.wikidata.org/w/index.php?title=Q128849&oldid=undefined","verified"
"jp-nagano","長野町","長野市","Q128849","https://www.wikidata.org/w/index.php?title=Q128849&oldid=undefined","verified"
"jp-nagano","Nagano City","長野市","Q128849","https://www.wikidata.org/w/index.php?title=Q128849&oldid=undefined","verified"
"jp-hakuba","Hakuba","白馬村","Q1011157","https://www.wikidata.org/w/index.php?title=Q1011157&oldid=undefined","verified"
"jp-nozawa-onsen","Nozawa Onsen","野沢温泉","Q11645764","https://www.wikidata.org/w/index.php?title=Q11645764&oldid=undefined","verified"
"jp-yamanouchi","Yamanouchi","山ノ内町","Q1204468","https://www.wikidata.org/w/index.php?title=Q1204468&oldid=undefined","verified"
"jp-shizuoka","Shizuoka","静岡市","Q174691","https://www.wikidata.org/w/index.php?title=Q174691&oldid=undefined","verified"
"jp-shizuoka","靜岡市","静岡市","Q174691","https://www.wikidata.org/w/index.php?title=Q174691&oldid=undefined","verified"
"jp-shizuoka","駿府","静岡市","Q174691","https://www.wikidata.org/w/index.php?title=Q174691&oldid=undefined","verified"
"jp-shizuoka","府中","静岡市","Q174691","https://www.wikidata.org/w/index.php?title=Q174691&oldid=undefined","verified"
"jp-shizuoka","静冈市","静岡市","Q174691","https://www.wikidata.org/w/index.php?title=Q174691&oldid=undefined","verified"
"jp-shizuoka","靜岡","静岡市","Q174691","https://www.wikidata.org/w/index.php?title=Q174691&oldid=undefined","verified"
"jp-shizuoka","静冈","静岡市","Q174691","https://www.wikidata.org/w/index.php?title=Q174691&oldid=undefined","verified"
"jp-shizuoka","Sizuoka","静岡市","Q174691","https://www.wikidata.org/w/index.php?title=Q174691&oldid=undefined","verified"
"jp-izu","Izu","伊豆半島","Q822822","https://www.wikidata.org/w/index.php?title=Q822822&oldid=undefined","verified"
"jp-izu","伊豆地方","伊豆半島","Q822822","https://www.wikidata.org/w/index.php?title=Q822822&oldid=undefined","verified"
"jp-atami","Atami","熱海市","Q653364","https://www.wikidata.org/w/index.php?title=Q653364&oldid=undefined","verified"
"jp-hamamatsu","Hamamatsu","浜松市","Q185125","https://www.wikidata.org/w/index.php?title=Q185125&oldid=undefined","verified"
"jp-hamamatsu","濱松市","浜松市","Q185125","https://www.wikidata.org/w/index.php?title=Q185125&oldid=undefined","verified"
"jp-hamamatsu","浜松町","浜松市","Q185125","https://www.wikidata.org/w/index.php?title=Q185125&oldid=undefined","verified"
"jp-hamamatsu","滨松","浜松市","Q185125","https://www.wikidata.org/w/index.php?title=Q185125&oldid=undefined","verified"
"jp-gero-onsen","Gero Onsen","下呂温泉","Q11360701","https://www.wikidata.org/w/index.php?title=Q11360701&oldid=undefined","verified"
"jp-gero-onsen","Gero Hot Springs","下呂温泉","Q11360701","https://www.wikidata.org/w/index.php?title=Q11360701&oldid=undefined","verified"
"jp-himeji","Himeji","姫路市","Q209801","https://www.wikidata.org/w/index.php?title=Q209801&oldid=undefined","verified"
"jp-himeji","姬路","姫路市","Q209801","https://www.wikidata.org/w/index.php?title=Q209801&oldid=undefined","verified"
"jp-himeji","姫路市","姫路市","Q209801","https://www.wikidata.org/w/index.php?title=Q209801&oldid=undefined","verified"
"jp-koyasan","Koyasan","高野山","Q535065","https://www.wikidata.org/w/index.php?title=Q535065&oldid=undefined","verified"
"jp-koyasan","Kōyasan","高野山","Q535065","https://www.wikidata.org/w/index.php?title=Q535065&oldid=undefined","verified"
"jp-koyasan","Kōya-san","高野山","Q535065","https://www.wikidata.org/w/index.php?title=Q535065&oldid=undefined","verified"
"jp-shirahama","Shirahama","白浜町","Q1202728","https://www.wikidata.org/w/index.php?title=Q1202728&oldid=undefined","verified"
"jp-shirahama","瀬戸鉛山村","白浜町","Q1202728","https://www.wikidata.org/w/index.php?title=Q1202728&oldid=undefined","verified"
"jp-shirahama","南紀白濱","白浜町","Q1202728","https://www.wikidata.org/w/index.php?title=Q1202728&oldid=undefined","verified"
"jp-shirahama","Setokanayama","白浜町","Q1202728","https://www.wikidata.org/w/index.php?title=Q1202728&oldid=undefined","verified"
"jp-kumano","Kumano","熊野","Q6443450","https://www.wikidata.org/w/index.php?title=Q6443450&oldid=undefined","unresolved"
"jp-kumano","熊野地方","熊野","Q6443450","https://www.wikidata.org/w/index.php?title=Q6443450&oldid=undefined","unresolved"
"jp-otsu","Otsu","大津市","Q202907","https://www.wikidata.org/w/index.php?title=Q202907&oldid=undefined","verified"
"jp-otsu","大津町","大津市","Q202907","https://www.wikidata.org/w/index.php?title=Q202907&oldid=undefined","verified"
"jp-otsu","大津","大津市","Q202907","https://www.wikidata.org/w/index.php?title=Q202907&oldid=undefined","verified"
"jp-otsu","Otsu City","大津市","Q202907","https://www.wikidata.org/w/index.php?title=Q202907&oldid=undefined","verified"
"jp-otsu","Otsu-shi","大津市","Q202907","https://www.wikidata.org/w/index.php?title=Q202907&oldid=undefined","verified"
"jp-hikone","Hikone","彦根市","Q386635","https://www.wikidata.org/w/index.php?title=Q386635&oldid=undefined","verified"
"jp-hikone","彦根","彦根市","Q386635","https://www.wikidata.org/w/index.php?title=Q386635&oldid=undefined","verified"
"jp-hikone","彥根市","彦根市","Q386635","https://www.wikidata.org/w/index.php?title=Q386635&oldid=undefined","verified"
"jp-hikone","彥根","彦根市","Q386635","https://www.wikidata.org/w/index.php?title=Q386635&oldid=undefined","verified"
"jp-kinosaki-onsen","Kinosaki Onsen","城崎温泉","Q11426141","https://www.wikidata.org/w/index.php?title=Q11426141&oldid=undefined","verified"
"jp-okayama","Okayama","岡山市","Q200078","https://www.wikidata.org/w/index.php?title=Q200078&oldid=undefined","verified"
"jp-okayama","岡山区","岡山市","Q200078","https://www.wikidata.org/w/index.php?title=Q200078&oldid=undefined","verified"
"jp-kurashiki","Kurashiki","倉敷市","Q467487","https://www.wikidata.org/w/index.php?title=Q467487&oldid=undefined","verified"
"jp-kurashiki","倉敷","倉敷市","Q467487","https://www.wikidata.org/w/index.php?title=Q467487&oldid=undefined","verified"
"jp-tottori","Tottori","鳥取市","Q200731","https://www.wikidata.org/w/index.php?title=Q200731&oldid=undefined","verified"
"jp-tottori","Tottori City","鳥取市","Q200731","https://www.wikidata.org/w/index.php?title=Q200731&oldid=undefined","verified"
"jp-matsue","Matsue","松江市","Q207321","https://www.wikidata.org/w/index.php?title=Q207321&oldid=undefined","verified"
"jp-izumo","Izumo","出雲市","Q825166","https://www.wikidata.org/w/index.php?title=Q825166&oldid=undefined","verified"
"jp-izumo","出雲町","出雲市","Q825166","https://www.wikidata.org/w/index.php?title=Q825166&oldid=undefined","verified"
"jp-yamaguchi","Yamaguchi","山口市","Q207876","https://www.wikidata.org/w/index.php?title=Q207876&oldid=undefined","verified"
"jp-yamaguchi","Yamaguti","山口市","Q207876","https://www.wikidata.org/w/index.php?title=Q207876&oldid=undefined","verified"
"jp-hagi","Hagi","萩市","Q378225","https://www.wikidata.org/w/index.php?title=Q378225&oldid=undefined","verified"
"jp-hagi","萩町","萩市","Q378225","https://www.wikidata.org/w/index.php?title=Q378225&oldid=undefined","verified"
"jp-hagi","萩","萩市","Q378225","https://www.wikidata.org/w/index.php?title=Q378225&oldid=undefined","verified"
"jp-naoshima","Naoshima","直島","Q20267482","https://www.wikidata.org/w/index.php?title=Q20267482&oldid=undefined","unresolved"
"jp-naoshima","なおしま","直島","Q20267482","https://www.wikidata.org/w/index.php?title=Q20267482&oldid=undefined","unresolved"
"jp-dogo-onsen","Dogo Onsen","道後温泉","Q1037748","https://www.wikidata.org/w/index.php?title=Q1037748&oldid=undefined","unresolved"
"jp-dogo-onsen","Dōgo Spa (Japan)","道後温泉","Q1037748","https://www.wikidata.org/w/index.php?title=Q1037748&oldid=undefined","unresolved"
"jp-dogo-onsen","Dōgo Spa (Matsuyama-shi, Japan)","道後温泉","Q1037748","https://www.wikidata.org/w/index.php?title=Q1037748&oldid=undefined","unresolved"
"jp-dogo-onsen","Dōgo Hot Spring (Matsuyama-shi, Japan)","道後温泉","Q1037748","https://www.wikidata.org/w/index.php?title=Q1037748&oldid=undefined","unresolved"
"jp-dogo-onsen","Dōgo Spring (Matsuyama-shi, Japan)","道後温泉","Q1037748","https://www.wikidata.org/w/index.php?title=Q1037748&oldid=undefined","unresolved"
"jp-tokushima","Tokushima","徳島市","Q207309","https://www.wikidata.org/w/index.php?title=Q207309&oldid=undefined","verified"
"jp-tokushima","徳島市","徳島市","Q207309","https://www.wikidata.org/w/index.php?title=Q207309&oldid=undefined","verified"
"jp-tokushima","德島","徳島市","Q207309","https://www.wikidata.org/w/index.php?title=Q207309&oldid=undefined","verified"
"jp-dazaifu","Dazaifu","太宰府市","Q728218","https://www.wikidata.org/w/index.php?title=Q728218&oldid=undefined","verified"
"jp-dazaifu","太宰府町","太宰府市","Q728218","https://www.wikidata.org/w/index.php?title=Q728218&oldid=undefined","verified"
"jp-dazaifu","太宰府村","太宰府市","Q728218","https://www.wikidata.org/w/index.php?title=Q728218&oldid=undefined","verified"
"jp-dazaifu","Dazaihu","太宰府市","Q728218","https://www.wikidata.org/w/index.php?title=Q728218&oldid=undefined","verified"
"jp-unzen","Unzen","雲仙市","Q999453","https://www.wikidata.org/w/index.php?title=Q999453&oldid=undefined","verified"
"jp-takachiho","Takachiho","高千穂町","Q1350939","https://www.wikidata.org/w/index.php?title=Q1350939&oldid=undefined","verified"
"jp-takachiho","高千穂村","高千穂町","Q1350939","https://www.wikidata.org/w/index.php?title=Q1350939&oldid=undefined","verified"
"jp-yakushima","Yakushima","屋久島","Q242176","https://www.wikidata.org/w/index.php?title=Q242176&oldid=undefined","verified"
"jp-yakushima","屋久島杉原始林","屋久島","Q242176","https://www.wikidata.org/w/index.php?title=Q242176&oldid=undefined","verified"
"jp-yakushima","屋久島スギ原始林","屋久島","Q242176","https://www.wikidata.org/w/index.php?title=Q242176&oldid=undefined","verified"
"jp-yakushima","Yaku-shima","屋久島","Q242176","https://www.wikidata.org/w/index.php?title=Q242176&oldid=undefined","verified"
"jp-yakushima","Yaku Island","屋久島","Q242176","https://www.wikidata.org/w/index.php?title=Q242176&oldid=undefined","verified"
"jp-abashiri","Abashiri","網走市","Q305640","https://www.wikidata.org/w/index.php?title=Q305640&oldid=undefined","verified"
"jp-abashiri","網走町","網走市","Q305640","https://www.wikidata.org/w/index.php?title=Q305640&oldid=undefined","verified"
"jp-abashiri","Abasiri","網走市","Q305640","https://www.wikidata.org/w/index.php?title=Q305640&oldid=undefined","verified"
"jp-kitami","Kitami","北見市","Q265555","https://www.wikidata.org/w/index.php?title=Q265555&oldid=undefined","verified"
"jp-kitami","野付牛村","北見市","Q265555","https://www.wikidata.org/w/index.php?title=Q265555&oldid=undefined","verified"
"jp-kitami","野付牛町","北見市","Q265555","https://www.wikidata.org/w/index.php?title=Q265555&oldid=undefined","verified"
"jp-wakkanai","Wakkanai","稚内市","Q267894","https://www.wikidata.org/w/index.php?title=Q267894&oldid=undefined","unresolved"
"jp-wakkanai","稚内村","稚内市","Q267894","https://www.wikidata.org/w/index.php?title=Q267894&oldid=undefined","unresolved"
"jp-wakkanai","稚内町","稚内市","Q267894","https://www.wikidata.org/w/index.php?title=Q267894&oldid=undefined","unresolved"
"jp-wakkanai","Wakkanai-shi","稚内市","Q267894","https://www.wikidata.org/w/index.php?title=Q267894&oldid=undefined","unresolved"
"jp-rumoi","Rumoi","留萌市","Q714628","https://www.wikidata.org/w/index.php?title=Q714628&oldid=undefined","verified"
"jp-rumoi","留萌村","留萌市","Q714628","https://www.wikidata.org/w/index.php?title=Q714628&oldid=undefined","verified"
"jp-rumoi","留萌町","留萌市","Q714628","https://www.wikidata.org/w/index.php?title=Q714628&oldid=undefined","verified"
"jp-monbetsu","Monbetsu","紋別市","Q692745","https://www.wikidata.org/w/index.php?title=Q692745&oldid=undefined","verified"
"jp-monbetsu","Mombetsu","紋別市","Q692745","https://www.wikidata.org/w/index.php?title=Q692745&oldid=undefined","verified"
"jp-akan-mashu","Akan-Mashu","阿寒摩周国立公園","Q415672","https://www.wikidata.org/w/index.php?title=Q415672&oldid=undefined","verified"
"jp-akan-mashu","阿寒国家公园","阿寒摩周国立公園","Q415672","https://www.wikidata.org/w/index.php?title=Q415672&oldid=undefined","verified"
"jp-akan-mashu","阿寒國立公園","阿寒摩周国立公園","Q415672","https://www.wikidata.org/w/index.php?title=Q415672&oldid=undefined","verified"
"jp-akan-mashu","Akan-Mashu National Park","阿寒摩周国立公園","Q415672","https://www.wikidata.org/w/index.php?title=Q415672&oldid=undefined","verified"
"jp-lake-shikotsu","Lake Shikotsu","支笏湖","Q1196295","https://www.wikidata.org/w/index.php?title=Q1196295&oldid=undefined","verified"
"jp-lake-shikotsu","Shikotsu-ko","支笏湖","Q1196295","https://www.wikidata.org/w/index.php?title=Q1196295&oldid=undefined","verified"
"jp-jozankei","Jozankei","定山渓","Q11452186","https://www.wikidata.org/w/index.php?title=Q11452186&oldid=undefined","verified"
"jp-yoichi","Yoichi","余市町","Q1348748","https://www.wikidata.org/w/index.php?title=Q1348748&oldid=undefined","verified"
"jp-shakotan","Shakotan","積丹町","Q1354431","https://www.wikidata.org/w/index.php?title=Q1354431&oldid=undefined","verified"
"jp-shakotan","积丹町","積丹町","Q1354431","https://www.wikidata.org/w/index.php?title=Q1354431&oldid=undefined","verified"
"jp-kutchan","Kutchan","倶知安町","Q1204596","https://www.wikidata.org/w/index.php?title=Q1204596&oldid=undefined","verified"
"jp-rusutsu","Rusutsu","留寿都村","Q1354413","https://www.wikidata.org/w/index.php?title=Q1354413&oldid=undefined","verified"
"jp-rusutsu","ルスツ","留寿都村","Q1354413","https://www.wikidata.org/w/index.php?title=Q1354413&oldid=undefined","verified"
"jp-rusutsu","真狩村","留寿都村","Q1354413","https://www.wikidata.org/w/index.php?title=Q1354413&oldid=undefined","verified"
"jp-tomamu","Tomamu","星野リゾート トマム","Q11513061","https://www.wikidata.org/w/index.php?title=Q11513061&oldid=undefined","verified"
"jp-tomamu","星野リゾート・トマム","星野リゾート トマム","Q11513061","https://www.wikidata.org/w/index.php?title=Q11513061&oldid=undefined","verified"
"jp-tomamu","星野TOMAMU度假村","星野リゾート トマム","Q11513061","https://www.wikidata.org/w/index.php?title=Q11513061&oldid=undefined","verified"
"jp-tomamu","Tomamu渡假村","星野リゾート トマム","Q11513061","https://www.wikidata.org/w/index.php?title=Q11513061&oldid=undefined","verified"
"jp-tomamu","星野渡假村 苫鵡","星野リゾート トマム","Q11513061","https://www.wikidata.org/w/index.php?title=Q11513061&oldid=undefined","verified"
"jp-sahoro","Sahoro","サホロリゾート","Q11305052","https://www.wikidata.org/w/index.php?title=Q11305052&oldid=undefined","verified"
"jp-sahoro","十勝サホロリゾート","サホロリゾート","Q11305052","https://www.wikidata.org/w/index.php?title=Q11305052&oldid=undefined","verified"
"jp-sahoro","Tokachi Sahoro Resort","サホロリゾート","Q11305052","https://www.wikidata.org/w/index.php?title=Q11305052&oldid=undefined","verified"
"jp-sahoro","Sahoro Resort Hotel","サホロリゾート","Q11305052","https://www.wikidata.org/w/index.php?title=Q11305052&oldid=undefined","verified"
"jp-tokachigawa-onsen","Tokachigawa Onsen","十勝川温泉","Q11404905","https://www.wikidata.org/w/index.php?title=Q11404905&oldid=undefined","verified"
"jp-lake-mashu","Lake Mashu","摩周湖","Q1194619","https://www.wikidata.org/w/index.php?title=Q1194619&oldid=undefined","unresolved"
"jp-lake-mashu","裏摩周展望台","摩周湖","Q1194619","https://www.wikidata.org/w/index.php?title=Q1194619&oldid=undefined","unresolved"
"jp-lake-mashu","カムイシュ島","摩周湖","Q1194619","https://www.wikidata.org/w/index.php?title=Q1194619&oldid=undefined","unresolved"
"jp-lake-mashu","ましゅうこ","摩周湖","Q1194619","https://www.wikidata.org/w/index.php?title=Q1194619&oldid=undefined","unresolved"
"jp-lake-kussharo","Lake Kussharo","屈斜路湖","Q1329458","https://www.wikidata.org/w/index.php?title=Q1329458&oldid=undefined","verified"
"jp-lake-kussharo","Kussharo-ko","屈斜路湖","Q1329458","https://www.wikidata.org/w/index.php?title=Q1329458&oldid=undefined","verified"
"jp-nemuro","Nemuro","根室市","Q502205","https://www.wikidata.org/w/index.php?title=Q502205&oldid=undefined","verified"
"jp-nemuro","根室梅ヶ枝町","根室市","Q502205","https://www.wikidata.org/w/index.php?title=Q502205&oldid=undefined","verified"
"jp-rausu","Rausu","羅臼町","Q1208391","https://www.wikidata.org/w/index.php?title=Q1208391&oldid=undefined","verified"
"jp-rausu","羅臼村","羅臼町","Q1208391","https://www.wikidata.org/w/index.php?title=Q1208391&oldid=undefined","verified"
"jp-rausu","植別村","羅臼町","Q1208391","https://www.wikidata.org/w/index.php?title=Q1208391&oldid=undefined","verified"
"jp-matsumae","Matsumae","松前町","Q1374364","https://www.wikidata.org/w/index.php?title=Q1374364&oldid=undefined","verified"
"jp-matsumae","福山町","松前町","Q1374364","https://www.wikidata.org/w/index.php?title=Q1374364&oldid=undefined","verified"
"jp-towada","Towada","十和田市","Q646818","https://www.wikidata.org/w/index.php?title=Q646818&oldid=undefined","verified"
"jp-towada","三本木市","十和田市","Q646818","https://www.wikidata.org/w/index.php?title=Q646818&oldid=undefined","verified"
"jp-oirase","Oirase","奥入瀬渓流","Q10942580","https://www.wikidata.org/w/index.php?title=Q10942580&oldid=undefined","unresolved"
"jp-oirase","奥入瀬渓谷","奥入瀬渓流","Q10942580","https://www.wikidata.org/w/index.php?title=Q10942580&oldid=undefined","unresolved"
"jp-oirase","奧入瀨","奥入瀬渓流","Q10942580","https://www.wikidata.org/w/index.php?title=Q10942580&oldid=undefined","unresolved"
"jp-oirase","Oirasekeiryu","奥入瀬渓流","Q10942580","https://www.wikidata.org/w/index.php?title=Q10942580&oldid=undefined","unresolved"
"jp-mutsu","Mutsu","むつ市","Q641992","https://www.wikidata.org/w/index.php?title=Q641992&oldid=undefined","verified"
"jp-mutsu","大湊田名部市","むつ市","Q641992","https://www.wikidata.org/w/index.php?title=Q641992&oldid=undefined","verified"
"jp-mutsu","陸奥市","むつ市","Q641992","https://www.wikidata.org/w/index.php?title=Q641992&oldid=undefined","verified"
"jp-oma","Oma","大間町","Q1362378","https://www.wikidata.org/w/index.php?title=Q1362378&oldid=undefined","verified"
"jp-oma","大奥村","大間町","Q1362378","https://www.wikidata.org/w/index.php?title=Q1362378&oldid=undefined","verified"
"jp-oma","Oma-machi","大間町","Q1362378","https://www.wikidata.org/w/index.php?title=Q1362378&oldid=undefined","verified"
"jp-oma","Ōma","大間町","Q1362378","https://www.wikidata.org/w/index.php?title=Q1362378&oldid=undefined","verified"
"jp-hanamaki","Hanamaki","花巻市","Q317827","https://www.wikidata.org/w/index.php?title=Q317827&oldid=undefined","unresolved"
"jp-hanamaki","Hanamaki-shi","花巻市","Q317827","https://www.wikidata.org/w/index.php?title=Q317827&oldid=undefined","unresolved"
"jp-tono","Tono","遠野市","Q646766","https://www.wikidata.org/w/index.php?title=Q646766&oldid=undefined","verified"
"jp-tono","拾戸","遠野市","Q646766","https://www.wikidata.org/w/index.php?title=Q646766&oldid=undefined","verified"
"jp-tono","Tono City","遠野市","Q646766","https://www.wikidata.org/w/index.php?title=Q646766&oldid=undefined","verified"
"jp-tono","Tono-shi","遠野市","Q646766","https://www.wikidata.org/w/index.php?title=Q646766&oldid=undefined","verified"
"jp-tono","Tōno","遠野市","Q646766","https://www.wikidata.org/w/index.php?title=Q646766&oldid=undefined","verified"
"jp-miyako","Miyako","宮古市","Q502981","https://www.wikidata.org/w/index.php?title=Q502981&oldid=undefined","verified"
"jp-ichinoseki","Ichinoseki","一関市","Q390817","https://www.wikidata.org/w/index.php?title=Q390817&oldid=undefined","verified"
"jp-ichinoseki","一關","一関市","Q390817","https://www.wikidata.org/w/index.php?title=Q390817&oldid=undefined","verified"
"jp-ishinomaki","Ishinomaki","石巻市","Q270814","https://www.wikidata.org/w/index.php?title=Q270814&oldid=undefined","verified"
"jp-ishinomaki","石巻町","石巻市","Q270814","https://www.wikidata.org/w/index.php?title=Q270814&oldid=undefined","verified"
"jp-kesennuma","Kesennuma","気仙沼市","Q235746","https://www.wikidata.org/w/index.php?title=Q235746&oldid=undefined","verified"
"jp-shiogama","Shiogama","塩竈市","Q496448","https://www.wikidata.org/w/index.php?title=Q496448&oldid=undefined","verified"
"jp-shiogama","塩釜市","塩竈市","Q496448","https://www.wikidata.org/w/index.php?title=Q496448&oldid=undefined","verified"
"jp-shiogama","塩竈町","塩竈市","Q496448","https://www.wikidata.org/w/index.php?title=Q496448&oldid=undefined","verified"
"jp-shiogama","塩竃市","塩竈市","Q496448","https://www.wikidata.org/w/index.php?title=Q496448&oldid=undefined","verified"
"jp-shiogama","塩釜町","塩竈市","Q496448","https://www.wikidata.org/w/index.php?title=Q496448&oldid=undefined","verified"
"jp-shiogama","鹽灶市","塩竈市","Q496448","https://www.wikidata.org/w/index.php?title=Q496448&oldid=undefined","verified"
"jp-shiogama","鹽釜市","塩竈市","Q496448","https://www.wikidata.org/w/index.php?title=Q496448&oldid=undefined","verified"
"jp-shiogama","盐灶市","塩竈市","Q496448","https://www.wikidata.org/w/index.php?title=Q496448&oldid=undefined","verified"
"jp-shiogama","塩竈市","塩竈市","Q496448","https://www.wikidata.org/w/index.php?title=Q496448&oldid=undefined","verified"
"jp-shiogama","Siogama","塩竈市","Q496448","https://www.wikidata.org/w/index.php?title=Q496448&oldid=undefined","verified"
"jp-oga","Oga","男鹿市","Q633935","https://www.wikidata.org/w/index.php?title=Q633935&oldid=undefined","verified"
"jp-yokote","Yokote","横手市","Q496479","https://www.wikidata.org/w/index.php?title=Q496479&oldid=undefined","verified"
"jp-yokote","横手町","横手市","Q496479","https://www.wikidata.org/w/index.php?title=Q496479&oldid=undefined","verified"
"jp-nyuto-onsen","Nyuto Onsen","乳頭温泉郷","Q11370596","https://www.wikidata.org/w/index.php?title=Q11370596&oldid=undefined","verified"
"jp-nyuto-onsen","乳頭温泉","乳頭温泉郷","Q11370596","https://www.wikidata.org/w/index.php?title=Q11370596&oldid=undefined","verified"
"jp-lake-tazawa","Lake Tazawa","田沢湖","Q174309","https://www.wikidata.org/w/index.php?title=Q174309&oldid=undefined","verified"
"jp-lake-tazawa","Tazawako","田沢湖","Q174309","https://www.wikidata.org/w/index.php?title=Q174309&oldid=undefined","verified"
"jp-tsuruoka","Tsuruoka","鶴岡市","Q734416","https://www.wikidata.org/w/index.php?title=Q734416&oldid=undefined","unresolved"
"jp-tsuruoka","鶴岡町","鶴岡市","Q734416","https://www.wikidata.org/w/index.php?title=Q734416&oldid=undefined","unresolved"
"jp-tsuruoka","鶴岡","鶴岡市","Q734416","https://www.wikidata.org/w/index.php?title=Q734416&oldid=undefined","unresolved"
"jp-tsuruoka","Turuoka","鶴岡市","Q734416","https://www.wikidata.org/w/index.php?title=Q734416&oldid=undefined","unresolved"
"jp-sakata","Sakata","酒田市","Q504690","https://www.wikidata.org/w/index.php?title=Q504690&oldid=undefined","verified"
"jp-sakata","酒田町","酒田市","Q504690","https://www.wikidata.org/w/index.php?title=Q504690&oldid=undefined","verified"
"jp-sakata","酒田","酒田市","Q504690","https://www.wikidata.org/w/index.php?title=Q504690&oldid=undefined","verified"
"jp-yamadera","Yamadera","","","","unresolved"
"jp-kaminoyama-onsen","Kaminoyama Onsen","上山温泉","Q11358865","https://www.wikidata.org/w/index.php?title=Q11358865&oldid=undefined","unresolved"
"jp-koriyama","Koriyama","郡山市","Q264206","https://www.wikidata.org/w/index.php?title=Q264206&oldid=undefined","verified"
"jp-koriyama","Kōriyama-shi","郡山市","Q264206","https://www.wikidata.org/w/index.php?title=Q264206&oldid=undefined","verified"
"jp-iwaki","Iwaki","いわき市","Q274384","https://www.wikidata.org/w/index.php?title=Q274384&oldid=undefined","verified"
"jp-kitakata","Kitakata","喜多方市","Q496506","https://www.wikidata.org/w/index.php?title=Q496506&oldid=undefined","verified"
"jp-inawashiro","Inawashiro","猪苗代町","Q669633","https://www.wikidata.org/w/index.php?title=Q669633&oldid=undefined","verified"
"jp-bandai","Bandai","磐梯町","Q143208","https://www.wikidata.org/w/index.php?title=Q143208&oldid=undefined","verified"
"jp-bandai","磐梯村","磐梯町","Q143208","https://www.wikidata.org/w/index.php?title=Q143208&oldid=undefined","verified"
"jp-soma","Soma","相馬市","Q696456","https://www.wikidata.org/w/index.php?title=Q696456&oldid=undefined","verified"
"jp-soma","相马市","相馬市","Q696456","https://www.wikidata.org/w/index.php?title=Q696456&oldid=undefined","verified"
"jp-soma","Soma City","相馬市","Q696456","https://www.wikidata.org/w/index.php?title=Q696456&oldid=undefined","verified"
"jp-soma","Soma-shi","相馬市","Q696456","https://www.wikidata.org/w/index.php?title=Q696456&oldid=undefined","verified"
"jp-soma","Sōma","相馬市","Q696456","https://www.wikidata.org/w/index.php?title=Q696456&oldid=undefined","verified"
"jp-hitachinaka","Hitachinaka","ひたちなか市","Q696772","https://www.wikidata.org/w/index.php?title=Q696772&oldid=undefined","verified"
"jp-oarai","Oarai","大洗町","Q1349185","https://www.wikidata.org/w/index.php?title=Q1349185&oldid=undefined","verified"
"jp-oarai","おおあらいまち","大洗町","Q1349185","https://www.wikidata.org/w/index.php?title=Q1349185&oldid=undefined","verified"
"jp-oarai","Oarai Town","大洗町","Q1349185","https://www.wikidata.org/w/index.php?title=Q1349185&oldid=undefined","verified"
"jp-oarai","Oarai-machi","大洗町","Q1349185","https://www.wikidata.org/w/index.php?title=Q1349185&oldid=undefined","verified"
"jp-oarai","Ōarai","大洗町","Q1349185","https://www.wikidata.org/w/index.php?title=Q1349185&oldid=undefined","verified"
"jp-kasama","Kasama","笠間市","Q845851","https://www.wikidata.org/w/index.php?title=Q845851&oldid=undefined","verified"
"jp-kasama","笠間町","笠間市","Q845851","https://www.wikidata.org/w/index.php?title=Q845851&oldid=undefined","verified"
"jp-kasama","笠间市","笠間市","Q845851","https://www.wikidata.org/w/index.php?title=Q845851&oldid=undefined","verified"
"jp-daigo","Daigo","大子町","Q1346817","https://www.wikidata.org/w/index.php?title=Q1346817&oldid=undefined","verified"
"jp-daigo","大子村","大子町","Q1346817","https://www.wikidata.org/w/index.php?title=Q1346817&oldid=undefined","verified"
"jp-utsunomiya","Utsunomiya","宇都宮市","Q200589","https://www.wikidata.org/w/index.php?title=Q200589&oldid=undefined","verified"
"jp-utsunomiya","宇都宮町","宇都宮市","Q200589","https://www.wikidata.org/w/index.php?title=Q200589&oldid=undefined","verified"
"jp-utsunomiya","雷都","宇都宮市","Q200589","https://www.wikidata.org/w/index.php?title=Q200589&oldid=undefined","verified"
"jp-utsunomiya","宇陽","宇都宮市","Q200589","https://www.wikidata.org/w/index.php?title=Q200589&oldid=undefined","verified"
"jp-utsunomiya","宇都宮","宇都宮市","Q200589","https://www.wikidata.org/w/index.php?title=Q200589&oldid=undefined","verified"
"jp-nasu","Nasu","那須町","Q636416","https://www.wikidata.org/w/index.php?title=Q636416&oldid=undefined","verified"
"jp-kinugawa-onsen","Kinugawa Onsen","鬼怒川温泉","Q5363719","https://www.wikidata.org/w/index.php?title=Q5363719&oldid=undefined","verified"
"jp-ashikaga","Ashikaga","足利市","Q374477","https://www.wikidata.org/w/index.php?title=Q374477&oldid=undefined","verified"
"jp-ashikaga","足利町","足利市","Q374477","https://www.wikidata.org/w/index.php?title=Q374477&oldid=undefined","verified"
"jp-ashikaga","Asikaga","足利市","Q374477","https://www.wikidata.org/w/index.php?title=Q374477&oldid=undefined","verified"
"jp-mashiko","Mashiko","益子町","Q1346925","https://www.wikidata.org/w/index.php?title=Q1346925&oldid=undefined","verified"
"jp-mashiko","益子村","益子町","Q1346925","https://www.wikidata.org/w/index.php?title=Q1346925&oldid=undefined","verified"
"jp-ikaho-onsen","Ikaho Onsen","伊香保温泉","Q11381013","https://www.wikidata.org/w/index.php?title=Q11381013&oldid=undefined","unresolved"
"jp-minakami","Minakami","みなかみ町","Q1345518","https://www.wikidata.org/w/index.php?title=Q1345518&oldid=undefined","verified"
"jp-tomioka","Tomioka","富岡市","Q873835","https://www.wikidata.org/w/index.php?title=Q873835&oldid=undefined","verified"
"jp-tomioka","富岡町","富岡市","Q873835","https://www.wikidata.org/w/index.php?title=Q873835&oldid=undefined","verified"
"jp-kiryu","Kiryu","桐生市","Q634022","https://www.wikidata.org/w/index.php?title=Q634022&oldid=undefined","verified"
"jp-kiryu","桐生町","桐生市","Q634022","https://www.wikidata.org/w/index.php?title=Q634022&oldid=undefined","verified"
"jp-kiryu","Kiryu City","桐生市","Q634022","https://www.wikidata.org/w/index.php?title=Q634022&oldid=undefined","verified"
"jp-kiryu","Kiryu-shi","桐生市","Q634022","https://www.wikidata.org/w/index.php?title=Q634022&oldid=undefined","verified"
"jp-kiryu","Kiryū-shi","桐生市","Q634022","https://www.wikidata.org/w/index.php?title=Q634022&oldid=undefined","verified"
"jp-saitama","Saitama","さいたま市","Q134635","https://www.wikidata.org/w/index.php?title=Q134635&oldid=undefined","verified"
"jp-saitama","埼玉市","さいたま市","Q134635","https://www.wikidata.org/w/index.php?title=Q134635&oldid=undefined","verified"
"jp-saitama","Saitama City","さいたま市","Q134635","https://www.wikidata.org/w/index.php?title=Q134635&oldid=undefined","verified"
"jp-chichibu","Chichibu","秩父市","Q647079","https://www.wikidata.org/w/index.php?title=Q647079&oldid=undefined","verified"
"jp-chichibu","大宮町","秩父市","Q647079","https://www.wikidata.org/w/index.php?title=Q647079&oldid=undefined","verified"
"jp-chichibu","秩父町","秩父市","Q647079","https://www.wikidata.org/w/index.php?title=Q647079&oldid=undefined","verified"
"jp-chichibu","Titibu","秩父市","Q647079","https://www.wikidata.org/w/index.php?title=Q647079&oldid=undefined","verified"
"jp-nagatoro","Nagatoro","長瀞町","Q1345299","https://www.wikidata.org/w/index.php?title=Q1345299&oldid=undefined","verified"
"jp-nagatoro","野上村","長瀞町","Q1345299","https://www.wikidata.org/w/index.php?title=Q1345299&oldid=undefined","verified"
"jp-nagatoro","野上町","長瀞町","Q1345299","https://www.wikidata.org/w/index.php?title=Q1345299&oldid=undefined","verified"
"jp-nagatoro","Nogami","長瀞町","Q1345299","https://www.wikidata.org/w/index.php?title=Q1345299&oldid=undefined","verified"
"jp-gyoda","Gyoda","行田市","Q860659","https://www.wikidata.org/w/index.php?title=Q860659&oldid=undefined","verified"
"jp-gyoda","忍市","行田市","Q860659","https://www.wikidata.org/w/index.php?title=Q860659&oldid=undefined","verified"
"jp-gyoda","忍町","行田市","Q860659","https://www.wikidata.org/w/index.php?title=Q860659&oldid=undefined","verified"
"jp-gyoda","Oshi","行田市","Q860659","https://www.wikidata.org/w/index.php?title=Q860659&oldid=undefined","verified"
"jp-gyoda","Gyoda City","行田市","Q860659","https://www.wikidata.org/w/index.php?title=Q860659&oldid=undefined","verified"
"jp-gyoda","Gyoda-shi","行田市","Q860659","https://www.wikidata.org/w/index.php?title=Q860659&oldid=undefined","verified"
"jp-gyoda","Gyōda","行田市","Q860659","https://www.wikidata.org/w/index.php?title=Q860659&oldid=undefined","verified"
"jp-urayasu","Urayasu","浦安市","Q319729","https://www.wikidata.org/w/index.php?title=Q319729&oldid=undefined","verified"
"jp-urayasu","浦安村","浦安市","Q319729","https://www.wikidata.org/w/index.php?title=Q319729&oldid=undefined","verified"
"jp-urayasu","浦安町","浦安市","Q319729","https://www.wikidata.org/w/index.php?title=Q319729&oldid=undefined","verified"
"jp-tateyama","Tateyama","館山市","Q646755","https://www.wikidata.org/w/index.php?title=Q646755&oldid=undefined","verified"
"jp-kamogawa","Kamogawa","鴨川市","Q387211","https://www.wikidata.org/w/index.php?title=Q387211&oldid=undefined","verified"
"jp-choshi","Choshi","銚子市","Q694317","https://www.wikidata.org/w/index.php?title=Q694317&oldid=undefined","verified"
"jp-choshi","千葉県銚子市","銚子市","Q694317","https://www.wikidata.org/w/index.php?title=Q694317&oldid=undefined","verified"
"jp-sakura","Sakura","佐倉市","Q498011","https://www.wikidata.org/w/index.php?title=Q498011&oldid=undefined","verified"
"jp-sawara","Sawara","佐原の町並み","Q11383027","https://www.wikidata.org/w/index.php?title=Q11383027&oldid=undefined","verified"
"jp-sawara","香取市佐原","佐原の町並み","Q11383027","https://www.wikidata.org/w/index.php?title=Q11383027&oldid=undefined","verified"
"jp-sawara","佐原之街並","佐原の町並み","Q11383027","https://www.wikidata.org/w/index.php?title=Q11383027&oldid=undefined","verified"
"jp-kujukuri","Kujukuri","九十九里町","Q1202775","https://www.wikidata.org/w/index.php?title=Q1202775&oldid=undefined","verified"
"jp-kujukuri","Kujukuri Town","九十九里町","Q1202775","https://www.wikidata.org/w/index.php?title=Q1202775&oldid=undefined","verified"
"jp-kujukuri","Kujukuri-machi","九十九里町","Q1202775","https://www.wikidata.org/w/index.php?title=Q1202775&oldid=undefined","verified"
"jp-kujukuri","Kujūkuri","九十九里町","Q1202775","https://www.wikidata.org/w/index.php?title=Q1202775&oldid=undefined","verified"
"jp-hachioji","Hachioji","八王子市","Q208863","https://www.wikidata.org/w/index.php?title=Q208863&oldid=undefined","verified"
"jp-hachioji","八王子町","八王子市","Q208863","https://www.wikidata.org/w/index.php?title=Q208863&oldid=undefined","verified"
"jp-hachioji","八王子","八王子市","Q208863","https://www.wikidata.org/w/index.php?title=Q208863&oldid=undefined","verified"
"jp-hachioji","Hachioji City","八王子市","Q208863","https://www.wikidata.org/w/index.php?title=Q208863&oldid=undefined","verified"
"jp-hachioji","Hachioji-shi","八王子市","Q208863","https://www.wikidata.org/w/index.php?title=Q208863&oldid=undefined","verified"
"jp-hachioji","Hachiōji","八王子市","Q208863","https://www.wikidata.org/w/index.php?title=Q208863&oldid=undefined","verified"
"jp-okutama","Okutama","奥多摩町","Q598626","https://www.wikidata.org/w/index.php?title=Q598626&oldid=undefined","verified"
"jp-ome","Ome","青梅市","Q237683","https://www.wikidata.org/w/index.php?title=Q237683&oldid=undefined","verified"
"jp-ome","おうめし","青梅市","Q237683","https://www.wikidata.org/w/index.php?title=Q237683&oldid=undefined","verified"
"jp-ome","Ome City","青梅市","Q237683","https://www.wikidata.org/w/index.php?title=Q237683&oldid=undefined","verified"
"jp-ome","Ome-shi","青梅市","Q237683","https://www.wikidata.org/w/index.php?title=Q237683&oldid=undefined","verified"
"jp-ome","Ōme City","青梅市","Q237683","https://www.wikidata.org/w/index.php?title=Q237683&oldid=undefined","verified"
"jp-ome","Ōme-shi","青梅市","Q237683","https://www.wikidata.org/w/index.php?title=Q237683&oldid=undefined","verified"
"jp-ome","Ōme","青梅市","Q237683","https://www.wikidata.org/w/index.php?title=Q237683&oldid=undefined","verified"
"jp-ogasawara","Ogasawara","小笠原諸島","Q13383295","https://www.wikidata.org/w/index.php?title=Q13383295&oldid=undefined","verified"
"jp-ogasawara","Ogasawara-shotō","小笠原諸島","Q13383295","https://www.wikidata.org/w/index.php?title=Q13383295&oldid=undefined","verified"
"jp-ogasawara","Ogasawara Islands","小笠原諸島","Q13383295","https://www.wikidata.org/w/index.php?title=Q13383295&oldid=undefined","verified"
"jp-ogasawara","Bonin Archipelago","小笠原諸島","Q13383295","https://www.wikidata.org/w/index.php?title=Q13383295&oldid=undefined","verified"
"jp-ogasawara","Bonin Islands","小笠原諸島","Q13383295","https://www.wikidata.org/w/index.php?title=Q13383295&oldid=undefined","verified"
"jp-ogasawara","Ogasawara-Shotō","小笠原諸島","Q13383295","https://www.wikidata.org/w/index.php?title=Q13383295&oldid=undefined","verified"
"jp-ogasawara","Ogasawara Shoto","小笠原諸島","Q13383295","https://www.wikidata.org/w/index.php?title=Q13383295&oldid=undefined","verified"
"jp-ogasawara","Ogasawara Shotō","小笠原諸島","Q13383295","https://www.wikidata.org/w/index.php?title=Q13383295&oldid=undefined","verified"
"jp-enoshima","Enoshima","江の島","Q989803","https://www.wikidata.org/w/index.php?title=Q989803&oldid=undefined","verified"
"jp-enoshima","江ノ島","江の島","Q989803","https://www.wikidata.org/w/index.php?title=Q989803&oldid=undefined","verified"
"jp-odawara","Odawara","小田原市","Q267258","https://www.wikidata.org/w/index.php?title=Q267258&oldid=undefined","verified"
"jp-niigata","Niigata","新潟市","Q179691","https://www.wikidata.org/w/index.php?title=Q179691&oldid=undefined","verified"
"jp-niigata","新潟区","新潟市","Q179691","https://www.wikidata.org/w/index.php?title=Q179691&oldid=undefined","verified"
"jp-niigata","新瀉市","新潟市","Q179691","https://www.wikidata.org/w/index.php?title=Q179691&oldid=undefined","verified"
"jp-niigata","新泻市","新潟市","Q179691","https://www.wikidata.org/w/index.php?title=Q179691&oldid=undefined","verified"
"jp-sado","Sado","佐渡島","Q998623","https://www.wikidata.org/w/index.php?title=Q998623&oldid=undefined","verified"
"jp-sado","佐渡ヶ島","佐渡島","Q998623","https://www.wikidata.org/w/index.php?title=Q998623&oldid=undefined","verified"
"jp-sado","Sadogashima","佐渡島","Q998623","https://www.wikidata.org/w/index.php?title=Q998623&oldid=undefined","verified"
"jp-sado","Sadoshima","佐渡島","Q998623","https://www.wikidata.org/w/index.php?title=Q998623&oldid=undefined","verified"
"jp-echigo-yuzawa","Echigo-Yuzawa","越後湯沢温泉","Q11636518","https://www.wikidata.org/w/index.php?title=Q11636518&oldid=undefined","verified"
"jp-echigo-yuzawa","湯沢温泉","越後湯沢温泉","Q11636518","https://www.wikidata.org/w/index.php?title=Q11636518&oldid=undefined","verified"
"jp-echigo-yuzawa","Yuzawa Onsen","越後湯沢温泉","Q11636518","https://www.wikidata.org/w/index.php?title=Q11636518&oldid=undefined","verified"
"jp-myoko","Myoko","妙高市","Q279642","https://www.wikidata.org/w/index.php?title=Q279642&oldid=undefined","verified"
"jp-myoko","新井市","妙高市","Q279642","https://www.wikidata.org/w/index.php?title=Q279642&oldid=undefined","verified"
"jp-myoko","Arai","妙高市","Q279642","https://www.wikidata.org/w/index.php?title=Q279642&oldid=undefined","verified"
"jp-myoko","Myoko City","妙高市","Q279642","https://www.wikidata.org/w/index.php?title=Q279642&oldid=undefined","verified"
"jp-myoko","Myoko-shi","妙高市","Q279642","https://www.wikidata.org/w/index.php?title=Q279642&oldid=undefined","verified"
"jp-myoko","Arai City","妙高市","Q279642","https://www.wikidata.org/w/index.php?title=Q279642&oldid=undefined","verified"
"jp-myoko","Arai-shi","妙高市","Q279642","https://www.wikidata.org/w/index.php?title=Q279642&oldid=undefined","verified"
"jp-myoko","Myōkō-shi","妙高市","Q279642","https://www.wikidata.org/w/index.php?title=Q279642&oldid=undefined","verified"
"jp-nagaoka","Nagaoka","長岡市","Q540312","https://www.wikidata.org/w/index.php?title=Q540312&oldid=undefined","verified"
"jp-nagaoka","長岡町","長岡市","Q540312","https://www.wikidata.org/w/index.php?title=Q540312&oldid=undefined","verified"
"jp-nagaoka","長岡","長岡市","Q540312","https://www.wikidata.org/w/index.php?title=Q540312&oldid=undefined","verified"
"jp-nagaoka","Nagaoka-shi","長岡市","Q540312","https://www.wikidata.org/w/index.php?title=Q540312&oldid=undefined","verified"
"jp-takaoka","Takaoka","高岡市","Q502988","https://www.wikidata.org/w/index.php?title=Q502988&oldid=undefined","verified"
"jp-gokayama","Gokayama","五箇山","Q1203890","https://www.wikidata.org/w/index.php?title=Q1203890&oldid=undefined","unresolved"
"jp-gokayama","五箇山村","五箇山","Q1203890","https://www.wikidata.org/w/index.php?title=Q1203890&oldid=undefined","unresolved"
"jp-gokayama","相倉・菅沼合掌集落","五箇山","Q1203890","https://www.wikidata.org/w/index.php?title=Q1203890&oldid=undefined","unresolved"
"jp-kurobe","Kurobe","黒部市","Q753864","https://www.wikidata.org/w/index.php?title=Q753864&oldid=undefined","verified"
"jp-himi","Himi","氷見市","Q646886","https://www.wikidata.org/w/index.php?title=Q646886&oldid=undefined","verified"
"jp-himi","氷見町","氷見市","Q646886","https://www.wikidata.org/w/index.php?title=Q646886&oldid=undefined","verified"
"jp-kaga-onsen","Kaga Onsen","加賀温泉郷","Q11399702","https://www.wikidata.org/w/index.php?title=Q11399702&oldid=undefined","unresolved"
"jp-kaga-onsen","加賀温泉","加賀温泉郷","Q11399702","https://www.wikidata.org/w/index.php?title=Q11399702&oldid=undefined","unresolved"
"jp-kaga-onsen","加賀温泉街","加賀温泉郷","Q11399702","https://www.wikidata.org/w/index.php?title=Q11399702&oldid=undefined","unresolved"
"jp-kaga-onsen","Kaga Onsenkyō","加賀温泉郷","Q11399702","https://www.wikidata.org/w/index.php?title=Q11399702&oldid=undefined","unresolved"
"jp-noto","Noto","能登半島","Q691151","https://www.wikidata.org/w/index.php?title=Q691151&oldid=undefined","verified"
"jp-wajima","Wajima","輪島市","Q823896","https://www.wikidata.org/w/index.php?title=Q823896&oldid=undefined","unresolved"
"jp-wajima","Wajima-shi","輪島市","Q823896","https://www.wikidata.org/w/index.php?title=Q823896&oldid=undefined","unresolved"
"jp-nanao","Nanao","七尾市","Q695892","https://www.wikidata.org/w/index.php?title=Q695892&oldid=undefined","verified"
"jp-eiheiji","Eiheiji","永平寺町","Q1303631","https://www.wikidata.org/w/index.php?title=Q1303631&oldid=undefined","verified"
"jp-eiheiji","志比村","永平寺町","Q1303631","https://www.wikidata.org/w/index.php?title=Q1303631&oldid=undefined","verified"
"jp-eiheiji","Shihi","永平寺町","Q1303631","https://www.wikidata.org/w/index.php?title=Q1303631&oldid=undefined","verified"
"jp-katsuyama","Katsuyama","勝山市","Q847543","https://www.wikidata.org/w/index.php?title=Q847543&oldid=undefined","verified"
"jp-katsuyama","Katuyama","勝山市","Q847543","https://www.wikidata.org/w/index.php?title=Q847543&oldid=undefined","verified"
"jp-awara-onsen","Awara Onsen","芦原温泉","Q11614796","https://www.wikidata.org/w/index.php?title=Q11614796&oldid=undefined","verified"
"jp-awara-onsen","あわら温泉","芦原温泉","Q11614796","https://www.wikidata.org/w/index.php?title=Q11614796&oldid=undefined","verified"
"jp-awara-onsen","Awara Hot Spring","芦原温泉","Q11614796","https://www.wikidata.org/w/index.php?title=Q11614796&oldid=undefined","verified"
"jp-tsuruga","Tsuruga","敦賀市","Q847581","https://www.wikidata.org/w/index.php?title=Q847581&oldid=undefined","verified"
"jp-tsuruga","Turuga","敦賀市","Q847581","https://www.wikidata.org/w/index.php?title=Q847581&oldid=undefined","verified"
"jp-kofu","Kofu","甲府市","Q201932","https://www.wikidata.org/w/index.php?title=Q201932&oldid=undefined","verified"
"jp-kofu","甲斐府中","甲府市","Q201932","https://www.wikidata.org/w/index.php?title=Q201932&oldid=undefined","verified"
"jp-kofu","甲府","甲府市","Q201932","https://www.wikidata.org/w/index.php?title=Q201932&oldid=undefined","verified"
"jp-kofu","Kofu City","甲府市","Q201932","https://www.wikidata.org/w/index.php?title=Q201932&oldid=undefined","verified"
"jp-kofu","Kofu-shi","甲府市","Q201932","https://www.wikidata.org/w/index.php?title=Q201932&oldid=undefined","verified"
"jp-kofu","Kōfu-shi","甲府市","Q201932","https://www.wikidata.org/w/index.php?title=Q201932&oldid=undefined","verified"
"jp-kofu","Kōfu","甲府市","Q201932","https://www.wikidata.org/w/index.php?title=Q201932&oldid=undefined","verified"
"jp-yamanakako","Yamanakako","山中湖村","Q1204394","https://www.wikidata.org/w/index.php?title=Q1204394&oldid=undefined","verified"
"jp-yamanakako","中野村","山中湖村","Q1204394","https://www.wikidata.org/w/index.php?title=Q1204394&oldid=undefined","verified"
"jp-yamanakako","Nakano","山中湖村","Q1204394","https://www.wikidata.org/w/index.php?title=Q1204394&oldid=undefined","verified"
"jp-oshino","Oshino","忍野村","Q1348944","https://www.wikidata.org/w/index.php?title=Q1348944&oldid=undefined","verified"
"jp-kiyosato","Kiyosato","清里高原","Q11561414","https://www.wikidata.org/w/index.php?title=Q11561414&oldid=undefined","unresolved"
"jp-kiyosato","Kiyosato-kōgen","清里高原","Q11561414","https://www.wikidata.org/w/index.php?title=Q11561414&oldid=undefined","unresolved"
"jp-kiyosato","Kiyosato-kougen","清里高原","Q11561414","https://www.wikidata.org/w/index.php?title=Q11561414&oldid=undefined","unresolved"
"jp-kiyosato","Kiyosato highlands","清里高原","Q11561414","https://www.wikidata.org/w/index.php?title=Q11561414&oldid=undefined","unresolved"
"jp-suwa","Suwa","諏訪市","Q846338","https://www.wikidata.org/w/index.php?title=Q846338&oldid=undefined","verified"
"jp-ueda","Ueda","上田市","Q844852","https://www.wikidata.org/w/index.php?title=Q844852&oldid=undefined","verified"
"jp-ueda","上田町","上田市","Q844852","https://www.wikidata.org/w/index.php?title=Q844852&oldid=undefined","verified"
"jp-azumino","Azumino","安曇野市","Q534667","https://www.wikidata.org/w/index.php?title=Q534667&oldid=undefined","verified"
"jp-ina","Ina","伊那市","Q840888","https://www.wikidata.org/w/index.php?title=Q840888&oldid=undefined","verified"
"jp-iiyama","Iiyama","飯山市","Q851097","https://www.wikidata.org/w/index.php?title=Q851097&oldid=undefined","verified"
"jp-gifu","Gifu","岐阜市","Q45798","https://www.wikidata.org/w/index.php?title=Q45798&oldid=undefined","verified"
"jp-gujo-hachiman","Gujo Hachiman","","","","unresolved"
"jp-nakatsugawa","Nakatsugawa","中津川市","Q844052","https://www.wikidata.org/w/index.php?title=Q844052&oldid=undefined","unresolved"
"jp-nakatsugawa","中津川町","中津川市","Q844052","https://www.wikidata.org/w/index.php?title=Q844052&oldid=undefined","unresolved"
"jp-nakatsugawa","Nakatugawa","中津川市","Q844052","https://www.wikidata.org/w/index.php?title=Q844052&oldid=undefined","unresolved"
"jp-magome","Magome","馬籠宿","Q1433284","https://www.wikidata.org/w/index.php?title=Q1433284&oldid=undefined","verified"
"jp-magome","馬籠","馬籠宿","Q1433284","https://www.wikidata.org/w/index.php?title=Q1433284&oldid=undefined","verified"
"jp-fujinomiya","Fujinomiya","富士宮市","Q496072","https://www.wikidata.org/w/index.php?title=Q496072&oldid=undefined","verified"
"jp-fujinomiya","Hujinomiya","富士宮市","Q496072","https://www.wikidata.org/w/index.php?title=Q496072&oldid=undefined","verified"
"jp-shimoda","Shimoda","下田市","Q653402","https://www.wikidata.org/w/index.php?title=Q653402&oldid=undefined","verified"
"jp-shimoda","下田町","下田市","Q653402","https://www.wikidata.org/w/index.php?title=Q653402&oldid=undefined","verified"
"jp-shimoda","下田","下田市","Q653402","https://www.wikidata.org/w/index.php?title=Q653402&oldid=undefined","verified"
"jp-shimoda","Simoda","下田市","Q653402","https://www.wikidata.org/w/index.php?title=Q653402&oldid=undefined","verified"
"jp-ito","Ito","伊東市","Q721163","https://www.wikidata.org/w/index.php?title=Q721163&oldid=undefined","verified"
"jp-ito","Ito City","伊東市","Q721163","https://www.wikidata.org/w/index.php?title=Q721163&oldid=undefined","verified"
"jp-ito","Ito-shi","伊東市","Q721163","https://www.wikidata.org/w/index.php?title=Q721163&oldid=undefined","verified"
"jp-mishima","Mishima","三島市","Q653478","https://www.wikidata.org/w/index.php?title=Q653478&oldid=undefined","unresolved"
"jp-mishima","三岛市","三島市","Q653478","https://www.wikidata.org/w/index.php?title=Q653478&oldid=undefined","unresolved"
"jp-mishima","Misima","三島市","Q653478","https://www.wikidata.org/w/index.php?title=Q653478&oldid=undefined","unresolved"
"jp-mishima","Mishima-shi","三島市","Q653478","https://www.wikidata.org/w/index.php?title=Q653478&oldid=undefined","unresolved"
"jp-toyota","Toyota","豊田市","Q201117","https://www.wikidata.org/w/index.php?title=Q201117&oldid=undefined","verified"
"jp-toyota","挙母市","豊田市","Q201117","https://www.wikidata.org/w/index.php?title=Q201117&oldid=undefined","verified"
"jp-toyota","挙母町","豊田市","Q201117","https://www.wikidata.org/w/index.php?title=Q201117&oldid=undefined","verified"
"jp-toyota","挙母村","豊田市","Q201117","https://www.wikidata.org/w/index.php?title=Q201117&oldid=undefined","verified"
"jp-toyota","举母市","豊田市","Q201117","https://www.wikidata.org/w/index.php?title=Q201117&oldid=undefined","verified"
"jp-toyota","丰田市","豊田市","Q201117","https://www.wikidata.org/w/index.php?title=Q201117&oldid=undefined","verified"
"jp-toyota","Koromo","豊田市","Q201117","https://www.wikidata.org/w/index.php?title=Q201117&oldid=undefined","verified"
"jp-toyota","Toyota City","豊田市","Q201117","https://www.wikidata.org/w/index.php?title=Q201117&oldid=undefined","verified"
"jp-toyota","Toyota-shi","豊田市","Q201117","https://www.wikidata.org/w/index.php?title=Q201117&oldid=undefined","verified"
"jp-ise","Ise","伊勢市","Q328067","https://www.wikidata.org/w/index.php?title=Q328067&oldid=undefined","verified"
"jp-ise","宇治山田市","伊勢市","Q328067","https://www.wikidata.org/w/index.php?title=Q328067&oldid=undefined","verified"
"jp-ise","宇治山田町","伊勢市","Q328067","https://www.wikidata.org/w/index.php?title=Q328067&oldid=undefined","verified"
"jp-ise","Ujiyamada","伊勢市","Q328067","https://www.wikidata.org/w/index.php?title=Q328067&oldid=undefined","verified"
"jp-toba","Toba","鳥羽市","Q819629","https://www.wikidata.org/w/index.php?title=Q819629&oldid=undefined","verified"
"jp-shima","Shima","志摩市","Q338009","https://www.wikidata.org/w/index.php?title=Q338009&oldid=undefined","verified"
"jp-shima","Sima","志摩市","Q338009","https://www.wikidata.org/w/index.php?title=Q338009&oldid=undefined","verified"
"jp-nagahama","Nagahama","長浜市","Q844130","https://www.wikidata.org/w/index.php?title=Q844130&oldid=undefined","verified"
"jp-omihachiman","Omihachiman","近江八幡市","Q385461","https://www.wikidata.org/w/index.php?title=Q385461&oldid=undefined","verified"
"jp-omihachiman","おうみはちまんし","近江八幡市","Q385461","https://www.wikidata.org/w/index.php?title=Q385461&oldid=undefined","verified"
"jp-omihachiman","Omihachiman City","近江八幡市","Q385461","https://www.wikidata.org/w/index.php?title=Q385461&oldid=undefined","verified"
"jp-omihachiman","Omihachiman-shi","近江八幡市","Q385461","https://www.wikidata.org/w/index.php?title=Q385461&oldid=undefined","verified"
"jp-omihachiman","Ōmihachiman","近江八幡市","Q385461","https://www.wikidata.org/w/index.php?title=Q385461&oldid=undefined","verified"
"jp-koka","Koka","甲賀市","Q847584","https://www.wikidata.org/w/index.php?title=Q847584&oldid=undefined","verified"
"jp-koka","Koka City","甲賀市","Q847584","https://www.wikidata.org/w/index.php?title=Q847584&oldid=undefined","verified"
"jp-koka","Koka-shi","甲賀市","Q847584","https://www.wikidata.org/w/index.php?title=Q847584&oldid=undefined","verified"
"jp-koka","Kōka","甲賀市","Q847584","https://www.wikidata.org/w/index.php?title=Q847584&oldid=undefined","verified"
"jp-takashima","Takashima","高島市","Q845794","https://www.wikidata.org/w/index.php?title=Q845794&oldid=undefined","verified"
"jp-takashima","西近江市","高島市","Q845794","https://www.wikidata.org/w/index.php?title=Q845794&oldid=undefined","verified"
"jp-takashima","Takasima","高島市","Q845794","https://www.wikidata.org/w/index.php?title=Q845794&oldid=undefined","verified"
"jp-uji","Uji","宇治市","Q326956","https://www.wikidata.org/w/index.php?title=Q326956&oldid=undefined","verified"
"jp-uji","宇治","宇治市","Q326956","https://www.wikidata.org/w/index.php?title=Q326956&oldid=undefined","verified"
"jp-amanohashidate","Amanohashidate","天橋立","Q259727","https://www.wikidata.org/w/index.php?title=Q259727&oldid=undefined","verified"
"jp-amanohashidate","𲔁","天橋立","Q259727","https://www.wikidata.org/w/index.php?title=Q259727&oldid=undefined","verified"
"jp-amanohashidate","𳅃","天橋立","Q259727","https://www.wikidata.org/w/index.php?title=Q259727&oldid=undefined","verified"
"jp-amanohashidate","⿸厂⿱⿰有𰗈⿰有𰗈","天橋立","Q259727","https://www.wikidata.org/w/index.php?title=Q259727&oldid=undefined","verified"
"jp-amanohashidate","⿺辶⿲⿱日昌⿱日昌⿱昌巾","天橋立","Q259727","https://www.wikidata.org/w/index.php?title=Q259727&oldid=undefined","verified"
"jp-amanohashidate","Ama no Hashidate","天橋立","Q259727","https://www.wikidata.org/w/index.php?title=Q259727&oldid=undefined","verified"
"jp-ine","Ine","伊根町","Q1345614","https://www.wikidata.org/w/index.php?title=Q1345614&oldid=undefined","verified"
"jp-maizuru","Maizuru","舞鶴市","Q750573","https://www.wikidata.org/w/index.php?title=Q750573&oldid=undefined","verified"
"jp-miyama","Miyama","","","","unresolved"
"jp-sakai","Sakai","堺市","Q193428","https://www.wikidata.org/w/index.php?title=Q193428&oldid=undefined","verified"
"jp-sakai","境","堺市","Q193428","https://www.wikidata.org/w/index.php?title=Q193428&oldid=undefined","verified"
"jp-sakai","堺","堺市","Q193428","https://www.wikidata.org/w/index.php?title=Q193428&oldid=undefined","verified"
"jp-sakai","Sakai-shi","堺市","Q193428","https://www.wikidata.org/w/index.php?title=Q193428&oldid=undefined","verified"
"jp-minoh","Minoh","箕面市","Q665097","https://www.wikidata.org/w/index.php?title=Q665097&oldid=undefined","verified"
"jp-minoh","箕面村","箕面市","Q665097","https://www.wikidata.org/w/index.php?title=Q665097&oldid=undefined","verified"
"jp-minoh","箕面町","箕面市","Q665097","https://www.wikidata.org/w/index.php?title=Q665097&oldid=undefined","verified"
"jp-minoh","Minoh City","箕面市","Q665097","https://www.wikidata.org/w/index.php?title=Q665097&oldid=undefined","verified"
"jp-minoh","Minoh-shi","箕面市","Q665097","https://www.wikidata.org/w/index.php?title=Q665097&oldid=undefined","verified"
"jp-minoh","Minoo City","箕面市","Q665097","https://www.wikidata.org/w/index.php?title=Q665097&oldid=undefined","verified"
"jp-minoh","Minoo-shi","箕面市","Q665097","https://www.wikidata.org/w/index.php?title=Q665097&oldid=undefined","verified"
"jp-kishiwada","Kishiwada","岸和田市","Q740456","https://www.wikidata.org/w/index.php?title=Q740456&oldid=undefined","verified"
"jp-kishiwada","岸和田町","岸和田市","Q740456","https://www.wikidata.org/w/index.php?title=Q740456&oldid=undefined","verified"
"jp-awaji-island","Awaji Island","淡路島","Q504373","https://www.wikidata.org/w/index.php?title=Q504373&oldid=undefined","verified"
"jp-awaji-island","日本のガラパゴス","淡路島","Q504373","https://www.wikidata.org/w/index.php?title=Q504373&oldid=undefined","verified"
"jp-awaji-island","淡路岛","淡路島","Q504373","https://www.wikidata.org/w/index.php?title=Q504373&oldid=undefined","verified"
"jp-arima-onsen","Arima Onsen","有馬温泉","Q4790673","https://www.wikidata.org/w/index.php?title=Q4790673&oldid=undefined","unresolved"
"jp-arima-onsen","有馬温泉郷","有馬温泉","Q4790673","https://www.wikidata.org/w/index.php?title=Q4790673&oldid=undefined","unresolved"
"jp-arima-onsen","有間温泉","有馬温泉","Q4790673","https://www.wikidata.org/w/index.php?title=Q4790673&oldid=undefined","unresolved"
"jp-takarazuka","Takarazuka","宝塚市","Q823967","https://www.wikidata.org/w/index.php?title=Q823967&oldid=undefined","verified"
"jp-akashi","Akashi","明石市","Q26406","https://www.wikidata.org/w/index.php?title=Q26406&oldid=undefined","unresolved"
"jp-akashi","明石町","明石市","Q26406","https://www.wikidata.org/w/index.php?title=Q26406&oldid=undefined","unresolved"
"jp-akashi","Akashi-shi","明石市","Q26406","https://www.wikidata.org/w/index.php?title=Q26406&oldid=undefined","unresolved"
"jp-akashi","Akashi city","明石市","Q26406","https://www.wikidata.org/w/index.php?title=Q26406&oldid=undefined","unresolved"
"jp-sasayama","Sasayama","丹波篠山市","Q877169","https://www.wikidata.org/w/index.php?title=Q877169&oldid=undefined","unresolved"
"jp-sasayama","篠山市","丹波篠山市","Q877169","https://www.wikidata.org/w/index.php?title=Q877169&oldid=undefined","unresolved"
"jp-sasayama","筱山市","丹波篠山市","Q877169","https://www.wikidata.org/w/index.php?title=Q877169&oldid=undefined","unresolved"
"jp-sasayama","Tambasasayama","丹波篠山市","Q877169","https://www.wikidata.org/w/index.php?title=Q877169&oldid=undefined","unresolved"
"jp-asuka","Asuka","明日香村","Q752397","https://www.wikidata.org/w/index.php?title=Q752397&oldid=undefined","verified"
"jp-yoshino","Yoshino","吉野町","Q1203731","https://www.wikidata.org/w/index.php?title=Q1203731&oldid=undefined","verified"
"jp-yoshino","吉野村","吉野町","Q1203731","https://www.wikidata.org/w/index.php?title=Q1203731&oldid=undefined","verified"
"jp-kashihara","Kashihara","橿原市","Q496319","https://www.wikidata.org/w/index.php?title=Q496319&oldid=undefined","verified"
"jp-kashihara","Kasihara","橿原市","Q496319","https://www.wikidata.org/w/index.php?title=Q496319&oldid=undefined","verified"
"jp-nachikatsuura","Nachikatsuura","那智勝浦町","Q1346730","https://www.wikidata.org/w/index.php?title=Q1346730&oldid=undefined","verified"
"jp-nachikatsuura","那智勝浦","那智勝浦町","Q1346730","https://www.wikidata.org/w/index.php?title=Q1346730&oldid=undefined","verified"
"jp-nachikatsuura","Nachi-Katsuura","那智勝浦町","Q1346730","https://www.wikidata.org/w/index.php?title=Q1346730&oldid=undefined","verified"
"jp-kushimoto","Kushimoto","串本町","Q1343733","https://www.wikidata.org/w/index.php?title=Q1343733&oldid=undefined","verified"
"jp-kushimoto","串本村","串本町","Q1343733","https://www.wikidata.org/w/index.php?title=Q1343733&oldid=undefined","verified"
"jp-kurayoshi","Kurayoshi","倉吉市","Q642006","https://www.wikidata.org/w/index.php?title=Q642006&oldid=undefined","verified"
"jp-kurayoshi","倉吉町","倉吉市","Q642006","https://www.wikidata.org/w/index.php?title=Q642006&oldid=undefined","verified"
"jp-kurayoshi","倉吉","倉吉市","Q642006","https://www.wikidata.org/w/index.php?title=Q642006&oldid=undefined","verified"
"jp-kurayoshi","Kurayosi","倉吉市","Q642006","https://www.wikidata.org/w/index.php?title=Q642006&oldid=undefined","verified"
"jp-sakaiminato","Sakaiminato","境港市","Q496431","https://www.wikidata.org/w/index.php?title=Q496431&oldid=undefined","verified"
"jp-sakaiminato","境港町","境港市","Q496431","https://www.wikidata.org/w/index.php?title=Q496431&oldid=undefined","verified"
"jp-sakaiminato","境港","境港市","Q496431","https://www.wikidata.org/w/index.php?title=Q496431&oldid=undefined","verified"
"jp-misasa-onsen","Misasa Onsen","三朝温泉","Q11355561","https://www.wikidata.org/w/index.php?title=Q11355561&oldid=undefined","verified"
"jp-daisen","Daisen","大山町","Q1204975","https://www.wikidata.org/w/index.php?title=Q1204975&oldid=undefined","unresolved"
"jp-iwami-ginzan","Iwami Ginzan","石見銀山","Q174139","https://www.wikidata.org/w/index.php?title=Q174139&oldid=undefined","unresolved"
"jp-iwami-ginzan","大森銀山","石見銀山","Q174139","https://www.wikidata.org/w/index.php?title=Q174139&oldid=undefined","unresolved"
"jp-iwami-ginzan","佐摩銀山","石見銀山","Q174139","https://www.wikidata.org/w/index.php?title=Q174139&oldid=undefined","unresolved"
"jp-iwami-ginzan","Ōmori Ginzan","石見銀山","Q174139","https://www.wikidata.org/w/index.php?title=Q174139&oldid=undefined","unresolved"
"jp-iwami-ginzan","Sama Ginzan","石見銀山","Q174139","https://www.wikidata.org/w/index.php?title=Q174139&oldid=undefined","unresolved"
"jp-tsuwano","Tsuwano","津和野町","Q640586","https://www.wikidata.org/w/index.php?title=Q640586&oldid=undefined","verified"
"jp-tamatsukuri-onsen","Tamatsukuri Onsen","玉造温泉","Q3514711","https://www.wikidata.org/w/index.php?title=Q3514711&oldid=undefined","verified"
"jp-oki-islands","Oki Islands","隠岐諸島","Q483146","https://www.wikidata.org/w/index.php?title=Q483146&oldid=undefined","unresolved"
"jp-oki-islands","隠岐島","隠岐諸島","Q483146","https://www.wikidata.org/w/index.php?title=Q483146&oldid=undefined","unresolved"
"jp-oki-islands","隠岐の島","隠岐諸島","Q483146","https://www.wikidata.org/w/index.php?title=Q483146&oldid=undefined","unresolved"
"jp-oki-islands","隠岐列島","隠岐諸島","Q483146","https://www.wikidata.org/w/index.php?title=Q483146&oldid=undefined","unresolved"
"jp-oki-islands","隠岐群島","隠岐諸島","Q483146","https://www.wikidata.org/w/index.php?title=Q483146&oldid=undefined","unresolved"
"jp-oki-islands","隱岐島","隠岐諸島","Q483146","https://www.wikidata.org/w/index.php?title=Q483146&oldid=undefined","unresolved"
"jp-oki-islands","隐歧岛","隠岐諸島","Q483146","https://www.wikidata.org/w/index.php?title=Q483146&oldid=undefined","unresolved"
"jp-oki-islands","隱岐諸島","隠岐諸島","Q483146","https://www.wikidata.org/w/index.php?title=Q483146&oldid=undefined","unresolved"
"jp-oki-islands","隠岐諸島","隠岐諸島","Q483146","https://www.wikidata.org/w/index.php?title=Q483146&oldid=undefined","unresolved"
"jp-tsuyama","Tsuyama","津山市","Q841125","https://www.wikidata.org/w/index.php?title=Q841125&oldid=undefined","verified"
"jp-tsuyama","Tuyama","津山市","Q841125","https://www.wikidata.org/w/index.php?title=Q841125&oldid=undefined","verified"
"jp-bizen","Bizen","備前市","Q863741","https://www.wikidata.org/w/index.php?title=Q863741&oldid=undefined","verified"
"jp-maniwa","Maniwa","真庭市","Q861230","https://www.wikidata.org/w/index.php?title=Q861230&oldid=undefined","verified"
"jp-maniwa","Maniwa city","真庭市","Q861230","https://www.wikidata.org/w/index.php?title=Q861230&oldid=undefined","verified"
"jp-setouchi","Setouchi","瀬戸内地方","Q8016941","https://www.wikidata.org/w/index.php?title=Q8016941&oldid=undefined","unresolved"
"jp-setouchi","瀬戸内海地方","瀬戸内地方","Q8016941","https://www.wikidata.org/w/index.php?title=Q8016941&oldid=undefined","unresolved"
"jp-setouchi","瀬戸内","瀬戸内地方","Q8016941","https://www.wikidata.org/w/index.php?title=Q8016941&oldid=undefined","unresolved"
"jp-setouchi","濑户内地方","瀬戸内地方","Q8016941","https://www.wikidata.org/w/index.php?title=Q8016941&oldid=undefined","unresolved"
"jp-onomichi","Onomichi","尾道市","Q696694","https://www.wikidata.org/w/index.php?title=Q696694&oldid=undefined","verified"
"jp-onomichi","尾道町","尾道市","Q696694","https://www.wikidata.org/w/index.php?title=Q696694&oldid=undefined","verified"
"jp-onomichi","Onomiti","尾道市","Q696694","https://www.wikidata.org/w/index.php?title=Q696694&oldid=undefined","verified"
"jp-fukuyama","Fukuyama","福山市","Q661038","https://www.wikidata.org/w/index.php?title=Q661038&oldid=undefined","unresolved"
"jp-fukuyama","福山町","福山市","Q661038","https://www.wikidata.org/w/index.php?title=Q661038&oldid=undefined","unresolved"
"jp-fukuyama","福山","福山市","Q661038","https://www.wikidata.org/w/index.php?title=Q661038&oldid=undefined","unresolved"
"jp-fukuyama","Fukuyama-shi","福山市","Q661038","https://www.wikidata.org/w/index.php?title=Q661038&oldid=undefined","unresolved"
"jp-takehara","Takehara","竹原市","Q200500","https://www.wikidata.org/w/index.php?title=Q200500&oldid=undefined","verified"
"jp-kure","Kure","呉市","Q223439","https://www.wikidata.org/w/index.php?title=Q223439&oldid=undefined","verified"
"jp-kure","呉市","呉市","Q223439","https://www.wikidata.org/w/index.php?title=Q223439&oldid=undefined","verified"
"jp-shimonoseki","Shimonoseki","下関市","Q203308","https://www.wikidata.org/w/index.php?title=Q203308&oldid=undefined","verified"
"jp-shimonoseki","赤間関市","下関市","Q203308","https://www.wikidata.org/w/index.php?title=Q203308&oldid=undefined","verified"
"jp-shimonoseki","赤間関区","下関市","Q203308","https://www.wikidata.org/w/index.php?title=Q203308&oldid=undefined","verified"
"jp-shimonoseki","赤間關市","下関市","Q203308","https://www.wikidata.org/w/index.php?title=Q203308&oldid=undefined","verified"
"jp-shimonoseki","馬關","下関市","Q203308","https://www.wikidata.org/w/index.php?title=Q203308&oldid=undefined","verified"
"jp-shimonoseki","赤間關","下関市","Q203308","https://www.wikidata.org/w/index.php?title=Q203308&oldid=undefined","verified"
"jp-shimonoseki","下關","下関市","Q203308","https://www.wikidata.org/w/index.php?title=Q203308&oldid=undefined","verified"
"jp-iwakuni","Iwakuni","岩国市","Q329797","https://www.wikidata.org/w/index.php?title=Q329797&oldid=undefined","verified"
"jp-akiyoshidai","Akiyoshidai","秋吉台","Q1765187","https://www.wikidata.org/w/index.php?title=Q1765187&oldid=undefined","verified"
"jp-akiyoshidai","Akiyoshi Plateau","秋吉台","Q1765187","https://www.wikidata.org/w/index.php?title=Q1765187&oldid=undefined","verified"
"jp-akiyoshidai","Akiyoshi-dai","秋吉台","Q1765187","https://www.wikidata.org/w/index.php?title=Q1765187&oldid=undefined","verified"
"jp-ube","Ube","宇部市","Q468765","https://www.wikidata.org/w/index.php?title=Q468765&oldid=undefined","verified"
"jp-ube","宇部村","宇部市","Q468765","https://www.wikidata.org/w/index.php?title=Q468765&oldid=undefined","verified"
"jp-ube","宇部","宇部市","Q468765","https://www.wikidata.org/w/index.php?title=Q468765&oldid=undefined","verified"
"jp-naruto","Naruto","鳴門市","Q460812","https://www.wikidata.org/w/index.php?title=Q460812&oldid=undefined","verified"
"jp-naruto","鳴南市","鳴門市","Q460812","https://www.wikidata.org/w/index.php?title=Q460812&oldid=undefined","verified"
"jp-naruto","Meinan","鳴門市","Q460812","https://www.wikidata.org/w/index.php?title=Q460812&oldid=undefined","verified"
"jp-iya-valley","Iya Valley","祖谷渓","Q3408660","https://www.wikidata.org/w/index.php?title=Q3408660&oldid=undefined","verified"
"jp-iya-valley","奥祖谷","祖谷渓","Q3408660","https://www.wikidata.org/w/index.php?title=Q3408660&oldid=undefined","verified"
"jp-iya-valley","祖谷溪谷","祖谷渓","Q3408660","https://www.wikidata.org/w/index.php?title=Q3408660&oldid=undefined","verified"
"jp-iya-valley","祖谷谷","祖谷渓","Q3408660","https://www.wikidata.org/w/index.php?title=Q3408660&oldid=undefined","verified"
"jp-mima","Mima","美馬市","Q857828","https://www.wikidata.org/w/index.php?title=Q857828&oldid=undefined","verified"
"jp-kotohira","Kotohira","琴平町","Q1271483","https://www.wikidata.org/w/index.php?title=Q1271483&oldid=undefined","verified"
"jp-shodoshima","Shodoshima","小豆島","Q2166413","https://www.wikidata.org/w/index.php?title=Q2166413&oldid=undefined","verified"
"jp-shodoshima","Shōdoshima","小豆島","Q2166413","https://www.wikidata.org/w/index.php?title=Q2166413&oldid=undefined","verified"
"jp-shodoshima","Shodo Island","小豆島","Q2166413","https://www.wikidata.org/w/index.php?title=Q2166413&oldid=undefined","verified"
"jp-shodoshima","Shōdo-shima","小豆島","Q2166413","https://www.wikidata.org/w/index.php?title=Q2166413&oldid=undefined","verified"
"jp-shodoshima","Shodo-shima","小豆島","Q2166413","https://www.wikidata.org/w/index.php?title=Q2166413&oldid=undefined","verified"
"jp-shodoshima","Shodo Sima","小豆島","Q2166413","https://www.wikidata.org/w/index.php?title=Q2166413&oldid=undefined","verified"
"jp-marugame","Marugame","丸亀市","Q460835","https://www.wikidata.org/w/index.php?title=Q460835&oldid=undefined","verified"
"jp-marugame","丸龜市","丸亀市","Q460835","https://www.wikidata.org/w/index.php?title=Q460835&oldid=undefined","verified"
"jp-marugame","丸龜町","丸亀市","Q460835","https://www.wikidata.org/w/index.php?title=Q460835&oldid=undefined","verified"
"jp-marugame","丸亀町","丸亀市","Q460835","https://www.wikidata.org/w/index.php?title=Q460835&oldid=undefined","verified"
"jp-marugame","丸龟市","丸亀市","Q460835","https://www.wikidata.org/w/index.php?title=Q460835&oldid=undefined","verified"
"jp-marugame","丸龟","丸亀市","Q460835","https://www.wikidata.org/w/index.php?title=Q460835&oldid=undefined","verified"
"jp-imabari","Imabari","今治市","Q461020","https://www.wikidata.org/w/index.php?title=Q461020&oldid=undefined","verified"
"jp-uchiko","Uchiko","内子町","Q1018717","https://www.wikidata.org/w/index.php?title=Q1018717&oldid=undefined","verified"
"jp-ozu","Ozu","大洲市","Q386655","https://www.wikidata.org/w/index.php?title=Q386655&oldid=undefined","verified"
"jp-ozu","Ozu City","大洲市","Q386655","https://www.wikidata.org/w/index.php?title=Q386655&oldid=undefined","verified"
"jp-ozu","Ozu-shi","大洲市","Q386655","https://www.wikidata.org/w/index.php?title=Q386655&oldid=undefined","verified"
"jp-ozu","Ōzu","大洲市","Q386655","https://www.wikidata.org/w/index.php?title=Q386655&oldid=undefined","verified"
"jp-ozu","Ōzu City","大洲市","Q386655","https://www.wikidata.org/w/index.php?title=Q386655&oldid=undefined","verified"
"jp-shimanto","Shimanto","四万十市","Q166946","https://www.wikidata.org/w/index.php?title=Q166946&oldid=undefined","verified"
"jp-shimanto","Simanto","四万十市","Q166946","https://www.wikidata.org/w/index.php?title=Q166946&oldid=undefined","verified"
"jp-muroto","Muroto","室戸市","Q431889","https://www.wikidata.org/w/index.php?title=Q431889&oldid=undefined","verified"
"jp-tosashimizu","Tosashimizu","土佐清水市","Q573115","https://www.wikidata.org/w/index.php?title=Q573115&oldid=undefined","verified"
"jp-niyodo-river","Niyodo River","仁淀川","Q9071989","https://www.wikidata.org/w/index.php?title=Q9071989&oldid=undefined","unresolved"
"jp-susaki","Susaki","須崎市","Q751154","https://www.wikidata.org/w/index.php?title=Q751154&oldid=undefined","verified"
"jp-aki","Aki","安芸市","Q417825","https://www.wikidata.org/w/index.php?title=Q417825&oldid=undefined","unresolved"
"jp-aki","Aki-shi","安芸市","Q417825","https://www.wikidata.org/w/index.php?title=Q417825&oldid=undefined","unresolved"
"jp-kitakyushu","Kitakyushu","北九州市","Q188806","https://www.wikidata.org/w/index.php?title=Q188806&oldid=undefined","unresolved"
"jp-kitakyushu","きたきゅうしゅうし","北九州市","Q188806","https://www.wikidata.org/w/index.php?title=Q188806&oldid=undefined","unresolved"
"jp-kitakyushu","Kitakyushu City","北九州市","Q188806","https://www.wikidata.org/w/index.php?title=Q188806&oldid=undefined","unresolved"
"jp-kitakyushu","Kitakyushu-shi","北九州市","Q188806","https://www.wikidata.org/w/index.php?title=Q188806&oldid=undefined","unresolved"
"jp-kitakyushu","Kitakyūshū City","北九州市","Q188806","https://www.wikidata.org/w/index.php?title=Q188806&oldid=undefined","unresolved"
"jp-kitakyushu","Kitakyūshū","北九州市","Q188806","https://www.wikidata.org/w/index.php?title=Q188806&oldid=undefined","unresolved"
"jp-kitakyushu","Kitakyūshū-shi","北九州市","Q188806","https://www.wikidata.org/w/index.php?title=Q188806&oldid=undefined","unresolved"
"jp-mojiko","Mojiko","門司港レトロ","Q11654979","https://www.wikidata.org/w/index.php?title=Q11654979&oldid=undefined","unresolved"
"jp-mojiko","門司港レトロ地区","門司港レトロ","Q11654979","https://www.wikidata.org/w/index.php?title=Q11654979&oldid=undefined","unresolved"
"jp-mojiko","門司港懷舊區","門司港レトロ","Q11654979","https://www.wikidata.org/w/index.php?title=Q11654979&oldid=undefined","unresolved"
"jp-mojiko","門司港懷舊地區","門司港レトロ","Q11654979","https://www.wikidata.org/w/index.php?title=Q11654979&oldid=undefined","unresolved"
"jp-itoshima","Itoshima","糸島市","Q1011145","https://www.wikidata.org/w/index.php?title=Q1011145&oldid=undefined","verified"
"jp-itoshima","Itosima","糸島市","Q1011145","https://www.wikidata.org/w/index.php?title=Q1011145&oldid=undefined","verified"
"jp-yanagawa","Yanagawa","柳川市","Q585630","https://www.wikidata.org/w/index.php?title=Q585630&oldid=undefined","verified"
"jp-yanagawa","柳川町","柳川市","Q585630","https://www.wikidata.org/w/index.php?title=Q585630&oldid=undefined","verified"
"jp-kurume","Kurume","久留米市","Q320934","https://www.wikidata.org/w/index.php?title=Q320934&oldid=undefined","verified"
"jp-kurume","Kurume-shi","久留米市","Q320934","https://www.wikidata.org/w/index.php?title=Q320934&oldid=undefined","verified"
"jp-saga","Saga","佐賀市","Q209766","https://www.wikidata.org/w/index.php?title=Q209766&oldid=undefined","verified"
"jp-karatsu","Karatsu","唐津市","Q738275","https://www.wikidata.org/w/index.php?title=Q738275&oldid=undefined","verified"
"jp-karatsu","唐津町","唐津市","Q738275","https://www.wikidata.org/w/index.php?title=Q738275&oldid=undefined","verified"
"jp-arita","Arita","有田町","Q668427","https://www.wikidata.org/w/index.php?title=Q668427&oldid=undefined","verified"
"jp-ureshino-onsen","Ureshino Onsen","嬉野温泉","Q11447797","https://www.wikidata.org/w/index.php?title=Q11447797&oldid=undefined","verified"
"jp-sasebo","Sasebo","佐世保市","Q328000","https://www.wikidata.org/w/index.php?title=Q328000&oldid=undefined","verified"
"jp-sasebo","佐世保村","佐世保市","Q328000","https://www.wikidata.org/w/index.php?title=Q328000&oldid=undefined","verified"
"jp-sasebo","佐世保","佐世保市","Q328000","https://www.wikidata.org/w/index.php?title=Q328000&oldid=undefined","verified"
"jp-sasebo","Sasebo City","佐世保市","Q328000","https://www.wikidata.org/w/index.php?title=Q328000&oldid=undefined","verified"
"jp-sasebo","Sasebo-shi","佐世保市","Q328000","https://www.wikidata.org/w/index.php?title=Q328000&oldid=undefined","verified"
"jp-hirado","Hirado","平戸市","Q328601","https://www.wikidata.org/w/index.php?title=Q328601&oldid=undefined","unresolved"
"jp-hirado","平戸市","平戸市","Q328601","https://www.wikidata.org/w/index.php?title=Q328601&oldid=undefined","unresolved"
"jp-hirado","Hirado City","平戸市","Q328601","https://www.wikidata.org/w/index.php?title=Q328601&oldid=undefined","unresolved"
"jp-hirado","Hirado-shi","平戸市","Q328601","https://www.wikidata.org/w/index.php?title=Q328601&oldid=undefined","unresolved"
"jp-goto-islands","Goto Islands","五島列島","Q1333790","https://www.wikidata.org/w/index.php?title=Q1333790&oldid=undefined","verified"
"jp-goto-islands","ごとうれっとう","五島列島","Q1333790","https://www.wikidata.org/w/index.php?title=Q1333790&oldid=undefined","verified"
"jp-shimabara","Shimabara","島原市","Q847594","https://www.wikidata.org/w/index.php?title=Q847594&oldid=undefined","verified"
"jp-shimabara","Simabara","島原市","Q847594","https://www.wikidata.org/w/index.php?title=Q847594&oldid=undefined","verified"
"jp-kurokawa-onsen","Kurokawa Onsen","黒川温泉","Q11678251","https://www.wikidata.org/w/index.php?title=Q11678251&oldid=undefined","verified"
"jp-amakusa","Amakusa","天草市","Q452634","https://www.wikidata.org/w/index.php?title=Q452634&oldid=undefined","verified"
"jp-hitoyoshi","Hitoyoshi","人吉市","Q861292","https://www.wikidata.org/w/index.php?title=Q861292&oldid=undefined","verified"
"jp-kunisaki","Kunisaki","国東市","Q873572","https://www.wikidata.org/w/index.php?title=Q873572&oldid=undefined","verified"
"jp-hita","Hita","日田市","Q386968","https://www.wikidata.org/w/index.php?title=Q386968&oldid=undefined","verified"
"jp-usuki","Usuki","臼杵市","Q845792","https://www.wikidata.org/w/index.php?title=Q845792&oldid=undefined","verified"
"jp-miyazaki","Miyazaki","宮崎市","Q204308","https://www.wikidata.org/w/index.php?title=Q204308&oldid=undefined","verified"
"jp-miyazaki","宮崎町","宮崎市","Q204308","https://www.wikidata.org/w/index.php?title=Q204308&oldid=undefined","verified"
"jp-aoshima","Aoshima","青島","Q4778779","https://www.wikidata.org/w/index.php?title=Q4778779&oldid=undefined","verified"
"jp-nichinan","Nichinan","日南市","Q860669","https://www.wikidata.org/w/index.php?title=Q860669&oldid=undefined","unresolved"
"jp-nichinan","Nitinan","日南市","Q860669","https://www.wikidata.org/w/index.php?title=Q860669&oldid=undefined","unresolved"
"jp-nichinan","Nichinan-shi","日南市","Q860669","https://www.wikidata.org/w/index.php?title=Q860669&oldid=undefined","unresolved"
"jp-kirishima","Kirishima","霧島市","Q858352","https://www.wikidata.org/w/index.php?title=Q858352&oldid=undefined","verified"
"jp-ibusuki","Ibusuki","指宿市","Q19712","https://www.wikidata.org/w/index.php?title=Q19712&oldid=undefined","verified"
"jp-ibusuki","指宿村","指宿市","Q19712","https://www.wikidata.org/w/index.php?title=Q19712&oldid=undefined","verified"
"jp-ibusuki","指宿町","指宿市","Q19712","https://www.wikidata.org/w/index.php?title=Q19712&oldid=undefined","verified"
"jp-amami-oshima","Amami Oshima","奄美大島","Q697278","https://www.wikidata.org/w/index.php?title=Q697278&oldid=undefined","verified"
"jp-amami-oshima","大島","奄美大島","Q697278","https://www.wikidata.org/w/index.php?title=Q697278&oldid=undefined","verified"
"jp-amami-oshima","あまみおおしま","奄美大島","Q697278","https://www.wikidata.org/w/index.php?title=Q697278&oldid=undefined","verified"
"jp-amami-oshima","Amami-Ōshima","奄美大島","Q697278","https://www.wikidata.org/w/index.php?title=Q697278&oldid=undefined","verified"
"jp-amami-oshima","Amami-Oshima","奄美大島","Q697278","https://www.wikidata.org/w/index.php?title=Q697278&oldid=undefined","verified"
"jp-tokunoshima","Tokunoshima","徳之島町","Q1350985","https://www.wikidata.org/w/index.php?title=Q1350985&oldid=undefined","unresolved"
"jp-miyakojima","Miyakojima","宮古島市","Q714636","https://www.wikidata.org/w/index.php?title=Q714636&oldid=undefined","unresolved"
"jp-taketomi","Taketomi","竹富町","Q699764","https://www.wikidata.org/w/index.php?title=Q699764&oldid=undefined","unresolved"
"jp-taketomi","竹富村","竹富町","Q699764","https://www.wikidata.org/w/index.php?title=Q699764&oldid=undefined","unresolved"
"jp-zamami","Zamami","座間味村","Q145373","https://www.wikidata.org/w/index.php?title=Q145373&oldid=undefined","verified"
"jp-yomitan","Yomitan","読谷村","Q973994","https://www.wikidata.org/w/index.php?title=Q973994&oldid=undefined","verified"
"jp-yomitan","読谷山村","読谷村","Q973994","https://www.wikidata.org/w/index.php?title=Q973994&oldid=undefined","verified"
"jp-yomitan","读谷村","読谷村","Q973994","https://www.wikidata.org/w/index.php?title=Q973994&oldid=undefined","verified"
"jp-yomitan","Yuntanza","読谷村","Q973994","https://www.wikidata.org/w/index.php?title=Q973994&oldid=undefined","verified"
