"source_record_id","name_ja","historical_address","master_code_UNKNOWN","source_url"
"geoshape-nrct-poi:010000037400","箱館沖之口役所跡","北海道 函館市 大町","","https://geoshape.ex.nii.ac.jp/nrct-poi/resource/01/010000037400.html"
"geoshape-nrct-poi:010000037500","箱館産物会所跡","北海道 函館市 大町","","https://geoshape.ex.nii.ac.jp/nrct-poi/resource/01/010000037500.html"
"geoshape-nrct-poi:010000037600","誠終舎跡","北海道 函館市 大町","","https://geoshape.ex.nii.ac.jp/nrct-poi/resource/01/010000037600.html"
"geoshape-nrct-poi:010000038100","函館中華会館","北海道 函館市 大町","","https://geoshape.ex.nii.ac.jp/nrct-poi/resource/01/010000038100.html"
"geoshape-nrct-poi:010000038300","諸術調所跡","北海道 函館市 弥生町","","https://geoshape.ex.nii.ac.jp/nrct-poi/resource/01/010000038300.html"
"geoshape-nrct-poi:010000038600","弁天岬台場跡","北海道 函館市 弁天町","","https://geoshape.ex.nii.ac.jp/nrct-poi/resource/01/010000038600.html"
"geoshape-nrct-poi:010000038700","太刀川家住宅店舗","北海道 函館市 弁天町","","https://geoshape.ex.nii.ac.jp/nrct-poi/resource/01/010000038700.html"
"geoshape-nrct-poi:010000040800","箱館医学所跡","北海道 函館市 船見町","","https://geoshape.ex.nii.ac.jp/nrct-poi/resource/01/010000040800.html"
"geoshape-nrct-poi:010000041900","山上大神宮","北海道 函館市 船見町15番1号","","https://geoshape.ex.nii.ac.jp/nrct-poi/resource/01/010000041900.html"
"geoshape-nrct-poi:010000042000","称名寺","北海道 函館市 船見町18番14号","","https://geoshape.ex.nii.ac.jp/nrct-poi/resource/01/010000042000.html"
"geoshape-nrct-poi:010000042100","実行寺","北海道 函館市 船見町18番18号","","https://geoshape.ex.nii.ac.jp/nrct-poi/resource/01/010000042100.html"
"geoshape-nrct-poi:010000042200","旧ロシア領事館","北海道 函館市 船見町","","https://geoshape.ex.nii.ac.jp/nrct-poi/resource/01/010000042200.html"
"geoshape-nrct-poi:010000042500","函館外人墓地","北海道 函館市 船見町","","https://geoshape.ex.nii.ac.jp/nrct-poi/resource/01/010000042500.html"
"geoshape-nrct-poi:010000042600","真言寺","北海道 函館市 船見町20番20号","","https://geoshape.ex.nii.ac.jp/nrct-poi/resource/01/010000042600.html"
"geoshape-nrct-poi:010000042700","高龍寺","北海道 函館市 船見町21番11号","","https://geoshape.ex.nii.ac.jp/nrct-poi/resource/01/010000042700.html"
"geoshape-nrct-poi:010000043000","旧イギリス領事館","北海道 函館市 元町","","https://geoshape.ex.nii.ac.jp/nrct-poi/resource/01/010000043000.html"
"geoshape-nrct-poi:010000043100","日本基督教団函館教会","北海道 函館市 元町","","https://geoshape.ex.nii.ac.jp/nrct-poi/resource/01/010000043100.html"
"geoshape-nrct-poi:010000043300","箱館奉行所跡","北海道 函館市 元町","","https://geoshape.ex.nii.ac.jp/nrct-poi/resource/01/010000043300.html"
"geoshape-nrct-poi:010000043400","旧北海道庁函館支庁庁舎","北海道 函館市 元町","","https://geoshape.ex.nii.ac.jp/nrct-poi/resource/01/010000043400.html"
"geoshape-nrct-poi:010000043500","旧函館区公会堂","北海道 函館市 元町","","https://geoshape.ex.nii.ac.jp/nrct-poi/resource/01/010000043500.html"
"geoshape-nrct-poi:010000043600","真宗大谷派函館別院","北海道 函館市 元町16番15号","","https://geoshape.ex.nii.ac.jp/nrct-poi/resource/01/010000043600.html"
"geoshape-nrct-poi:010000043700","函館ハリストス正教会","北海道 函館市 元町","","https://geoshape.ex.nii.ac.jp/nrct-poi/resource/01/010000043700.html"
"geoshape-nrct-poi:010000043800","函館元町カトリック教会","北海道 函館市 元町","","https://geoshape.ex.nii.ac.jp/nrct-poi/resource/01/010000043800.html"
"geoshape-nrct-poi:010000043900","日本聖公会函館聖ヨハネ教会","北海道 函館市 元町","","https://geoshape.ex.nii.ac.jp/nrct-poi/resource/01/010000043900.html"
"geoshape-nrct-poi:010000044500","函館護国神社","北海道 函館市 青柳町9番23号","","https://geoshape.ex.nii.ac.jp/nrct-poi/resource/01/010000044500.html"
"geoshape-nrct-poi:010000045100","旧函館博物館一号館・函館博物館二号館","北海道 函館市 青柳町","","https://geoshape.ex.nii.ac.jp/nrct-poi/resource/01/010000045100.html"
"geoshape-nrct-poi:010000045300","天祐寺","北海道 函館市 青柳町27番26号","","https://geoshape.ex.nii.ac.jp/nrct-poi/resource/01/010000045300.html"
"geoshape-nrct-poi:010000045400","新善光寺","北海道 函館市 青柳町37番17号","","https://geoshape.ex.nii.ac.jp/nrct-poi/resource/01/010000045400.html"
"geoshape-nrct-poi:010000045500","高野寺","北海道 函館市 住吉町12番23号","","https://geoshape.ex.nii.ac.jp/nrct-poi/resource/01/010000045500.html"
"geoshape-nrct-poi:010000045700","常住寺","北海道 函館市 青柳町31番3号","","https://geoshape.ex.nii.ac.jp/nrct-poi/resource/01/010000045700.html"
"geoshape-nrct-poi:010000045800","新注連寺","北海道 函館市 青柳町37番26号","","https://geoshape.ex.nii.ac.jp/nrct-poi/resource/01/010000045800.html"
"geoshape-nrct-poi:010000046500","住吉町遺跡","北海道 函館市 住吉町","","https://geoshape.ex.nii.ac.jp/nrct-poi/resource/01/010000046500.html"
"geoshape-nrct-poi:010000046900","函館八幡宮","北海道 函館市 谷地頭町2番","","https://geoshape.ex.nii.ac.jp/nrct-poi/resource/01/010000046900.html"
"geoshape-nrct-poi:010000047100","旧金森洋物店","北海道 函館市 末広町","","https://geoshape.ex.nii.ac.jp/nrct-poi/resource/01/010000047100.html"
"geoshape-nrct-poi:010000047400","五島軒本店旧館","北海道 函館市 末広町","","https://geoshape.ex.nii.ac.jp/nrct-poi/resource/01/010000047400.html"
"geoshape-nrct-poi:010000048800","本願寺函館別院","北海道 函館市 東川町12番12号","","https://geoshape.ex.nii.ac.jp/nrct-poi/resource/01/010000048800.html"
"geoshape-nrct-poi:010000048900","函館燧木製造所跡","北海道 函館市 東川町","","https://geoshape.ex.nii.ac.jp/nrct-poi/resource/01/010000048900.html"
"geoshape-nrct-poi:010000052500","日本キリスト教会函館相生教会","北海道 函館市 本町","","https://geoshape.ex.nii.ac.jp/nrct-poi/resource/01/010000052500.html"
"geoshape-nrct-poi:010000054100","湯倉神社","北海道 上磯郡知内町 字湯ノ里284番地","","https://geoshape.ex.nii.ac.jp/nrct-poi/resource/01/010000054100.html"
"geoshape-nrct-poi:010000054300","湯ノ川遺跡","北海道 函館市 湯川町一丁目","","https://geoshape.ex.nii.ac.jp/nrct-poi/resource/01/010000054300.html"
"geoshape-nrct-poi:010000054600","天使の聖母トラピスチヌ修道院","北海道 函館市 上湯川町","","https://geoshape.ex.nii.ac.jp/nrct-poi/resource/01/010000054600.html"
"geoshape-nrct-poi:010000056800","志苔館跡","北海道 函館市 志海苔町","","https://geoshape.ex.nii.ac.jp/nrct-poi/resource/01/010000056800.html"
"geoshape-nrct-poi:010000057200","石倉貝塚","北海道 函館市 中野町","","https://geoshape.ex.nii.ac.jp/nrct-poi/resource/01/010000057200.html"
"geoshape-nrct-poi:010000057300","中野Ａ遺跡・中野Ｂ遺跡","北海道 函館市 中野町","","https://geoshape.ex.nii.ac.jp/nrct-poi/resource/01/010000057300.html"
"geoshape-nrct-poi:010000057500","妙応寺","北海道 函館市 石崎町320番地","","https://geoshape.ex.nii.ac.jp/nrct-poi/resource/01/010000057500.html"
"geoshape-nrct-poi:010000057600","勝願寺","北海道 函館市 石崎町600番地","","https://geoshape.ex.nii.ac.jp/nrct-poi/resource/01/010000057600.html"
"geoshape-nrct-poi:010000058300","亀田八幡宮","北海道 函館市 八幡町3番2号","","https://geoshape.ex.nii.ac.jp/nrct-poi/resource/01/010000058300.html"
"geoshape-nrct-poi:010000058400","五稜郭跡","北海道 函館市 五稜郭町","","https://geoshape.ex.nii.ac.jp/nrct-poi/resource/01/010000058400.html"
"geoshape-nrct-poi:010000058800","サイベ沢遺跡","北海道 函館市 西桔梗町","","https://geoshape.ex.nii.ac.jp/nrct-poi/resource/01/010000058800.html"
"geoshape-nrct-poi:010000059300","北海道東照宮","北海道 函館市 陣川町82番地153","","https://geoshape.ex.nii.ac.jp/nrct-poi/resource/01/010000059300.html"
"geoshape-nrct-poi:010000059400","四稜郭","北海道 函館市 陣川町","","https://geoshape.ex.nii.ac.jp/nrct-poi/resource/01/010000059400.html"
"geoshape-nrct-poi:010000061100","福山城跡","北海道 松前郡松前町 字松城","","https://geoshape.ex.nii.ac.jp/nrct-poi/resource/01/010000061100.html"
"geoshape-nrct-poi:010000061600","徽典館跡","北海道 松前郡松前町 字松城","","https://geoshape.ex.nii.ac.jp/nrct-poi/resource/01/010000061600.html"
"geoshape-nrct-poi:010000061800","福山沖之口役所跡","北海道 松前郡松前町 字松城","","https://geoshape.ex.nii.ac.jp/nrct-poi/resource/01/010000061800.html"
"geoshape-nrct-poi:010000062200","法幢寺","北海道 松前郡松前町 字松城307番地","","https://geoshape.ex.nii.ac.jp/nrct-poi/resource/01/010000062200.html"
"geoshape-nrct-poi:010000062400","法源寺","北海道 松前郡松前町 字松城341番地","","https://geoshape.ex.nii.ac.jp/nrct-poi/resource/01/010000062400.html"
"geoshape-nrct-poi:010000062500","龍雲院","北海道 松前郡松前町 字松城305番地","","https://geoshape.ex.nii.ac.jp/nrct-poi/resource/01/010000062500.html"
"geoshape-nrct-poi:010000062600","光善寺","北海道 松前郡松前町 字松城303番地","","https://geoshape.ex.nii.ac.jp/nrct-poi/resource/01/010000062600.html"
"geoshape-nrct-poi:010000062800","阿吽寺","北海道 松前郡松前町 字松城371番地","","https://geoshape.ex.nii.ac.jp/nrct-poi/resource/01/010000062800.html"
"geoshape-nrct-poi:010000063500","済衆館跡","北海道 松前郡松前町 字福山","","https://geoshape.ex.nii.ac.jp/nrct-poi/resource/01/010000063500.html"
"geoshape-nrct-poi:010000064000","大館跡","北海道 松前郡松前町 字神明","","https://geoshape.ex.nii.ac.jp/nrct-poi/resource/01/010000064000.html"
"geoshape-nrct-poi:010000064100","徳山大神宮","北海道 松前郡松前町 字神明66番地","","https://geoshape.ex.nii.ac.jp/nrct-poi/resource/01/010000064100.html"
"geoshape-nrct-poi:010000064800","正行寺","北海道 松前郡松前町 字豊岡256番地","","https://geoshape.ex.nii.ac.jp/nrct-poi/resource/01/010000064800.html"
"geoshape-nrct-poi:010000065100","法華寺","北海道 松前郡松前町 字豊岡258番地","","https://geoshape.ex.nii.ac.jp/nrct-poi/resource/01/010000065100.html"
"geoshape-nrct-poi:010000066000","専念寺","北海道 松前郡松前町 字唐津267番地","","https://geoshape.ex.nii.ac.jp/nrct-poi/resource/01/010000066000.html"
"geoshape-nrct-poi:010000066600","熊野神社","北海道 松前郡松前町 字大磯115番地","","https://geoshape.ex.nii.ac.jp/nrct-poi/resource/01/010000066600.html"
"geoshape-nrct-poi:010000067000","弁天神社","北海道 松前郡松前町 字弁天214番地2","","https://geoshape.ex.nii.ac.jp/nrct-poi/resource/01/010000067000.html"
"geoshape-nrct-poi:010000067100","松前灯台","北海道 松前郡松前町 字弁天","","https://geoshape.ex.nii.ac.jp/nrct-poi/resource/01/010000067100.html"
"geoshape-nrct-poi:010000067700","小島灯台","北海道 松前郡松前町 字小島","","https://geoshape.ex.nii.ac.jp/nrct-poi/resource/01/010000067700.html"
"geoshape-nrct-poi:010000068000","札前遺跡","北海道 松前郡松前町 字札前","","https://geoshape.ex.nii.ac.jp/nrct-poi/resource/01/010000068000.html"
"geoshape-nrct-poi:010000068900","寺町貝塚","北海道 松前郡松前町 字江良","","https://geoshape.ex.nii.ac.jp/nrct-poi/resource/01/010000068900.html"
"geoshape-nrct-poi:010000070800","白神灯台","北海道 松前郡松前町 字白神","","https://geoshape.ex.nii.ac.jp/nrct-poi/resource/01/010000070800.html"
"geoshape-nrct-poi:010000071000","松城学校","北海道 松前郡松前町 字松城","","https://geoshape.ex.nii.ac.jp/nrct-poi/resource/01/010000071000.html"
"geoshape-nrct-poi:010000071100","松前神社","北海道 松前郡松前町 字松城145番地","","https://geoshape.ex.nii.ac.jp/nrct-poi/resource/01/010000071100.html"
"geoshape-nrct-poi:010000072900","福島大神宮","北海道 松前郡福島町 字福島219番地","","https://geoshape.ex.nii.ac.jp/nrct-poi/resource/01/010000072900.html"
"geoshape-nrct-poi:010000073000","法界寺","北海道 松前郡福島町 字福島242番地","","https://geoshape.ex.nii.ac.jp/nrct-poi/resource/01/010000073000.html"
"geoshape-nrct-poi:010000073800","穏内館跡","北海道 松前郡福島町 字館崎","","https://geoshape.ex.nii.ac.jp/nrct-poi/resource/01/010000073800.html"
"geoshape-nrct-poi:010000074900","雷公神社","北海道 上磯郡知内町 字元町322番地","","https://geoshape.ex.nii.ac.jp/nrct-poi/resource/01/010000074900.html"
"geoshape-nrct-poi:010000075000","大乗寺","北海道 上磯郡知内町 字元町282番地","","https://geoshape.ex.nii.ac.jp/nrct-poi/resource/01/010000075000.html"
"geoshape-nrct-poi:010000075200","湯の里４遺跡","北海道 上磯郡知内町 字湯ノ里","","https://geoshape.ex.nii.ac.jp/nrct-poi/resource/01/010000075200.html"
"geoshape-nrct-poi:010000076000","佐女川神社","北海道 上磯郡木古内町 字木古内157番地","","https://geoshape.ex.nii.ac.jp/nrct-poi/resource/01/010000076000.html"
"geoshape-nrct-poi:010000076100","新道４遺跡","北海道 上磯郡木古内町 字新道","","https://geoshape.ex.nii.ac.jp/nrct-poi/resource/01/010000076100.html"
"geoshape-nrct-poi:010000076400","昌源寺","北海道 上磯郡木古内町 字札苅301番地","","https://geoshape.ex.nii.ac.jp/nrct-poi/resource/01/010000076400.html"
"geoshape-nrct-poi:010000076500","札苅遺跡","北海道 上磯郡木古内町 字札苅","","https://geoshape.ex.nii.ac.jp/nrct-poi/resource/01/010000076500.html"
"geoshape-nrct-poi:010000076700","大泉寺","北海道 上磯郡木古内町 字泉沢310番地","","https://geoshape.ex.nii.ac.jp/nrct-poi/resource/01/010000076700.html"
"geoshape-nrct-poi:010000077400","トラピスト修道院","北海道 北斗市 三ツ石","","https://geoshape.ex.nii.ac.jp/nrct-poi/resource/01/010000077400.html"
"geoshape-nrct-poi:010000077800","曹渓寺","北海道 北斗市 茂辺地四丁目4番37号","","https://geoshape.ex.nii.ac.jp/nrct-poi/resource/01/010000077800.html"
"geoshape-nrct-poi:010000078000","矢不来天満宮","北海道 北斗市 矢不来138番地","","https://geoshape.ex.nii.ac.jp/nrct-poi/resource/01/010000078000.html"
"geoshape-nrct-poi:010000078100","茂別館跡","北海道 北斗市 矢不来","","https://geoshape.ex.nii.ac.jp/nrct-poi/resource/01/010000078100.html"
"geoshape-nrct-poi:010000078200","矢不来台場跡","北海道 上磯郡木古内町 字幸連","","https://geoshape.ex.nii.ac.jp/nrct-poi/resource/01/010000078200.html"
"geoshape-nrct-poi:010000078300","茂別遺跡","北海道 上磯郡木古内町 字幸連","","https://geoshape.ex.nii.ac.jp/nrct-poi/resource/01/010000078300.html"
"geoshape-nrct-poi:010000078500","慈教寺","北海道 中川郡池田町 字旭町三丁目5番地1","","https://geoshape.ex.nii.ac.jp/nrct-poi/resource/01/010000078500.html"
"geoshape-nrct-poi:010000078700","谷好寺","北海道 北斗市 谷好三丁目12番5号","","https://geoshape.ex.nii.ac.jp/nrct-poi/resource/01/010000078700.html"
"geoshape-nrct-poi:010000079100","松前藩戸切地陣屋跡","北海道 上磯郡木古内町 字幸連","","https://geoshape.ex.nii.ac.jp/nrct-poi/resource/01/010000079100.html"
"geoshape-nrct-poi:010000079400","有川大神宮","北海道 北斗市 中央一丁目3番3号","","https://geoshape.ex.nii.ac.jp/nrct-poi/resource/01/010000079400.html"
"geoshape-nrct-poi:010000079500","上磯八幡宮","北海道 上磯郡木古内町 字幸連","","https://geoshape.ex.nii.ac.jp/nrct-poi/resource/01/010000079500.html"
"geoshape-nrct-poi:010000079600","禅林寺","北海道 北斗市 中央二丁目3番19号","","https://geoshape.ex.nii.ac.jp/nrct-poi/resource/01/010000079600.html"
"geoshape-nrct-poi:010000079700","広徳寺","北海道 室蘭市 みゆき町一丁目6番5号","","https://geoshape.ex.nii.ac.jp/nrct-poi/resource/01/010000079700.html"
"geoshape-nrct-poi:010000079800","東光寺","北海道 中川郡幕別町 忠類錦町435番地","","https://geoshape.ex.nii.ac.jp/nrct-poi/resource/01/010000079800.html"
"geoshape-nrct-poi:010000079900","妙隆寺","北海道 登別市 富岸町61番地2","","https://geoshape.ex.nii.ac.jp/nrct-poi/resource/01/010000079900.html"
"geoshape-nrct-poi:010000081000","清川寺","北海道 北斗市 野崎85番地","","https://geoshape.ex.nii.ac.jp/nrct-poi/resource/01/010000081000.html"
"geoshape-nrct-poi:010000081300","意冨比神社","北海道 北斗市 本町二丁目8番","","https://geoshape.ex.nii.ac.jp/nrct-poi/resource/01/010000081300.html"
"geoshape-nrct-poi:010000081400","光明寺","北海道 芦別市 常磐町558番地","","https://geoshape.ex.nii.ac.jp/nrct-poi/resource/01/010000081400.html"
"geoshape-nrct-poi:010000081500","法亀寺","北海道 北斗市 向野一丁目14番13号","","https://geoshape.ex.nii.ac.jp/nrct-poi/resource/01/010000081500.html"
"geoshape-nrct-poi:010000081800","大郷寺","北海道 北斗市 本郷一丁目4番","","https://geoshape.ex.nii.ac.jp/nrct-poi/resource/01/010000081800.html"
"geoshape-nrct-poi:010000082900","三嶋神社","北海道 函館市 赤川町453番地","","https://geoshape.ex.nii.ac.jp/nrct-poi/resource/01/010000082900.html"
"geoshape-nrct-poi:010000083000","宝琳寺","北海道 亀田郡七飯町 字桜町529番地","","https://geoshape.ex.nii.ac.jp/nrct-poi/resource/01/010000083000.html"
"geoshape-nrct-poi:010000083100","国立療養所裏遺跡","北海道 亀田郡七飯町 字本町","","https://geoshape.ex.nii.ac.jp/nrct-poi/resource/01/010000083100.html"
"geoshape-nrct-poi:010000083200","桜町遺跡","北海道 亀田郡七飯町 桜町二丁目","","https://geoshape.ex.nii.ac.jp/nrct-poi/resource/01/010000083200.html"
"geoshape-nrct-poi:010000084000","聖山遺跡","北海道 亀田郡七飯町 字峠下","","https://geoshape.ex.nii.ac.jp/nrct-poi/resource/01/010000084000.html"
"geoshape-nrct-poi:010000084600","大中山神社","北海道 札幌市 清田区平岡二条一丁目3番","","https://geoshape.ex.nii.ac.jp/nrct-poi/resource/01/010000084600.html"
"geoshape-nrct-poi:020000005800","夏坂番所跡","青森県 三戸郡田子町 −","","https://geoshape.ex.nii.ac.jp/nrct-poi/resource/02/020000005800.html"
"geoshape-nrct-poi:020000006100","洞円寺","青森県 三戸郡田子町 大字関字関160番地","","https://geoshape.ex.nii.ac.jp/nrct-poi/resource/02/020000006100.html"
"geoshape-nrct-poi:020000006500","茂市館跡","青森県 三戸郡田子町 大字茂市","","https://geoshape.ex.nii.ac.jp/nrct-poi/resource/02/020000006500.html"
"geoshape-nrct-poi:020000006800","石亀館跡","青森県 三戸郡田子町 大字石亀","","https://geoshape.ex.nii.ac.jp/nrct-poi/resource/02/020000006800.html"
"geoshape-nrct-poi:020000006900","石亀遺跡","青森県 三戸郡田子町 大字石亀","","https://geoshape.ex.nii.ac.jp/nrct-poi/resource/02/020000006900.html"
"geoshape-nrct-poi:020000007700","釜淵観音堂","青森県 三戸郡田子町 大字田子","","https://geoshape.ex.nii.ac.jp/nrct-poi/resource/02/020000007700.html"
"geoshape-nrct-poi:020000007800","田子館跡","青森県 三戸郡田子町 大字田子","","https://geoshape.ex.nii.ac.jp/nrct-poi/resource/02/020000007800.html"
"geoshape-nrct-poi:020000007900","佐々木館跡","青森県 三戸郡田子町 大字相米","","https://geoshape.ex.nii.ac.jp/nrct-poi/resource/02/020000007900.html"
"geoshape-nrct-poi:020000008000","耕田寺","青森県 三戸郡田子町 大字田子字田子86番地1","","https://geoshape.ex.nii.ac.jp/nrct-poi/resource/02/020000008000.html"
"geoshape-nrct-poi:020000008100","真清田神社","青森県 三戸郡田子町 大字田子字堂ノ東20番地","","https://geoshape.ex.nii.ac.jp/nrct-poi/resource/02/020000008100.html"
"geoshape-nrct-poi:020000008400","日野沢館跡","青森県 三戸郡田子町 大字田子","","https://geoshape.ex.nii.ac.jp/nrct-poi/resource/02/020000008400.html"
"geoshape-nrct-poi:020000008700","林泉寺","青森県 三戸郡三戸町 大字斗内字寺牛25番地","","https://geoshape.ex.nii.ac.jp/nrct-poi/resource/02/020000008700.html"
"geoshape-nrct-poi:020000008900","豊川館跡","青森県 三戸郡三戸町 大字豊川","","https://geoshape.ex.nii.ac.jp/nrct-poi/resource/02/020000008900.html"
"geoshape-nrct-poi:020000009100","目時館跡","青森県 三戸郡三戸町 大字目時","","https://geoshape.ex.nii.ac.jp/nrct-poi/resource/02/020000009100.html"
"geoshape-nrct-poi:020000009300","月山神社","青森県 青森市 大字新田二丁目20番8号","","https://geoshape.ex.nii.ac.jp/nrct-poi/resource/02/020000009300.html"
"geoshape-nrct-poi:020000009400","泉山遺跡","青森県 三戸郡三戸町 大字泉山","","https://geoshape.ex.nii.ac.jp/nrct-poi/resource/02/020000009400.html"
"geoshape-nrct-poi:020000009600","八剣金毘羅神社","青森県 三戸郡三戸町 大字梅内字舘87番地","","https://geoshape.ex.nii.ac.jp/nrct-poi/resource/02/020000009600.html"
"geoshape-nrct-poi:020000009700","野瀬観音堂","青森県 三戸郡三戸町 大字梅内","","https://geoshape.ex.nii.ac.jp/nrct-poi/resource/02/020000009700.html"
"geoshape-nrct-poi:020000009900","三戸城跡","青森県 三戸郡三戸町 大字梅内","","https://geoshape.ex.nii.ac.jp/nrct-poi/resource/02/020000009900.html"
"geoshape-nrct-poi:020000011000","糠部神社","青森県 三戸郡三戸町 大字梅内城ノ下34番地2","","https://geoshape.ex.nii.ac.jp/nrct-poi/resource/02/020000011000.html"
"geoshape-nrct-poi:020000011200","三戸大神宮","青森県 三戸郡三戸町 大字同心町字諏訪内46番地","","https://geoshape.ex.nii.ac.jp/nrct-poi/resource/02/020000011200.html"
"geoshape-nrct-poi:020000011300","悟真寺","青森県 三戸郡三戸町 大字同心町字諏訪内55番地","","https://geoshape.ex.nii.ac.jp/nrct-poi/resource/02/020000011300.html"
"geoshape-nrct-poi:020000011400","長栄寺","青森県 三戸郡三戸町 大字同心町古間木平49番地","","https://geoshape.ex.nii.ac.jp/nrct-poi/resource/02/020000011400.html"
"geoshape-nrct-poi:020000011500","正智院跡","青森県 三戸郡三戸町 大字同心町","","https://geoshape.ex.nii.ac.jp/nrct-poi/resource/02/020000011500.html"
"geoshape-nrct-poi:020000011600","熊野神社","青森県 むつ市 新町50番2号","","https://geoshape.ex.nii.ac.jp/nrct-poi/resource/02/020000011600.html"
"geoshape-nrct-poi:020000011700","玉岑寺","青森県 三戸郡三戸町 大字同心町熊ノ林12番地","","https://geoshape.ex.nii.ac.jp/nrct-poi/resource/02/020000011700.html"
"geoshape-nrct-poi:020000011800","観福寺","青森県 三戸郡三戸町 大字同心町熊ノ林6番地","","https://geoshape.ex.nii.ac.jp/nrct-poi/resource/02/020000011800.html"
"geoshape-nrct-poi:020000011900","妙光寺","青森県 三戸郡三戸町 大字同心町熊ノ林7番地","","https://geoshape.ex.nii.ac.jp/nrct-poi/resource/02/020000011900.html"
"geoshape-nrct-poi:020000012200","三戸代官所跡","青森県 三戸郡三戸町 大字在府小路町","","https://geoshape.ex.nii.ac.jp/nrct-poi/resource/02/020000012200.html"
"geoshape-nrct-poi:020000012300","野馬役所跡","青森県 三戸郡三戸町 大字在府小路町","","https://geoshape.ex.nii.ac.jp/nrct-poi/resource/02/020000012300.html"
"geoshape-nrct-poi:020000012400","三戸蔵役所跡","青森県 三戸郡三戸町 大字在府小路町","","https://geoshape.ex.nii.ac.jp/nrct-poi/resource/02/020000012400.html"
"geoshape-nrct-poi:020000012500","御鷹部屋跡","青森県 三戸郡三戸町 大字在府小路町","","https://geoshape.ex.nii.ac.jp/nrct-poi/resource/02/020000012500.html"
"geoshape-nrct-poi:020000013200","法泉寺","青森県 三戸郡三戸町 大字川守田字横道6番地","","https://geoshape.ex.nii.ac.jp/nrct-poi/resource/02/020000013200.html"
"geoshape-nrct-poi:020000013300","龍川寺","青森県 三戸郡三戸町 大字川守田中屋敷20番地","","https://geoshape.ex.nii.ac.jp/nrct-poi/resource/02/020000013300.html"
"geoshape-nrct-poi:020000013400","寺の沢遺跡","青森県 三戸郡三戸町 大字川守田","","https://geoshape.ex.nii.ac.jp/nrct-poi/resource/02/020000013400.html"
"geoshape-nrct-poi:020000013500","川守田館跡","青森県 三戸郡三戸町 大字川守田","","https://geoshape.ex.nii.ac.jp/nrct-poi/resource/02/020000013500.html"
"geoshape-nrct-poi:020000013600","熊野神社","青森県 三戸郡三戸町 大字川守田字東張渡大字川守田56番地","","https://geoshape.ex.nii.ac.jp/nrct-poi/resource/02/020000013600.html"
"geoshape-nrct-poi:020000013700","馬暦神社","青森県 三戸郡三戸町 大字川守田下比良19番地","","https://geoshape.ex.nii.ac.jp/nrct-poi/resource/02/020000013700.html"
"geoshape-nrct-poi:020000013900","三嶽神社","青森県 三戸郡三戸町 大字貝守字林ノ後60番地","","https://geoshape.ex.nii.ac.jp/nrct-poi/resource/02/020000013900.html"
"geoshape-nrct-poi:020000014000","貝森館跡","青森県 三戸郡三戸町 大字貝守","","https://geoshape.ex.nii.ac.jp/nrct-poi/resource/02/020000014000.html"
"geoshape-nrct-poi:020000014500","恵光院","青森県 三戸郡南部町 大字大向字長谷94番地","","https://geoshape.ex.nii.ac.jp/nrct-poi/resource/02/020000014500.html"
"geoshape-nrct-poi:020000014700","大向館跡","青森県 三戸郡南部町 大字大向","","https://geoshape.ex.nii.ac.jp/nrct-poi/resource/02/020000014700.html"
"geoshape-nrct-poi:020000014900","馬場館跡","青森県 三戸郡南部町 大字小向","","https://geoshape.ex.nii.ac.jp/nrct-poi/resource/02/020000014900.html"
"geoshape-nrct-poi:020000015000","隅ノ観音堂","青森県 三戸郡南部町 大字小向字古町143番地","","https://geoshape.ex.nii.ac.jp/nrct-poi/resource/02/020000015000.html"
"geoshape-nrct-poi:020000015100","八幡宮","青森県 つがる市 柏桑野木田八幡117番地","","https://geoshape.ex.nii.ac.jp/nrct-poi/resource/02/020000015100.html"
"geoshape-nrct-poi:020000015200","本三戸館跡","青森県 三戸郡南部町 大字小向","","https://geoshape.ex.nii.ac.jp/nrct-poi/resource/02/020000015200.html"
"geoshape-nrct-poi:020000015300","三光寺","青森県 三戸郡南部町 大字小向字正寿寺60番地","","https://geoshape.ex.nii.ac.jp/nrct-poi/resource/02/020000015300.html"
"geoshape-nrct-poi:020000015400","小向館跡","青森県 三戸郡南部町 大字小向","","https://geoshape.ex.nii.ac.jp/nrct-poi/resource/02/020000015400.html"
"geoshape-nrct-poi:020000015600","平良ヶ崎館跡","青森県 三戸郡南部町 大字沖田面","","https://geoshape.ex.nii.ac.jp/nrct-poi/resource/02/020000015600.html"
"geoshape-nrct-poi:020000015700","嶺松院跡","青森県 三戸郡南部町 大字沖田面","","https://geoshape.ex.nii.ac.jp/nrct-poi/resource/02/020000015700.html"
"geoshape-nrct-poi:020000015800","新羅神社","青森県 三戸郡南部町 大字沖田面字早稲田9番地","","https://geoshape.ex.nii.ac.jp/nrct-poi/resource/02/020000015800.html"
"geoshape-nrct-poi:020000015900","早稲田観音堂","青森県 三戸郡南部町 大字沖田面","","https://geoshape.ex.nii.ac.jp/nrct-poi/resource/02/020000015900.html"
"geoshape-nrct-poi:020000016100","諏訪神社","青森県 三戸郡南部町 大字玉掛字諏訪ノ平49番地1","","https://geoshape.ex.nii.ac.jp/nrct-poi/resource/02/020000016100.html"
"geoshape-nrct-poi:020000016300","十二神社","青森県 三戸郡南部町 大字赤石字待場37番地","","https://geoshape.ex.nii.ac.jp/nrct-poi/resource/02/020000016300.html"
"geoshape-nrct-poi:020000016400","赤石館跡","青森県 三戸郡南部町 大字赤石","","https://geoshape.ex.nii.ac.jp/nrct-poi/resource/02/020000016400.html"
"geoshape-nrct-poi:020000016600","相内館跡","青森県 三戸郡南部町 大字相内","","https://geoshape.ex.nii.ac.jp/nrct-poi/resource/02/020000016600.html"
"geoshape-nrct-poi:020000016700","相内観音堂","青森県 三戸郡南部町 大字相内","","https://geoshape.ex.nii.ac.jp/nrct-poi/resource/02/020000016700.html"
"geoshape-nrct-poi:020000016800","清光寺","青森県 三戸郡南部町 大字相内字沢構77番地","","https://geoshape.ex.nii.ac.jp/nrct-poi/resource/02/020000016800.html"
"geoshape-nrct-poi:020000016900","熊野神社","青森県 むつ市 新町50番2号","","https://geoshape.ex.nii.ac.jp/nrct-poi/resource/02/020000016900.html"
"geoshape-nrct-poi:020000017200","三嶽神社","青森県 三戸郡新郷村 大字戸来字三嶽下15番地","","https://geoshape.ex.nii.ac.jp/nrct-poi/resource/02/020000017200.html"
"geoshape-nrct-poi:020000017300","戸来館跡","青森県 三戸郡新郷村 大字戸来","","https://geoshape.ex.nii.ac.jp/nrct-poi/resource/02/020000017300.html"
"geoshape-nrct-poi:020000017400","長泉寺","青森県 三戸郡新郷村 大字戸来字金ケ沢33番地","","https://geoshape.ex.nii.ac.jp/nrct-poi/resource/02/020000017400.html"
"geoshape-nrct-poi:020000017600","三嶽神社","青森県 三戸郡新郷村 大字西越字林ノ前62番地2","","https://geoshape.ex.nii.ac.jp/nrct-poi/resource/02/020000017600.html"
"geoshape-nrct-poi:020000017900","又重館跡","青森県 三戸郡五戸町 大字倉石又重","","https://geoshape.ex.nii.ac.jp/nrct-poi/resource/02/020000017900.html"
"geoshape-nrct-poi:020000018000","新山神社","青森県 三戸郡五戸町 大字倉石又重字前平7番地","","https://geoshape.ex.nii.ac.jp/nrct-poi/resource/02/020000018000.html"
"geoshape-nrct-poi:020000018100","儒童寺","青森県 三戸郡五戸町 大字倉石又重字古川代34番地","","https://geoshape.ex.nii.ac.jp/nrct-poi/resource/02/020000018100.html"
"geoshape-nrct-poi:020000018300","中市館跡","青森県 三戸郡五戸町 大字倉石中市","","https://geoshape.ex.nii.ac.jp/nrct-poi/resource/02/020000018300.html"
"geoshape-nrct-poi:020000018400","高良神社","青森県 三戸郡五戸町 大字倉石中市字田茂平66番地","","https://geoshape.ex.nii.ac.jp/nrct-poi/resource/02/020000018400.html"
"geoshape-nrct-poi:020000018500","源福寺","青森県 三戸郡五戸町 大字倉石中市字寺後35番地1","","https://geoshape.ex.nii.ac.jp/nrct-poi/resource/02/020000018500.html"
"geoshape-nrct-poi:020000018600","薬師前遺跡","青森県 三戸郡五戸町 大字倉石中市","","https://geoshape.ex.nii.ac.jp/nrct-poi/resource/02/020000018600.html"
"geoshape-nrct-poi:020000018800","石沢館跡","青森県 青森市 −","","https://geoshape.ex.nii.ac.jp/nrct-poi/resource/02/020000018800.html"
"geoshape-nrct-poi:020000019200","少彦名神社","青森県 三戸郡五戸町 大字手倉橋字薬師沢53番地","","https://geoshape.ex.nii.ac.jp/nrct-poi/resource/02/020000019200.html"
"geoshape-nrct-poi:020000019400","浅水城跡","青森県 三戸郡五戸町 大字浅水","","https://geoshape.ex.nii.ac.jp/nrct-poi/resource/02/020000019400.html"
"geoshape-nrct-poi:020000019500","宝福寺","青森県 三戸郡五戸町 大字浅水字浅水31番地1","","https://geoshape.ex.nii.ac.jp/nrct-poi/resource/02/020000019500.html"
"geoshape-nrct-poi:020000019600","来福院跡","青森県 三戸郡五戸町 大字浅水","","https://geoshape.ex.nii.ac.jp/nrct-poi/resource/02/020000019600.html"
"geoshape-nrct-poi:020000019700","八幡宮","青森県 三戸郡五戸町 大字浅水字浅水70番地","","https://geoshape.ex.nii.ac.jp/nrct-poi/resource/02/020000019700.html"
"geoshape-nrct-poi:020000020400","神明宮","青森県 三戸郡五戸町 字神明後27番地","","https://geoshape.ex.nii.ac.jp/nrct-poi/resource/02/020000020400.html"
"geoshape-nrct-poi:020000020600","専念寺","青森県 三戸郡五戸町 字愛宕後22番地","","https://geoshape.ex.nii.ac.jp/nrct-poi/resource/02/020000020600.html"
"geoshape-nrct-poi:020000020700","高雲寺","青森県 三戸郡五戸町 字愛宕後24番地","","https://geoshape.ex.nii.ac.jp/nrct-poi/resource/02/020000020700.html"
"geoshape-nrct-poi:020000021100","福聚院","青森県 三戸郡五戸町 字観音堂12番地","","https://geoshape.ex.nii.ac.jp/nrct-poi/resource/02/020000021100.html"
"geoshape-nrct-poi:020000021200","稲荷神社","青森県 三戸郡五戸町 字野月2番地","","https://geoshape.ex.nii.ac.jp/nrct-poi/resource/02/020000021200.html"
"geoshape-nrct-poi:020000021300","五戸館跡","青森県 三戸郡五戸町 字上大町","","https://geoshape.ex.nii.ac.jp/nrct-poi/resource/02/020000021300.html"
"geoshape-nrct-poi:020000021400","五戸代官所跡","青森県 三戸郡五戸町 字舘","","https://geoshape.ex.nii.ac.jp/nrct-poi/resource/02/020000021400.html"
"geoshape-nrct-poi:020000021500","五戸蔵役所跡","青森県 三戸郡五戸町 字舘","","https://geoshape.ex.nii.ac.jp/nrct-poi/resource/02/020000021500.html"
"geoshape-nrct-poi:020000021600","古館跡","青森県 三戸郡五戸町 字古舘","","https://geoshape.ex.nii.ac.jp/nrct-poi/resource/02/020000021600.html"
"geoshape-nrct-poi:020000021700","中ノ沢西張遺跡","青森県 三戸郡五戸町 字中ノ沢西張","","https://geoshape.ex.nii.ac.jp/nrct-poi/resource/02/020000021700.html"
"geoshape-nrct-poi:020000022200","八幡宮","青森県 三戸郡五戸町 字根岸10番地","","https://geoshape.ex.nii.ac.jp/nrct-poi/resource/02/020000022200.html"
"geoshape-nrct-poi:020000023100","法光寺","青森県 三戸郡南部町 大字法光寺字法光寺20番地6","","https://geoshape.ex.nii.ac.jp/nrct-poi/resource/02/020000023100.html"
"geoshape-nrct-poi:020000023300","上名久井館跡","青森県 三戸郡南部町 大字上名久井","","https://geoshape.ex.nii.ac.jp/nrct-poi/resource/02/020000023300.html"
"geoshape-nrct-poi:020000023400","浄休寺","青森県 三戸郡南部町 大字上名久井字下モ町17番地","","https://geoshape.ex.nii.ac.jp/nrct-poi/resource/02/020000023400.html"
"geoshape-nrct-poi:020000023600","諏訪神社","青森県 三戸郡南部町 大字高瀬字宮野38番地","","https://geoshape.ex.nii.ac.jp/nrct-poi/resource/02/020000023600.html"
"geoshape-nrct-poi:020000023800","平神社","青森県 三戸郡南部町 大字平字若宮前1番地","","https://geoshape.ex.nii.ac.jp/nrct-poi/resource/02/020000023800.html"
"geoshape-nrct-poi:020000023900","虚空蔵遺跡","青森県 三戸郡南部町 大字平","","https://geoshape.ex.nii.ac.jp/nrct-poi/resource/02/020000023900.html"
"geoshape-nrct-poi:020000024100","下名久井館跡","青森県 三戸郡南部町 大字下名久井","","https://geoshape.ex.nii.ac.jp/nrct-poi/resource/02/020000024100.html"
"geoshape-nrct-poi:020000024200","八坂神社","青森県 三戸郡田子町 大字田子字田子上ノ平3番地1","","https://geoshape.ex.nii.ac.jp/nrct-poi/resource/02/020000024200.html"
"geoshape-nrct-poi:020000024400","森越館跡","青森県 三戸郡南部町 大字森越","","https://geoshape.ex.nii.ac.jp/nrct-poi/resource/02/020000024400.html"
"geoshape-nrct-poi:020000024700","陽広寺","青森県 三戸郡南部町 大字剣吉字上町43番地","","https://geoshape.ex.nii.ac.jp/nrct-poi/resource/02/020000024700.html"
"geoshape-nrct-poi:020000024800","諏訪神社","青森県 三戸郡南部町 大字剣吉字上町44番地1","","https://geoshape.ex.nii.ac.jp/nrct-poi/resource/02/020000024800.html"
"geoshape-nrct-poi:020000024900","剣吉館跡","青森県 三戸郡南部町 大字剣吉","","https://geoshape.ex.nii.ac.jp/nrct-poi/resource/02/020000024900.html"
"geoshape-nrct-poi:020000025100","斗賀神社","青森県 三戸郡南部町 大字斗賀字上斗賀7番地","","https://geoshape.ex.nii.ac.jp/nrct-poi/resource/02/020000025100.html"
"geoshape-nrct-poi:020000025200","東円寺","青森県 三戸郡南部町 大字斗賀字定平1番地","","https://geoshape.ex.nii.ac.jp/nrct-poi/resource/02/020000025200.html"
"geoshape-nrct-poi:020000025500","苫米地館跡","青森県 三戸郡南部町 大字苫米地","","https://geoshape.ex.nii.ac.jp/nrct-poi/resource/02/020000025500.html"
"geoshape-nrct-poi:020000025600","法円寺","青森県 三戸郡南部町 大字苫米地字明戸30番地","","https://geoshape.ex.nii.ac.jp/nrct-poi/resource/02/020000025600.html"
"geoshape-nrct-poi:020000025700","御嶽神社","青森県 三戸郡南部町 大字苫米地字御嶽大字苫米地24番地","","https://geoshape.ex.nii.ac.jp/nrct-poi/resource/02/020000025700.html"
"geoshape-nrct-poi:020000026100","高橋館跡","青森県 三戸郡南部町 大字高橋","","https://geoshape.ex.nii.ac.jp/nrct-poi/resource/02/020000026100.html"
"geoshape-nrct-poi:020000026400","厳島神社","青森県 八戸市 大字鮫町大作平45番地","","https://geoshape.ex.nii.ac.jp/nrct-poi/resource/02/020000026400.html"
"geoshape-nrct-poi:020000026500","福田館跡","青森県 三戸郡南部町 大字福田","","https://geoshape.ex.nii.ac.jp/nrct-poi/resource/02/020000026500.html"
"geoshape-nrct-poi:020000026600","瑞泉寺","青森県 三戸郡南部町 大字福田字舘30番地","","https://geoshape.ex.nii.ac.jp/nrct-poi/resource/02/020000026600.html"
"geoshape-nrct-poi:020000026800","法師岡館跡","青森県 三戸郡南部町 大字法師岡","","https://geoshape.ex.nii.ac.jp/nrct-poi/resource/02/020000026800.html"
"geoshape-nrct-poi:020000027600","中野館跡","青森県 青森市 −","","https://geoshape.ex.nii.ac.jp/nrct-poi/resource/02/020000027600.html"
"geoshape-nrct-poi:020000027700","天徳院","青森県 八戸市 南郷大字中野字中野11番地","","https://geoshape.ex.nii.ac.jp/nrct-poi/resource/02/020000027700.html"
"geoshape-nrct-poi:030000012100","宮野貝塚","岩手県 大船渡市 三陸町綾里","","https://geoshape.ex.nii.ac.jp/nrct-poi/resource/03/030000012100.html"
"geoshape-nrct-poi:030000012200","綾里唐船番所跡","岩手県 大船渡市 三陸町綾里","","https://geoshape.ex.nii.ac.jp/nrct-poi/resource/03/030000012200.html"
"geoshape-nrct-poi:030000012500","新山神社","岩手県 大船渡市 三陸町越喜来字杉下49番地","","https://geoshape.ex.nii.ac.jp/nrct-poi/resource/03/030000012500.html"
"geoshape-nrct-poi:030000012700","吉浜城跡","岩手県 大船渡市 三陸町吉浜","","https://geoshape.ex.nii.ac.jp/nrct-poi/resource/03/030000012700.html"
"geoshape-nrct-poi:030000013100","世田米城跡","岩手県 気仙郡住田町 世田米","","https://geoshape.ex.nii.ac.jp/nrct-poi/resource/03/030000013100.html"
"geoshape-nrct-poi:030000013200","光勝寺","岩手県 花巻市 石鳥谷町五大堂第十一地割49番地","","https://geoshape.ex.nii.ac.jp/nrct-poi/resource/03/030000013200.html"
"geoshape-nrct-poi:030000013300","満蔵寺","岩手県 気仙郡住田町 世田米字本町29番地","","https://geoshape.ex.nii.ac.jp/nrct-poi/resource/03/030000013300.html"
"geoshape-nrct-poi:030000013600","蛇王洞洞穴遺跡","岩手県 気仙郡住田町 上有住","","https://geoshape.ex.nii.ac.jp/nrct-poi/resource/03/030000013600.html"
"geoshape-nrct-poi:030000013700","上有住城跡","岩手県 気仙郡住田町 上有住","","https://geoshape.ex.nii.ac.jp/nrct-poi/resource/03/030000013700.html"
"geoshape-nrct-poi:030000013800","樋ノ口城跡","岩手県 気仙郡住田町 上有住","","https://geoshape.ex.nii.ac.jp/nrct-poi/resource/03/030000013800.html"
"geoshape-nrct-poi:030000013900","常光寺跡","岩手県 気仙郡住田町 上有住","","https://geoshape.ex.nii.ac.jp/nrct-poi/resource/03/030000013900.html"
"geoshape-nrct-poi:030000014000","五葉山神社","岩手県 盛岡市 繋字下祢宜屋敷33番地","","https://geoshape.ex.nii.ac.jp/nrct-poi/resource/03/030000014000.html"
"geoshape-nrct-poi:030000014100","大泉寺跡","岩手県 気仙郡住田町 上有住","","https://geoshape.ex.nii.ac.jp/nrct-poi/resource/03/030000014100.html"
"geoshape-nrct-poi:030000015100","下船渡貝塚","岩手県 大船渡市 大船渡町","","https://geoshape.ex.nii.ac.jp/nrct-poi/resource/03/030000015100.html"
"geoshape-nrct-poi:030000015400","田茂山城跡","岩手県 大船渡市 盛町","","https://geoshape.ex.nii.ac.jp/nrct-poi/resource/03/030000015400.html"
"geoshape-nrct-poi:030000015600","猪川館跡","岩手県 大船渡市 猪川町","","https://geoshape.ex.nii.ac.jp/nrct-poi/resource/03/030000015600.html"
"geoshape-nrct-poi:030000015700","名高根遺跡","岩手県 大船渡市 猪川町","","https://geoshape.ex.nii.ac.jp/nrct-poi/resource/03/030000015700.html"
"geoshape-nrct-poi:030000015800","長谷堂貝塚","岩手県 大船渡市 猪川町","","https://geoshape.ex.nii.ac.jp/nrct-poi/resource/03/030000015800.html"
"geoshape-nrct-poi:030000015900","長谷寺","岩手県 花巻市 石鳥谷町長谷堂第一地割68番地","","https://geoshape.ex.nii.ac.jp/nrct-poi/resource/03/030000015900.html"
"geoshape-nrct-poi:030000016100","五葉神社","岩手県 大船渡市 立根町字萱中56番地1","","https://geoshape.ex.nii.ac.jp/nrct-poi/resource/03/030000016100.html"
"geoshape-nrct-poi:030000016300","長安寺","岩手県 大船渡市 日頃市町字長安寺57番地","","https://geoshape.ex.nii.ac.jp/nrct-poi/resource/03/030000016300.html"
"geoshape-nrct-poi:030000016400","関谷洞窟住居跡","岩手県 大船渡市 日頃市町","","https://geoshape.ex.nii.ac.jp/nrct-poi/resource/03/030000016400.html"
"geoshape-nrct-poi:030000016500","五葉山神社","岩手県 大船渡市 日頃市町字関谷27番地5","","https://geoshape.ex.nii.ac.jp/nrct-poi/resource/03/030000016500.html"
"geoshape-nrct-poi:030000016700","赤崎城跡","岩手県 大船渡市 赤崎町","","https://geoshape.ex.nii.ac.jp/nrct-poi/resource/03/030000016700.html"
"geoshape-nrct-poi:030000016800","大洞貝塚","岩手県 大船渡市 赤崎町","","https://geoshape.ex.nii.ac.jp/nrct-poi/resource/03/030000016800.html"
"geoshape-nrct-poi:030000016900","蛸の浦貝塚","岩手県 大船渡市 赤崎町","","https://geoshape.ex.nii.ac.jp/nrct-poi/resource/03/030000016900.html"
"geoshape-nrct-poi:030000017000","尾崎神社","岩手県 大船渡市 赤崎町字鳥沢190番地1","","https://geoshape.ex.nii.ac.jp/nrct-poi/resource/03/030000017000.html"
"geoshape-nrct-poi:030000017400","末崎城跡","岩手県 大船渡市 末崎町","","https://geoshape.ex.nii.ac.jp/nrct-poi/resource/03/030000017400.html"
"geoshape-nrct-poi:030000018300","黒崎神社","岩手県 陸前高田市 広田町字黒崎10番地","","https://geoshape.ex.nii.ac.jp/nrct-poi/resource/03/030000018300.html"
"geoshape-nrct-poi:030000018500","中沢浜貝塚","岩手県 陸前高田市 広田町","","https://geoshape.ex.nii.ac.jp/nrct-poi/resource/03/030000018500.html"
"geoshape-nrct-poi:030000018600","広田城跡","岩手県 陸前高田市 広田町","","https://geoshape.ex.nii.ac.jp/nrct-poi/resource/03/030000018600.html"
"geoshape-nrct-poi:030000018700","大陽台貝塚","岩手県 陸前高田市 広田町","","https://geoshape.ex.nii.ac.jp/nrct-poi/resource/03/030000018700.html"
"geoshape-nrct-poi:030000018900","蛇ヶ崎城跡","岩手県 陸前高田市 小友町","","https://geoshape.ex.nii.ac.jp/nrct-poi/resource/03/030000018900.html"
"geoshape-nrct-poi:030000019000","門前貝塚","岩手県 陸前高田市 小友町","","https://geoshape.ex.nii.ac.jp/nrct-poi/resource/03/030000019000.html"
"geoshape-nrct-poi:030000019100","華蔵寺","岩手県 陸前高田市 小友町字門前23番地","","https://geoshape.ex.nii.ac.jp/nrct-poi/resource/03/030000019100.html"
"geoshape-nrct-poi:030000019200","常膳寺","岩手県 陸前高田市 小友町字上の坊24番地","","https://geoshape.ex.nii.ac.jp/nrct-poi/resource/03/030000019200.html"
"geoshape-nrct-poi:030000019600","米ヶ崎城跡","岩手県 陸前高田市 米崎町","","https://geoshape.ex.nii.ac.jp/nrct-poi/resource/03/030000019600.html"
"geoshape-nrct-poi:030000019700","中山館跡","岩手県 陸前高田市 米崎町","","https://geoshape.ex.nii.ac.jp/nrct-poi/resource/03/030000019700.html"
"geoshape-nrct-poi:030000019800","普門寺","岩手県 陸前高田市 米崎町地竹沢181番地","","https://geoshape.ex.nii.ac.jp/nrct-poi/resource/03/030000019800.html"
"geoshape-nrct-poi:030000020100","氷上神社","岩手県 陸前高田市 高田町字西和野83番地","","https://geoshape.ex.nii.ac.jp/nrct-poi/resource/03/030000020100.html"
"geoshape-nrct-poi:030000020300","東館城跡","岩手県 陸前高田市 高田町","","https://geoshape.ex.nii.ac.jp/nrct-poi/resource/03/030000020300.html"
"geoshape-nrct-poi:030000020500","玉山金山跡","岩手県 陸前高田市 竹駒町","","https://geoshape.ex.nii.ac.jp/nrct-poi/resource/03/030000020500.html"
"geoshape-nrct-poi:030000020800","雪沢金山跡","岩手県 陸前高田市 矢作町","","https://geoshape.ex.nii.ac.jp/nrct-poi/resource/03/030000020800.html"
"geoshape-nrct-poi:030000020900","内館跡","岩手県 陸前高田市 矢作町","","https://geoshape.ex.nii.ac.jp/nrct-poi/resource/03/030000020900.html"
"geoshape-nrct-poi:030000021000","外館跡","岩手県 陸前高田市 矢作町","","https://geoshape.ex.nii.ac.jp/nrct-poi/resource/03/030000021000.html"
"geoshape-nrct-poi:030000021200","泉増寺","岩手県 陸前高田市 気仙町字荒川127番地","","https://geoshape.ex.nii.ac.jp/nrct-poi/resource/03/030000021200.html"
"geoshape-nrct-poi:030000021300","金剛寺","岩手県 陸前高田市 気仙町字町裏26番地","","https://geoshape.ex.nii.ac.jp/nrct-poi/resource/03/030000021300.html"
"geoshape-nrct-poi:030000021600","二日市城跡","岩手県 陸前高田市 気仙町","","https://geoshape.ex.nii.ac.jp/nrct-poi/resource/03/030000021600.html"
"geoshape-nrct-poi:030000022700","黄海城跡","岩手県 一関市 藤沢町黄海","","https://geoshape.ex.nii.ac.jp/nrct-poi/resource/03/030000022700.html"
"geoshape-nrct-poi:030000023000","藤沢城跡","岩手県 一関市 藤沢町藤沢","","https://geoshape.ex.nii.ac.jp/nrct-poi/resource/03/030000023000.html"
"geoshape-nrct-poi:030000023600","保呂羽神社","岩手県 一関市 藤沢町保呂羽字二本柳213番地","","https://geoshape.ex.nii.ac.jp/nrct-poi/resource/03/030000023600.html"
"geoshape-nrct-poi:030000024000","中倉金山跡","岩手県 一関市 室根町折壁","","https://geoshape.ex.nii.ac.jp/nrct-poi/resource/03/030000024000.html"
"geoshape-nrct-poi:030000024400","室根神社","岩手県 一関市 室根町折壁字室根山2番地","","https://geoshape.ex.nii.ac.jp/nrct-poi/resource/03/030000024400.html"
"geoshape-nrct-poi:030000024600","御袋神社","岩手県 一関市 室根町折壁字欠入田76番地","","https://geoshape.ex.nii.ac.jp/nrct-poi/resource/03/030000024600.html"
"geoshape-nrct-poi:030000024900","千厩金山奉行所跡","岩手県 一関市 千厩町千厩","","https://geoshape.ex.nii.ac.jp/nrct-poi/resource/03/030000024900.html"
"geoshape-nrct-poi:030000026300","薄衣城跡","岩手県 一関市 川崎町薄衣古舘","","https://geoshape.ex.nii.ac.jp/nrct-poi/resource/03/030000026300.html"
"geoshape-nrct-poi:030000026500","布佐洞窟遺跡","岩手県 一関市 川崎町門崎","","https://geoshape.ex.nii.ac.jp/nrct-poi/resource/03/030000026500.html"
"geoshape-nrct-poi:030000026600","最明寺","岩手県 一関市 川崎町門崎字石蔵53番地","","https://geoshape.ex.nii.ac.jp/nrct-poi/resource/03/030000026600.html"
"geoshape-nrct-poi:030000026900","松川城跡・鳥畑城跡","岩手県 一関市 東山町松川","","https://geoshape.ex.nii.ac.jp/nrct-poi/resource/03/030000026900.html"
"geoshape-nrct-poi:030000027500","八幡神社","岩手県 北上市 飯豊十六地割39番地","","https://geoshape.ex.nii.ac.jp/nrct-poi/resource/03/030000027500.html"
"geoshape-nrct-poi:030000027600","山吹城跡・新山城跡","岩手県 一関市 大東町大原","","https://geoshape.ex.nii.ac.jp/nrct-poi/resource/03/030000027600.html"
"geoshape-nrct-poi:030000027700","内野砂鉄山跡","岩手県 一関市 大東町大原","","https://geoshape.ex.nii.ac.jp/nrct-poi/resource/03/030000027700.html"
"geoshape-nrct-poi:030000028500","興田神社","岩手県 一関市 大東町鳥海字小山38番地","","https://geoshape.ex.nii.ac.jp/nrct-poi/resource/03/030000028500.html"
"geoshape-nrct-poi:030000028600","文久山跡","岩手県 一関市 大東町鳥海","","https://geoshape.ex.nii.ac.jp/nrct-poi/resource/03/030000028600.html"
"geoshape-nrct-poi:030000029800","金森遺跡","岩手県 一関市 花泉町花泉","","https://geoshape.ex.nii.ac.jp/nrct-poi/resource/03/030000029800.html"
"geoshape-nrct-poi:030000030600","貝鳥貝塚","岩手県 一関市 花泉町油島","","https://geoshape.ex.nii.ac.jp/nrct-poi/resource/03/030000030600.html"
"geoshape-nrct-poi:030000031100","杉山古墳群","岩手県 一関市 花泉町永井","","https://geoshape.ex.nii.ac.jp/nrct-poi/resource/03/030000031100.html"
"geoshape-nrct-poi:030000033400","中尊寺","岩手県 西磐井郡平泉町 平泉衣関202番地","","https://geoshape.ex.nii.ac.jp/nrct-poi/resource/03/030000033400.html"
"geoshape-nrct-poi:030000034800","毛越寺","岩手県 西磐井郡平泉町 平泉大沢58番地","","https://geoshape.ex.nii.ac.jp/nrct-poi/resource/03/030000034800.html"
"geoshape-nrct-poi:030000035800","観自在王院跡","岩手県 西磐井郡平泉町 平泉","","https://geoshape.ex.nii.ac.jp/nrct-poi/resource/03/030000035800.html"
"geoshape-nrct-poi:030000036200","無量光院跡","岩手県 西磐井郡平泉町 平泉","","https://geoshape.ex.nii.ac.jp/nrct-poi/resource/03/030000036200.html"
"geoshape-nrct-poi:030000036700","長部城跡","岩手県 西磐井郡平泉町 長島","","https://geoshape.ex.nii.ac.jp/nrct-poi/resource/03/030000036700.html"
"geoshape-nrct-poi:030000038100","一関城跡","岩手県 一関市 字釣山","","https://geoshape.ex.nii.ac.jp/nrct-poi/resource/03/030000038100.html"
"geoshape-nrct-poi:030000038500","願成寺","岩手県 一関市 字釣山31番地","","https://geoshape.ex.nii.ac.jp/nrct-poi/resource/03/030000038500.html"
"geoshape-nrct-poi:030000038600","祥雲寺","岩手県 一関市 台町48番地2","","https://geoshape.ex.nii.ac.jp/nrct-poi/resource/03/030000038600.html"
"geoshape-nrct-poi:030000038700","大安寺跡","岩手県 一関市 字機織山","","https://geoshape.ex.nii.ac.jp/nrct-poi/resource/03/030000038700.html"
"geoshape-nrct-poi:030000039100","長昌寺","岩手県 一関市 真柴字宮沢122番地","","https://geoshape.ex.nii.ac.jp/nrct-poi/resource/03/030000039100.html"
"geoshape-nrct-poi:030000039200","瑞川寺","岩手県 一関市 真柴千刈田79番地3","","https://geoshape.ex.nii.ac.jp/nrct-poi/resource/03/030000039200.html"
"geoshape-nrct-poi:030000039600","光西寺","岩手県 一関市 狐禅寺字田谷下94番地","","https://geoshape.ex.nii.ac.jp/nrct-poi/resource/03/030000039600.html"
"geoshape-nrct-poi:030000040300","配志和神社","岩手県 一関市 山目字館56番地","","https://geoshape.ex.nii.ac.jp/nrct-poi/resource/03/030000040300.html"
"geoshape-nrct-poi:030000040400","泥田廃寺","岩手県 一関市 山目","","https://geoshape.ex.nii.ac.jp/nrct-poi/resource/03/030000040400.html"
"geoshape-nrct-poi:030000040600","赤荻城跡","岩手県 一関市 赤荻","","https://geoshape.ex.nii.ac.jp/nrct-poi/resource/03/030000040600.html"
"geoshape-nrct-poi:030000040900","庄司合遺跡","岩手県 一関市 厳美町","","https://geoshape.ex.nii.ac.jp/nrct-poi/resource/03/030000040900.html"
"geoshape-nrct-poi:030000041400","釣尾城跡","岩手県 一関市 萩荘","","https://geoshape.ex.nii.ac.jp/nrct-poi/resource/03/030000041400.html"
"geoshape-nrct-poi:030000041600","谷起島遺跡","岩手県 一関市 萩荘","","https://geoshape.ex.nii.ac.jp/nrct-poi/resource/03/030000041600.html"
"geoshape-nrct-poi:030000041900","楊生城跡","岩手県 一関市 弥栄","","https://geoshape.ex.nii.ac.jp/nrct-poi/resource/03/030000041900.html"
"geoshape-nrct-poi:030000043400","前沢城跡","岩手県 奥州市 前沢","","https://geoshape.ex.nii.ac.jp/nrct-poi/resource/03/030000043400.html"
"geoshape-nrct-poi:030000043500","三沢氏屋敷跡","岩手県 奥州市 前沢","","https://geoshape.ex.nii.ac.jp/nrct-poi/resource/03/030000043500.html"
"geoshape-nrct-poi:030000043700","霊桃寺","岩手県 奥州市 前沢字山下72番地","","https://geoshape.ex.nii.ac.jp/nrct-poi/resource/03/030000043700.html"
"geoshape-nrct-poi:030000043800","久成寺","岩手県 奥州市 前沢字山下181番地","","https://geoshape.ex.nii.ac.jp/nrct-poi/resource/03/030000043800.html"
"geoshape-nrct-poi:030000044000","白鳥館跡","岩手県 奥州市 前沢","","https://geoshape.ex.nii.ac.jp/nrct-poi/resource/03/030000044000.html"
"geoshape-nrct-poi:030000044600","川岸場遺跡","岩手県 奥州市 前沢","","https://geoshape.ex.nii.ac.jp/nrct-poi/resource/03/030000044600.html"
"geoshape-nrct-poi:030000044800","明後沢遺跡","岩手県 奥州市 前沢","","https://geoshape.ex.nii.ac.jp/nrct-poi/resource/03/030000044800.html"
"geoshape-nrct-poi:030000045900","雲際寺","岩手県 奥州市 衣川張山63番地","","https://geoshape.ex.nii.ac.jp/nrct-poi/resource/03/030000045900.html"
"geoshape-nrct-poi:030000046000","長者原廃寺","岩手県 奥州市 衣川田中西","","https://geoshape.ex.nii.ac.jp/nrct-poi/resource/03/030000046000.html"
"geoshape-nrct-poi:030000046100","北館遺跡","岩手県 奥州市 衣川杉林","","https://geoshape.ex.nii.ac.jp/nrct-poi/resource/03/030000046100.html"
"geoshape-nrct-poi:030000046200","東裏遺跡","岩手県 奥州市 衣川東裏","","https://geoshape.ex.nii.ac.jp/nrct-poi/resource/03/030000046200.html"
"geoshape-nrct-poi:030000046500","小十文字遺跡","岩手県 胆沢郡金ケ崎町 −","","https://geoshape.ex.nii.ac.jp/nrct-poi/resource/03/030000046500.html"
"geoshape-nrct-poi:030000046700","角塚古墳","岩手県 胆沢郡金ケ崎町 −","","https://geoshape.ex.nii.ac.jp/nrct-poi/resource/03/030000046700.html"
"geoshape-nrct-poi:030000046800","二本木遺跡","岩手県 胆沢郡金ケ崎町 −","","https://geoshape.ex.nii.ac.jp/nrct-poi/resource/03/030000046800.html"
"geoshape-nrct-poi:030000047200","宮沢原遺跡群","岩手県 胆沢郡金ケ崎町 −","","https://geoshape.ex.nii.ac.jp/nrct-poi/resource/03/030000047200.html"
"geoshape-nrct-poi:030000047300","上萩森遺跡","岩手県 胆沢郡金ケ崎町 −","","https://geoshape.ex.nii.ac.jp/nrct-poi/resource/03/030000047300.html"
"geoshape-nrct-poi:030000047400","於呂閉志神社","岩手県 胆沢郡金ケ崎町 −","","https://geoshape.ex.nii.ac.jp/nrct-poi/resource/03/030000047400.html"
"geoshape-nrct-poi:030000048000","金ヶ崎城跡","岩手県 胆沢郡金ケ崎町 西根","","https://geoshape.ex.nii.ac.jp/nrct-poi/resource/03/030000048000.html"
"geoshape-nrct-poi:030000048200","鳥海遺跡","岩手県 胆沢郡金ケ崎町 西根","","https://geoshape.ex.nii.ac.jp/nrct-poi/resource/03/030000048200.html"
"geoshape-nrct-poi:030000048400","西根古墳群","岩手県 胆沢郡金ケ崎町 西根","","https://geoshape.ex.nii.ac.jp/nrct-poi/resource/03/030000048400.html"
"geoshape-nrct-poi:030000048500","上餅田遺跡","岩手県 胆沢郡金ケ崎町 西根","","https://geoshape.ex.nii.ac.jp/nrct-poi/resource/03/030000048500.html"
"geoshape-nrct-poi:030000048600","中荒巻遺跡","岩手県 胆沢郡金ケ崎町 西根","","https://geoshape.ex.nii.ac.jp/nrct-poi/resource/03/030000048600.html"
"geoshape-nrct-poi:030000048700","和光六区遺跡","岩手県 胆沢郡金ケ崎町 西根","","https://geoshape.ex.nii.ac.jp/nrct-poi/resource/03/030000048700.html"
"geoshape-nrct-poi:030000049000","大林城跡","岩手県 胆沢郡金ケ崎町 永沢","","https://geoshape.ex.nii.ac.jp/nrct-poi/resource/03/030000049000.html"
"geoshape-nrct-poi:030000049100","観音寺","岩手県 奥州市 江刺愛宕字観音堂沖江刺愛宕43番地","","https://geoshape.ex.nii.ac.jp/nrct-poi/resource/03/030000049100.html"
"geoshape-nrct-poi:040000019400","岩ノ入遺跡","宮城県 伊具郡丸森町 大内","","https://geoshape.ex.nii.ac.jp/nrct-poi/resource/04/040000019400.html"
"geoshape-nrct-poi:040000019800","金山要害跡","宮城県 伊具郡丸森町 金山","","https://geoshape.ex.nii.ac.jp/nrct-poi/resource/04/040000019800.html"
"geoshape-nrct-poi:040000019900","台町古墳群","宮城県 伊具郡丸森町 金山","","https://geoshape.ex.nii.ac.jp/nrct-poi/resource/04/040000019900.html"
"geoshape-nrct-poi:040000020100","柴小屋館跡","宮城県 伊具郡丸森町 小斎","","https://geoshape.ex.nii.ac.jp/nrct-poi/resource/04/040000020100.html"
"geoshape-nrct-poi:040000020500","丸山館跡","宮城県 伊具郡丸森町 字渕ノ上","","https://geoshape.ex.nii.ac.jp/nrct-poi/resource/04/040000020500.html"
"geoshape-nrct-poi:040000020600","鳥屋嶺神社","宮城県 伊具郡丸森町 字除北42番地","","https://geoshape.ex.nii.ac.jp/nrct-poi/resource/04/040000020600.html"
"geoshape-nrct-poi:040000021600","宗吽院","宮城県 伊具郡丸森町 舘矢間木沼字宮後180番地","","https://geoshape.ex.nii.ac.jp/nrct-poi/resource/04/040000021600.html"
"geoshape-nrct-poi:040000022700","角田要害跡","宮城県 角田市 角田","","https://geoshape.ex.nii.ac.jp/nrct-poi/resource/04/040000022700.html"
"geoshape-nrct-poi:040000022800","鱸沼遺跡","宮城県 角田市 角田","","https://geoshape.ex.nii.ac.jp/nrct-poi/resource/04/040000022800.html"
"geoshape-nrct-poi:040000022900","住社遺跡","宮城県 角田市 角田","","https://geoshape.ex.nii.ac.jp/nrct-poi/resource/04/040000022900.html"
"geoshape-nrct-poi:040000023100","横倉古墳群","宮城県 角田市 横倉","","https://geoshape.ex.nii.ac.jp/nrct-poi/resource/04/040000023100.html"
"geoshape-nrct-poi:040000023500","高蔵寺","宮城県 角田市 高倉字寺前49番地","","https://geoshape.ex.nii.ac.jp/nrct-poi/resource/04/040000023500.html"
"geoshape-nrct-poi:040000023800","小針薬師堂","宮城県 角田市 稲置","","https://geoshape.ex.nii.ac.jp/nrct-poi/resource/04/040000023800.html"
"geoshape-nrct-poi:040000024300","梁瀬浦遺跡","宮城県 角田市 岡","","https://geoshape.ex.nii.ac.jp/nrct-poi/resource/04/040000024300.html"
"geoshape-nrct-poi:040000024900","土浮貝塚","宮城県 角田市 小坂","","https://geoshape.ex.nii.ac.jp/nrct-poi/resource/04/040000024900.html"
"geoshape-nrct-poi:040000025600","東光院跡","宮城県 角田市 尾山","","https://geoshape.ex.nii.ac.jp/nrct-poi/resource/04/040000025600.html"
"geoshape-nrct-poi:040000025800","郡山遺跡","宮城県 角田市 枝野","","https://geoshape.ex.nii.ac.jp/nrct-poi/resource/04/040000025800.html"
"geoshape-nrct-poi:040000027100","湯原番所跡","宮城県 刈田郡七ケ宿町 −","","https://geoshape.ex.nii.ac.jp/nrct-poi/resource/04/040000027100.html"
"geoshape-nrct-poi:040000027200","湯原館跡","宮城県 刈田郡七ケ宿町 字町裏","","https://geoshape.ex.nii.ac.jp/nrct-poi/resource/04/040000027200.html"
"geoshape-nrct-poi:040000027300","東光寺","宮城県 仙台市 宮城野区岩切入山岩切字22番地","","https://geoshape.ex.nii.ac.jp/nrct-poi/resource/04/040000027300.html"
"geoshape-nrct-poi:040000028300","水分神社","宮城県 刈田郡七ヶ宿町 字神林山10番地","","https://geoshape.ex.nii.ac.jp/nrct-poi/resource/04/040000028300.html"
"geoshape-nrct-poi:040000028400","関泉寺","宮城県 刈田郡七ヶ宿町 字大杉19番地","","https://geoshape.ex.nii.ac.jp/nrct-poi/resource/04/040000028400.html"
"geoshape-nrct-poi:040000028800","小梁川遺跡","宮城県 刈田郡七ケ宿町 −","","https://geoshape.ex.nii.ac.jp/nrct-poi/resource/04/040000028800.html"
"geoshape-nrct-poi:040000028900","大梁川銀山跡","宮城県 刈田郡七ケ宿町 −","","https://geoshape.ex.nii.ac.jp/nrct-poi/resource/04/040000028900.html"
"geoshape-nrct-poi:040000029400","刈田嶺神社","宮城県 刈田郡蔵王町 宮字馬場宮1番地","","https://geoshape.ex.nii.ac.jp/nrct-poi/resource/04/040000029400.html"
"geoshape-nrct-poi:040000029500","蓮蔵寺","宮城県 刈田郡蔵王町 宮字町123番地","","https://geoshape.ex.nii.ac.jp/nrct-poi/resource/04/040000029500.html"
"geoshape-nrct-poi:040000029600","明神裏遺跡","宮城県 刈田郡蔵王町 宮","","https://geoshape.ex.nii.ac.jp/nrct-poi/resource/04/040000029600.html"
"geoshape-nrct-poi:040000029700","二屋敷遺跡","宮城県 刈田郡蔵王町 宮","","https://geoshape.ex.nii.ac.jp/nrct-poi/resource/04/040000029700.html"
"geoshape-nrct-poi:040000030600","東山遺跡","宮城県 刈田郡蔵王町 大字矢附","","https://geoshape.ex.nii.ac.jp/nrct-poi/resource/04/040000030600.html"
"geoshape-nrct-poi:040000031200","永野西裏遺跡","宮城県 刈田郡蔵王町 大字円田","","https://geoshape.ex.nii.ac.jp/nrct-poi/resource/04/040000031200.html"
"geoshape-nrct-poi:040000031600","大橋遺跡","宮城県 刈田郡蔵王町 大字平沢","","https://geoshape.ex.nii.ac.jp/nrct-poi/resource/04/040000031600.html"
"geoshape-nrct-poi:040000031800","都遺跡","宮城県 刈田郡蔵王町 大字平沢","","https://geoshape.ex.nii.ac.jp/nrct-poi/resource/04/040000031800.html"
"geoshape-nrct-poi:040000032700","黒森銀山跡","宮城県 白石市 小原","","https://geoshape.ex.nii.ac.jp/nrct-poi/resource/04/040000032700.html"
"geoshape-nrct-poi:040000033100","上戸沢番所跡","宮城県 白石市 小原","","https://geoshape.ex.nii.ac.jp/nrct-poi/resource/04/040000033100.html"
"geoshape-nrct-poi:040000033500","越河番所跡","宮城県 白石市 越河","","https://geoshape.ex.nii.ac.jp/nrct-poi/resource/04/040000033500.html"
"geoshape-nrct-poi:040000034000","田村神社","宮城県 白石市 斎川上向山115番地","","https://geoshape.ex.nii.ac.jp/nrct-poi/resource/04/040000034000.html"
"geoshape-nrct-poi:040000034200","亀田古墳群","宮城県 白石市 斎川","","https://geoshape.ex.nii.ac.jp/nrct-poi/resource/04/040000034200.html"
"geoshape-nrct-poi:040000034400","太平館跡","宮城県 白石市 大平中目","","https://geoshape.ex.nii.ac.jp/nrct-poi/resource/04/040000034400.html"
"geoshape-nrct-poi:040000034800","三沢城跡","宮城県 白石市 大鷹沢三沢","","https://geoshape.ex.nii.ac.jp/nrct-poi/resource/04/040000034800.html"
"geoshape-nrct-poi:040000035000","大町城跡","宮城県 白石市 大鷹沢大町","","https://geoshape.ex.nii.ac.jp/nrct-poi/resource/04/040000035000.html"
"geoshape-nrct-poi:040000035200","鷹巣古墳群","宮城県 白石市 鷹巣","","https://geoshape.ex.nii.ac.jp/nrct-poi/resource/04/040000035200.html"
"geoshape-nrct-poi:040000035400","白石城跡","宮城県 白石市 益岡町","","https://geoshape.ex.nii.ac.jp/nrct-poi/resource/04/040000035400.html"
"geoshape-nrct-poi:040000036200","神明社","宮城県 黒川郡大和町 小野字荒井163番地","","https://geoshape.ex.nii.ac.jp/nrct-poi/resource/04/040000036200.html"
"geoshape-nrct-poi:040000036300","傑山寺","宮城県 仙台市 青葉区国分町二丁目14番25号","","https://geoshape.ex.nii.ac.jp/nrct-poi/resource/04/040000036300.html"
"geoshape-nrct-poi:040000036500","郡山横穴古墳群","宮城県 白石市 郡山","","https://geoshape.ex.nii.ac.jp/nrct-poi/resource/04/040000036500.html"
"geoshape-nrct-poi:040000036600","郡山城跡","宮城県 白石市 郡山","","https://geoshape.ex.nii.ac.jp/nrct-poi/resource/04/040000036600.html"
"geoshape-nrct-poi:040000036900","内親城跡","宮城県 白石市 白川内親","","https://geoshape.ex.nii.ac.jp/nrct-poi/resource/04/040000036900.html"
"geoshape-nrct-poi:040000037100","東北窯跡","宮城県 白石市 白川犬卒都婆","","https://geoshape.ex.nii.ac.jp/nrct-poi/resource/04/040000037100.html"
"geoshape-nrct-poi:040000037600","菅生田遺跡","宮城県 白石市 福岡蔵本","","https://geoshape.ex.nii.ac.jp/nrct-poi/resource/04/040000037600.html"
"geoshape-nrct-poi:040000038100","堂田遺跡","宮城県 白石市 福岡八宮","","https://geoshape.ex.nii.ac.jp/nrct-poi/resource/04/040000038100.html"
"geoshape-nrct-poi:040000038300","道内原遺跡","宮城県 白石市 福岡深谷","","https://geoshape.ex.nii.ac.jp/nrct-poi/resource/04/040000038300.html"
"geoshape-nrct-poi:040000038400","植田前遺跡","宮城県 白石市 福岡深谷","","https://geoshape.ex.nii.ac.jp/nrct-poi/resource/04/040000038400.html"
"geoshape-nrct-poi:040000038500","松田遺跡","宮城県 白石市 福岡深谷","","https://geoshape.ex.nii.ac.jp/nrct-poi/resource/04/040000038500.html"
"geoshape-nrct-poi:040000038600","青木遺跡","宮城県 白石市 福岡深谷","","https://geoshape.ex.nii.ac.jp/nrct-poi/resource/04/040000038600.html"
"geoshape-nrct-poi:040000039600","坂本要害跡","宮城県 亘理郡山元町 坂元","","https://geoshape.ex.nii.ac.jp/nrct-poi/resource/04/040000039600.html"
"geoshape-nrct-poi:040000039900","合戦原古窯跡群","宮城県 亘理郡山元町 高瀬","","https://geoshape.ex.nii.ac.jp/nrct-poi/resource/04/040000039900.html"
"geoshape-nrct-poi:040000040900","宮前遺跡","宮城県 亘理郡亘理町 吉田","","https://geoshape.ex.nii.ac.jp/nrct-poi/resource/04/040000040900.html"
"geoshape-nrct-poi:040000041000","大塚古墳","宮城県 亘理郡亘理町 吉田","","https://geoshape.ex.nii.ac.jp/nrct-poi/resource/04/040000041000.html"
"geoshape-nrct-poi:040000041400","亘理要害跡","宮城県 亘理郡亘理町 字舘南","","https://geoshape.ex.nii.ac.jp/nrct-poi/resource/04/040000041400.html"
"geoshape-nrct-poi:040000041500","大雄寺","宮城県 本吉郡南三陸町 志津川字田尻畑10番地1","","https://geoshape.ex.nii.ac.jp/nrct-poi/resource/04/040000041500.html"
"geoshape-nrct-poi:040000042600","鹿島天足和気神社","宮城県 亘理郡亘理町 逢隈鹿島宮前97番地","","https://geoshape.ex.nii.ac.jp/nrct-poi/resource/04/040000042600.html"
"geoshape-nrct-poi:040000042800","竹の花横穴","宮城県 亘理郡亘理町 逢隈神宮寺","","https://geoshape.ex.nii.ac.jp/nrct-poi/resource/04/040000042800.html"
"geoshape-nrct-poi:040000043100","椿貝塚","宮城県 亘理郡亘理町 逢隈下郡","","https://geoshape.ex.nii.ac.jp/nrct-poi/resource/04/040000043100.html"
"geoshape-nrct-poi:040000043200","三十三間堂遺跡","宮城県 亘理郡亘理町 逢隈下郡","","https://geoshape.ex.nii.ac.jp/nrct-poi/resource/04/040000043200.html"
"geoshape-nrct-poi:040000043800","安福河伯神社","宮城県 亘理郡亘理町 逢隈田沢堰下220番地","","https://geoshape.ex.nii.ac.jp/nrct-poi/resource/04/040000043800.html"
"geoshape-nrct-poi:040000044000","鹿島緒名太神社","宮城県 亘理郡亘理町 逢隈小山西山21番地","","https://geoshape.ex.nii.ac.jp/nrct-poi/resource/04/040000044000.html"
"geoshape-nrct-poi:040000044700","上野山古墳群","宮城県 柴田郡柴田町 大字本船迫","","https://geoshape.ex.nii.ac.jp/nrct-poi/resource/04/040000044700.html"
"geoshape-nrct-poi:040000045200","舟岡要害跡","宮城県 柴田郡柴田町 大字船岡","","https://geoshape.ex.nii.ac.jp/nrct-poi/resource/04/040000045200.html"
"geoshape-nrct-poi:040000045800","大光院","宮城県 柴田郡柴田町 西船迫一丁目12番地","","https://geoshape.ex.nii.ac.jp/nrct-poi/resource/04/040000045800.html"
"geoshape-nrct-poi:040000046400","八幡神社","宮城県 柴田郡柴田町 槻木白幡四丁目3番11号","","https://geoshape.ex.nii.ac.jp/nrct-poi/resource/04/040000046400.html"
"geoshape-nrct-poi:040000046500","松崎貝塚","宮城県 柴田郡柴田町 大字槻木","","https://geoshape.ex.nii.ac.jp/nrct-poi/resource/04/040000046500.html"
"geoshape-nrct-poi:040000046700","炭釜横穴古墳群","宮城県 柴田郡柴田町 大字四日市場","","https://geoshape.ex.nii.ac.jp/nrct-poi/resource/04/040000046700.html"
"geoshape-nrct-poi:040000046900","上川名貝塚","宮城県 柴田郡柴田町 大字上川名","","https://geoshape.ex.nii.ac.jp/nrct-poi/resource/04/040000046900.html"
"geoshape-nrct-poi:040000047100","富沢磨崖仏群","宮城県 柴田郡柴田町 大字富沢","","https://geoshape.ex.nii.ac.jp/nrct-poi/resource/04/040000047100.html"
"geoshape-nrct-poi:040000047300","八雲神社","宮城県 柴田郡柴田町 大字入間田字古内24番地","","https://geoshape.ex.nii.ac.jp/nrct-poi/resource/04/040000047300.html"
"geoshape-nrct-poi:040000047800","大高山神社","宮城県 柴田郡川崎町 大字今宿字雷神山1番地","","https://geoshape.ex.nii.ac.jp/nrct-poi/resource/04/040000047800.html"
"geoshape-nrct-poi:040000048900","愛宕山古墳","宮城県 柴田郡村田町 大字村田","","https://geoshape.ex.nii.ac.jp/nrct-poi/resource/04/040000048900.html"
"geoshape-nrct-poi:040000049500","村田館跡","宮城県 柴田郡村田町 大字村田","","https://geoshape.ex.nii.ac.jp/nrct-poi/resource/04/040000049500.html"
"geoshape-nrct-poi:040000049600","白鳥神社","宮城県 柴田郡村田町 大字村田七小路大字村田字1番地","","https://geoshape.ex.nii.ac.jp/nrct-poi/resource/04/040000049600.html"
"geoshape-nrct-poi:040000049700","龍島院","宮城県 柴田郡村田町 大字村田大槻下92番地","","https://geoshape.ex.nii.ac.jp/nrct-poi/resource/04/040000049700.html"
"geoshape-nrct-poi:040000050700","下窪遺跡","宮城県 柴田郡川崎町 大字小野","","https://geoshape.ex.nii.ac.jp/nrct-poi/resource/04/040000050700.html"
"geoshape-nrct-poi:040000051000","川崎要害跡","宮城県 柴田郡川崎町 大字前川","","https://geoshape.ex.nii.ac.jp/nrct-poi/resource/04/040000051000.html"
"geoshape-nrct-poi:040000051800","湯坪遺跡","宮城県 柴田郡川崎町 大字今宿","","https://geoshape.ex.nii.ac.jp/nrct-poi/resource/04/040000051800.html"
"geoshape-nrct-poi:040000055200","岩沼要害跡","宮城県 岩沼市 栄町一丁目","","https://geoshape.ex.nii.ac.jp/nrct-poi/resource/04/040000055200.html"
"geoshape-nrct-poi:040000055300","竹駒神社","宮城県 岩沼市 稲荷町1番","","https://geoshape.ex.nii.ac.jp/nrct-poi/resource/04/040000055300.html"
"geoshape-nrct-poi:040000055600","かめ塚古墳","宮城県 岩沼市 字亀塚","","https://geoshape.ex.nii.ac.jp/nrct-poi/resource/04/040000055600.html"
"geoshape-nrct-poi:040000056100","長谷寺横穴古墳群","宮城県 岩沼市 北長谷","","https://geoshape.ex.nii.ac.jp/nrct-poi/resource/04/040000056100.html"
"geoshape-nrct-poi:040000056600","岩蔵寺","宮城県 岩沼市 志賀字薬師9番地","","https://geoshape.ex.nii.ac.jp/nrct-poi/resource/04/040000056600.html"
"geoshape-nrct-poi:040000057600","雷神山古墳","宮城県 名取市 植松","","https://geoshape.ex.nii.ac.jp/nrct-poi/resource/04/040000057600.html"
"geoshape-nrct-poi:040000057700","弘誓寺","宮城県 名取市 植松四丁目2番66号","","https://geoshape.ex.nii.ac.jp/nrct-poi/resource/04/040000057700.html"
"geoshape-nrct-poi:040000057900","飯野坂古墳群","宮城県 名取市 名取が丘一丁目","","https://geoshape.ex.nii.ac.jp/nrct-poi/resource/04/040000057900.html"
"geoshape-nrct-poi:040000058000","山囲古墳","宮城県 名取市 飯野坂五丁目","","https://geoshape.ex.nii.ac.jp/nrct-poi/resource/04/040000058000.html"
"geoshape-nrct-poi:040000058200","宇賀崎古墳群","宮城県 名取市 愛島小豆島","","https://geoshape.ex.nii.ac.jp/nrct-poi/resource/04/040000058200.html"
"geoshape-nrct-poi:040000058300","宇賀崎貝塚","宮城県 名取市 愛島小豆島","","https://geoshape.ex.nii.ac.jp/nrct-poi/resource/04/040000058300.html"
"geoshape-nrct-poi:040000058600","賽ノ窪古墳群","宮城県 名取市 愛島笠島","","https://geoshape.ex.nii.ac.jp/nrct-poi/resource/04/040000058600.html"
"geoshape-nrct-poi:040000058700","笠島廃寺","宮城県 名取市 愛島笠島","","https://geoshape.ex.nii.ac.jp/nrct-poi/resource/04/040000058700.html"
"geoshape-nrct-poi:040000058800","佐倍乃神社","宮城県 名取市 愛島笠島字西台1番地4","","https://geoshape.ex.nii.ac.jp/nrct-poi/resource/04/040000058800.html"
"geoshape-nrct-poi:040000059000","実方中将墓","宮城県 名取市 愛島塩手","","https://geoshape.ex.nii.ac.jp/nrct-poi/resource/04/040000059000.html"
"geoshape-nrct-poi:040000059200","今熊野遺跡","宮城県 名取市 高舘川上","","https://geoshape.ex.nii.ac.jp/nrct-poi/resource/04/040000059200.html"
"geoshape-nrct-poi:040000059300","金剛寺貝塚","宮城県 名取市 高舘川上","","https://geoshape.ex.nii.ac.jp/nrct-poi/resource/04/040000059300.html"
"geoshape-nrct-poi:040000059700","名取熊野三社","宮城県 名取市 高舘吉田","","https://geoshape.ex.nii.ac.jp/nrct-poi/resource/04/040000059700.html"
"geoshape-nrct-poi:040000059800","新宮寺","宮城県 名取市 高舘熊野堂字岩口中35番地","","https://geoshape.ex.nii.ac.jp/nrct-poi/resource/04/040000059800.html"
"geoshape-nrct-poi:040000060000","十三塚遺跡","宮城県 名取市 手倉田","","https://geoshape.ex.nii.ac.jp/nrct-poi/resource/04/040000060000.html"
"geoshape-nrct-poi:040000060200","清水遺跡","宮城県 名取市 田高","","https://geoshape.ex.nii.ac.jp/nrct-poi/resource/04/040000060200.html"
"geoshape-nrct-poi:040000060800","経の塚古墳","宮城県 名取市 下増田","","https://geoshape.ex.nii.ac.jp/nrct-poi/resource/04/040000060800.html"
"geoshape-nrct-poi:040000062300","郷六城跡","宮城県 仙台市青葉区 郷六","","https://geoshape.ex.nii.ac.jp/nrct-poi/resource/04/040000062300.html"
"geoshape-nrct-poi:040000062600","宇那禰神社","宮城県 仙台市 青葉区芋沢字明神14番地1","","https://geoshape.ex.nii.ac.jp/nrct-poi/resource/04/040000062600.html"
"geoshape-nrct-poi:040000062900","西方寺","宮城県 仙台市青葉区 大倉","","https://geoshape.ex.nii.ac.jp/nrct-poi/resource/04/040000062900.html"
"geoshape-nrct-poi:040000063300","西館跡","宮城県 仙台市青葉区 下愛子","","https://geoshape.ex.nii.ac.jp/nrct-poi/resource/04/040000063300.html"
"geoshape-nrct-poi:040000063500","諏訪神社","宮城県 仙台市 青葉区上愛子字宮下40番地","","https://geoshape.ex.nii.ac.jp/nrct-poi/resource/04/040000063500.html"
"geoshape-nrct-poi:040000063800","野川遺跡","宮城県 仙台市青葉区 熊ケ根","","https://geoshape.ex.nii.ac.jp/nrct-poi/resource/04/040000063800.html"
"geoshape-nrct-poi:050000012500","蚶満寺","秋田県 にかほ市 象潟町字象潟島2番地","","https://geoshape.ex.nii.ac.jp/nrct-poi/resource/05/050000012500.html"
"geoshape-nrct-poi:050000012600","八津島神社","秋田県 にかほ市 象潟町","","https://geoshape.ex.nii.ac.jp/nrct-poi/resource/05/050000012600.html"
"geoshape-nrct-poi:050000018300","青田神社","秋田県 由利本荘市 鳥海町下笹子","","https://geoshape.ex.nii.ac.jp/nrct-poi/resource/05/050000018300.html"
"geoshape-nrct-poi:050000020600","日新堂跡","秋田県 由利本荘市 矢島町矢島町","","https://geoshape.ex.nii.ac.jp/nrct-poi/resource/05/050000020600.html"
"geoshape-nrct-poi:050000021000","八森城跡","秋田県 由利本荘市 矢島町城内","","https://geoshape.ex.nii.ac.jp/nrct-poi/resource/05/050000021000.html"
"geoshape-nrct-poi:050000021100","寿慶寺","秋田県 由利本荘市 矢島町城内字田屋の下62番地","","https://geoshape.ex.nii.ac.jp/nrct-poi/resource/05/050000021100.html"
"geoshape-nrct-poi:050000021400","根城館跡","秋田県 由利本荘市 矢島町荒沢","","https://geoshape.ex.nii.ac.jp/nrct-poi/resource/05/050000021400.html"
"geoshape-nrct-poi:050000024000","滝沢城跡","秋田県 由利本荘市 前郷","","https://geoshape.ex.nii.ac.jp/nrct-poi/resource/05/050000024000.html"
"geoshape-nrct-poi:050000024100","日枝神社","秋田県 由利本荘市 前郷字前郷95番地","","https://geoshape.ex.nii.ac.jp/nrct-poi/resource/05/050000024100.html"
"geoshape-nrct-poi:050000024200","慶祥寺","秋田県 由利本荘市 前郷字寺ノ下27番地","","https://geoshape.ex.nii.ac.jp/nrct-poi/resource/05/050000024200.html"
"geoshape-nrct-poi:050000025900","米本館跡","秋田県 由利本荘市 小栗山","","https://geoshape.ex.nii.ac.jp/nrct-poi/resource/05/050000025900.html"
"geoshape-nrct-poi:050000026200","湯出野遺跡","秋田県 由利本荘市 東由利老方","","https://geoshape.ex.nii.ac.jp/nrct-poi/resource/05/050000026200.html"
"geoshape-nrct-poi:050000026600","元館跡","秋田県 由利本荘市 表尾崎町","","https://geoshape.ex.nii.ac.jp/nrct-poi/resource/05/050000026600.html"
"geoshape-nrct-poi:050000030800","新沢権現堂古戦場","秋田県 北秋田市 本城","","https://geoshape.ex.nii.ac.jp/nrct-poi/resource/05/050000030800.html"
"geoshape-nrct-poi:050000031800","新山神社","秋田県 由利本荘市 大内三川字川端273番地","","https://geoshape.ex.nii.ac.jp/nrct-poi/resource/05/050000031800.html"
"geoshape-nrct-poi:050000032100","岩谷館跡","秋田県 由利本荘市 岩谷麓","","https://geoshape.ex.nii.ac.jp/nrct-poi/resource/05/050000032100.html"
"geoshape-nrct-poi:050000034400","天鷺神社","秋田県 由利本荘市 岩城亀田亀田町字亀田10番地","","https://geoshape.ex.nii.ac.jp/nrct-poi/resource/05/050000034400.html"
"geoshape-nrct-poi:050000034500","竜門寺","秋田県 由利本荘市 岩城赤平字向山25番地","","https://geoshape.ex.nii.ac.jp/nrct-poi/resource/05/050000034500.html"
"geoshape-nrct-poi:050000034900","高城山城跡","秋田県 由利本荘市 岩城下蛇田","","https://geoshape.ex.nii.ac.jp/nrct-poi/resource/05/050000034900.html"
"geoshape-nrct-poi:050000037600","本荘城跡","秋田県 由利本荘市 尾崎","","https://geoshape.ex.nii.ac.jp/nrct-poi/resource/05/050000037600.html"
"geoshape-nrct-poi:050000037900","修身館跡","秋田県 由利本荘市 尾崎","","https://geoshape.ex.nii.ac.jp/nrct-poi/resource/05/050000037900.html"
"geoshape-nrct-poi:050000038700","八幡神社","秋田県 由利本荘市 谷地町50番地","","https://geoshape.ex.nii.ac.jp/nrct-poi/resource/05/050000038700.html"
"geoshape-nrct-poi:050000039000","永泉寺","秋田県 由利本荘市 給人町44番地","","https://geoshape.ex.nii.ac.jp/nrct-poi/resource/05/050000039000.html"
"geoshape-nrct-poi:050000039100","本荘神社","秋田県 由利本荘市 尾崎7番地","","https://geoshape.ex.nii.ac.jp/nrct-poi/resource/05/050000039100.html"
"geoshape-nrct-poi:050000041100","新山神社","秋田県 由利本荘市 石脇字東山4番地","","https://geoshape.ex.nii.ac.jp/nrct-poi/resource/05/050000041100.html"
"geoshape-nrct-poi:050000041200","願永寺","秋田県 由利本荘市 石脇字石脇70番地","","https://geoshape.ex.nii.ac.jp/nrct-poi/resource/05/050000041200.html"
"geoshape-nrct-poi:050000045500","平岡城跡","秋田県 由利本荘市 内越","","https://geoshape.ex.nii.ac.jp/nrct-poi/resource/05/050000045500.html"
"geoshape-nrct-poi:050000047500","役内番所跡","秋田県 湯沢市 秋ノ宮","","https://geoshape.ex.nii.ac.jp/nrct-poi/resource/05/050000047500.html"
"geoshape-nrct-poi:050000048200","院内関所跡","秋田県 湯沢市 上院内","","https://geoshape.ex.nii.ac.jp/nrct-poi/resource/05/050000048200.html"
"geoshape-nrct-poi:050000048300","十分一役所跡","秋田県 湯沢市 上院内","","https://geoshape.ex.nii.ac.jp/nrct-poi/resource/05/050000048300.html"
"geoshape-nrct-poi:050000048400","愛宕神社","秋田県 大館市 字長倉52番地","","https://geoshape.ex.nii.ac.jp/nrct-poi/resource/05/050000048400.html"
"geoshape-nrct-poi:050000048500","松根館跡","秋田県 湯沢市 上院内","","https://geoshape.ex.nii.ac.jp/nrct-poi/resource/05/050000048500.html"
"geoshape-nrct-poi:050000048600","岩井堂岩陰遺跡","秋田県 湯沢市 上院内","","https://geoshape.ex.nii.ac.jp/nrct-poi/resource/05/050000048600.html"
"geoshape-nrct-poi:050000048800","法領館跡","秋田県 湯沢市 下院内","","https://geoshape.ex.nii.ac.jp/nrct-poi/resource/05/050000048800.html"
"geoshape-nrct-poi:050000049300","鵜沼城跡","秋田県 北秋田市 本城","","https://geoshape.ex.nii.ac.jp/nrct-poi/resource/05/050000049300.html"
"geoshape-nrct-poi:050000049400","御返事城跡","秋田県 湯沢市 桑崎","","https://geoshape.ex.nii.ac.jp/nrct-poi/resource/05/050000049400.html"
"geoshape-nrct-poi:050000049600","小野城跡","秋田県 雄勝郡東成瀬村 田子内","","https://geoshape.ex.nii.ac.jp/nrct-poi/resource/05/050000049600.html"
"geoshape-nrct-poi:050000050500","金山神社","秋田県 湯沢市 院内銀山町字上本町40番地","","https://geoshape.ex.nii.ac.jp/nrct-poi/resource/05/050000050500.html"
"geoshape-nrct-poi:050000050600","西光寺跡","秋田県 湯沢市 院内銀山町","","https://geoshape.ex.nii.ac.jp/nrct-poi/resource/05/050000050600.html"
"geoshape-nrct-poi:050000050700","石番所跡","秋田県 湯沢市 院内銀山町","","https://geoshape.ex.nii.ac.jp/nrct-poi/resource/05/050000050700.html"
"geoshape-nrct-poi:050000052200","鵜ノ巣船場","秋田県 雄勝郡羽後町 新町","","https://geoshape.ex.nii.ac.jp/nrct-poi/resource/05/050000052200.html"
"geoshape-nrct-poi:050000052600","足田遺跡","秋田県 雄勝郡羽後町 字西新成","","https://geoshape.ex.nii.ac.jp/nrct-poi/resource/05/050000052600.html"
"geoshape-nrct-poi:050000053000","西馬音内城跡","秋田県 雄勝郡羽後町 西馬音内堀回","","https://geoshape.ex.nii.ac.jp/nrct-poi/resource/05/050000053000.html"
"geoshape-nrct-poi:050000053100","西馬音内番所跡","秋田県 雄勝郡羽後町 西馬音内堀回","","https://geoshape.ex.nii.ac.jp/nrct-poi/resource/05/050000053100.html"
"geoshape-nrct-poi:050000053200","御嶽神社","秋田県 雄勝郡羽後町 字西馬音内字宮廻西馬音内62番地","","https://geoshape.ex.nii.ac.jp/nrct-poi/resource/05/050000053200.html"
"geoshape-nrct-poi:050000054100","貝沢十三本塚","秋田県 雄勝郡羽後町 貝沢","","https://geoshape.ex.nii.ac.jp/nrct-poi/resource/05/050000054100.html"
"geoshape-nrct-poi:050000054300","三輪神社","秋田県 仙北郡美郷町 浪花字一丈木2番地","","https://geoshape.ex.nii.ac.jp/nrct-poi/resource/05/050000054300.html"
"geoshape-nrct-poi:050000054700","熊野神社","秋田県 秋田市 下北手柳館字細谷沢下北手柳舘91番地","","https://geoshape.ex.nii.ac.jp/nrct-poi/resource/05/050000054700.html"
"geoshape-nrct-poi:050000055000","小安番所跡","秋田県 湯沢市 皆瀬","","https://geoshape.ex.nii.ac.jp/nrct-poi/resource/05/050000055000.html"
"geoshape-nrct-poi:050000055400","稲庭城跡","秋田県 湯沢市 稲庭町","","https://geoshape.ex.nii.ac.jp/nrct-poi/resource/05/050000055400.html"
"geoshape-nrct-poi:050000055800","三梨城跡","秋田県 湯沢市 川連町","","https://geoshape.ex.nii.ac.jp/nrct-poi/resource/05/050000055800.html"
"geoshape-nrct-poi:050000056300","川連城跡","秋田県 湯沢市 川連町","","https://geoshape.ex.nii.ac.jp/nrct-poi/resource/05/050000056300.html"
"geoshape-nrct-poi:050000057500","手倉番所跡","秋田県 雄勝郡東成瀬村 椿川","","https://geoshape.ex.nii.ac.jp/nrct-poi/resource/05/050000057500.html"
"geoshape-nrct-poi:050000059300","神明社","秋田県 秋田市 四ッ小屋四ツ小屋字舘野103番の1","","https://geoshape.ex.nii.ac.jp/nrct-poi/resource/05/050000059300.html"
"geoshape-nrct-poi:050000061000","白山神社","秋田県 秋田市 新藤田字高梨台新藤田101番地","","https://geoshape.ex.nii.ac.jp/nrct-poi/resource/05/050000061000.html"
"geoshape-nrct-poi:050000061100","松岡経塚","秋田県 湯沢市 松岡","","https://geoshape.ex.nii.ac.jp/nrct-poi/resource/05/050000061100.html"
"geoshape-nrct-poi:050000068200","吉田城跡","秋田県 横手市 平鹿町上吉田","","https://geoshape.ex.nii.ac.jp/nrct-poi/resource/05/050000068200.html"
"geoshape-nrct-poi:050000068800","馬鞍城跡","秋田県 横手市 平鹿町醍醐馬鞍108","","https://geoshape.ex.nii.ac.jp/nrct-poi/resource/05/050000068800.html"
"geoshape-nrct-poi:050000069100","蔵王権現社","秋田県 横手市 平鹿町醍醐","","https://geoshape.ex.nii.ac.jp/nrct-poi/resource/05/050000069100.html"
"geoshape-nrct-poi:050000070200","沼館城跡","秋田県 横手市 雄物川町沼館","","https://geoshape.ex.nii.ac.jp/nrct-poi/resource/05/050000070200.html"
"geoshape-nrct-poi:050000070300","蔵光院","秋田県 横手市 雄物川町沼館字沼館429番地","","https://geoshape.ex.nii.ac.jp/nrct-poi/resource/05/050000070300.html"
"geoshape-nrct-poi:050000070400","八幡神社","秋田県 横手市 雄物川町沼館字沼館25番地","","https://geoshape.ex.nii.ac.jp/nrct-poi/resource/05/050000070400.html"
"geoshape-nrct-poi:050000070600","末館跡","秋田県 横手市 雄物川町今宿","","https://geoshape.ex.nii.ac.jp/nrct-poi/resource/05/050000070600.html"
"geoshape-nrct-poi:050000070700","首塚神社","秋田県 横手市 雄物川町今宿","","https://geoshape.ex.nii.ac.jp/nrct-poi/resource/05/050000070700.html"
"geoshape-nrct-poi:050000071300","慈眼院","秋田県 横手市 雄物川町二井山","","https://geoshape.ex.nii.ac.jp/nrct-poi/resource/05/050000071300.html"
"geoshape-nrct-poi:050000072800","大森城跡","秋田県 横手市 大森町","","https://geoshape.ex.nii.ac.jp/nrct-poi/resource/05/050000072800.html"
"geoshape-nrct-poi:050000073600","保呂羽山波宇志別神社","秋田県 横手市 大森町八沢木字保呂羽山1番地1","","https://geoshape.ex.nii.ac.jp/nrct-poi/resource/05/050000073600.html"
"geoshape-nrct-poi:050000073700","八沢木口小道番所跡","秋田県 横手市 大森町八沢木","","https://geoshape.ex.nii.ac.jp/nrct-poi/resource/05/050000073700.html"
"geoshape-nrct-poi:050000075000","小松川番所跡","秋田県 北秋田市 本城","","https://geoshape.ex.nii.ac.jp/nrct-poi/resource/05/050000075000.html"
"geoshape-nrct-poi:050000075200","大松川小道番所跡","秋田県 横手市 山内大松川","","https://geoshape.ex.nii.ac.jp/nrct-poi/resource/05/050000075200.html"
"geoshape-nrct-poi:050000075300","御嶽山塩湯彦神社","秋田県 横手市 山内大松川字御嶽山3番地","","https://geoshape.ex.nii.ac.jp/nrct-poi/resource/05/050000075300.html"
"geoshape-nrct-poi:050000075400","湯の峯白滝観音","秋田県 横手市 山内大松川","","https://geoshape.ex.nii.ac.jp/nrct-poi/resource/05/050000075400.html"
"geoshape-nrct-poi:050000076800","横手城跡","秋田県 横手市 城山町","","https://geoshape.ex.nii.ac.jp/nrct-poi/resource/05/050000076800.html"
"geoshape-nrct-poi:050000076900","横手駅場","秋田県 横手市 駅前町","","https://geoshape.ex.nii.ac.jp/nrct-poi/resource/05/050000076900.html"
"geoshape-nrct-poi:050000077600","正平寺","秋田県 横手市 田中町3番14号","","https://geoshape.ex.nii.ac.jp/nrct-poi/resource/05/050000077600.html"
"geoshape-nrct-poi:050000078700","観音寺","秋田県 横手市 本町1番4号","","https://geoshape.ex.nii.ac.jp/nrct-poi/resource/05/050000078700.html"
"geoshape-nrct-poi:050000079000","天仙寺","秋田県 横手市 二葉町3番5号","","https://geoshape.ex.nii.ac.jp/nrct-poi/resource/05/050000079000.html"
"geoshape-nrct-poi:050000079500","三井寺","秋田県 仙北郡美郷町 土崎字田中31番地4","","https://geoshape.ex.nii.ac.jp/nrct-poi/resource/05/050000079500.html"
"geoshape-nrct-poi:050000079600","神明社","秋田県 横手市 神明町7番","","https://geoshape.ex.nii.ac.jp/nrct-poi/resource/05/050000079600.html"
"geoshape-nrct-poi:050000079700","大乗院塚遺跡","秋田県 横手市 前郷","","https://geoshape.ex.nii.ac.jp/nrct-poi/resource/05/050000079700.html"
"geoshape-nrct-poi:050000079900","旭岡山神社","秋田県 横手市 大沢上庭当田37番地","","https://geoshape.ex.nii.ac.jp/nrct-poi/resource/05/050000079900.html"
"geoshape-nrct-poi:050000080400","光徳寺","秋田県 横手市 大屋新町中里64番地","","https://geoshape.ex.nii.ac.jp/nrct-poi/resource/05/050000080400.html"
"geoshape-nrct-poi:050000080600","正伝寺","秋田県 横手市 大屋新町字鬼嵐大屋新町117番地","","https://geoshape.ex.nii.ac.jp/nrct-poi/resource/05/050000080600.html"
"geoshape-nrct-poi:050000080700","大屋館跡","秋田県 横手市 大屋新町","","https://geoshape.ex.nii.ac.jp/nrct-poi/resource/05/050000080700.html"
"geoshape-nrct-poi:050000081400","熊野神社","秋田県 横手市 明永町10番1号","","https://geoshape.ex.nii.ac.jp/nrct-poi/resource/05/050000081400.html"
"geoshape-nrct-poi:050000083900","金沢山八幡神社","秋田県 秋田市 雄和田草川字本田151番地","","https://geoshape.ex.nii.ac.jp/nrct-poi/resource/05/050000083900.html"
"geoshape-nrct-poi:050000084000","金沢柵跡","秋田県 横手市 金沢中野","","https://geoshape.ex.nii.ac.jp/nrct-poi/resource/05/050000084000.html"
"geoshape-nrct-poi:050000084100","祇園寺","秋田県 横手市 金沢字寺ノ沢16番地","","https://geoshape.ex.nii.ac.jp/nrct-poi/resource/05/050000084100.html"
"geoshape-nrct-poi:050000084200","桂徳寺","秋田県 横手市 金沢本町字根小屋21番地","","https://geoshape.ex.nii.ac.jp/nrct-poi/resource/05/050000084200.html"
"geoshape-nrct-poi:050000087500","熊野神社","秋田県 仙北郡美郷町 六郷字米町六郷27、28、29番地","","https://geoshape.ex.nii.ac.jp/nrct-poi/resource/05/050000087500.html"
"geoshape-nrct-poi:050000087700","諏訪神社","秋田県 南秋田郡八郎潟町 夜又袋字一向堂17番地","","https://geoshape.ex.nii.ac.jp/nrct-poi/resource/05/050000087700.html"
"geoshape-nrct-poi:050000089600","善知鳥番所跡","秋田県 仙北郡美郷町 千屋","","https://geoshape.ex.nii.ac.jp/nrct-poi/resource/05/050000089600.html"
"geoshape-nrct-poi:050000089800","本堂城跡","秋田県 仙北郡美郷町 本堂城回","","https://geoshape.ex.nii.ac.jp/nrct-poi/resource/05/050000089800.html"
"geoshape-nrct-poi:050000090000","本堂古城跡","秋田県 仙北郡美郷町 浪花","","https://geoshape.ex.nii.ac.jp/nrct-poi/resource/05/050000090000.html"
"geoshape-nrct-poi:050000090100","一丈木遺跡","秋田県 仙北郡美郷町 浪花","","https://geoshape.ex.nii.ac.jp/nrct-poi/resource/05/050000090100.html"
"geoshape-nrct-poi:050000090700","払田柵跡","秋田県 大仙市 払田","","https://geoshape.ex.nii.ac.jp/nrct-poi/resource/05/050000090700.html"
"geoshape-nrct-poi:050000093200","八幡神社","秋田県 大仙市 鑓見内幕林鑓見内字143番地","","https://geoshape.ex.nii.ac.jp/nrct-poi/resource/05/050000093200.html"
"geoshape-nrct-poi:050000094900","豊川水神社","秋田県 大仙市 豊川","","https://geoshape.ex.nii.ac.jp/nrct-poi/resource/05/050000094900.html"
"geoshape-nrct-poi:050000099100","白岩城跡","秋田県 仙北市 角館町白岩","","https://geoshape.ex.nii.ac.jp/nrct-poi/resource/05/050000099100.html"
"geoshape-nrct-poi:050000099300","水神社","秋田県 大仙市 大巻字宅地28番地58","","https://geoshape.ex.nii.ac.jp/nrct-poi/resource/05/050000099300.html"
"geoshape-nrct-poi:050000101700","安楽寺","秋田県 仙北市 西木町小山田字八津334番地","","https://geoshape.ex.nii.ac.jp/nrct-poi/resource/05/050000101700.html"
"geoshape-nrct-poi:050000103600","大蔵神社","秋田県 仙北市 田沢湖岡崎字大倉沢1番地","","https://geoshape.ex.nii.ac.jp/nrct-poi/resource/05/050000103600.html"
"geoshape-nrct-poi:050000105000","神宮寺嶽","秋田県 大仙市 神宮寺","","https://geoshape.ex.nii.ac.jp/nrct-poi/resource/05/050000105000.html"
"geoshape-nrct-poi:050000105100","八幡神社","秋田県 秋田市 雄和田草川字本田151番地","","https://geoshape.ex.nii.ac.jp/nrct-poi/resource/05/050000105100.html"
"geoshape-nrct-poi:050000107700","高善寺","秋田県 大仙市 協和峰吉川字高寺28番地","","https://geoshape.ex.nii.ac.jp/nrct-poi/resource/05/050000107700.html"
"geoshape-nrct-poi:050000108900","唐松神社","秋田県 大仙市 協和境字下台協和境84番地","","https://geoshape.ex.nii.ac.jp/nrct-poi/resource/05/050000108900.html"
"geoshape-nrct-poi:050000110600","諏訪神社","秋田県 南秋田郡八郎潟町 夜又袋字一向堂17番地","","https://geoshape.ex.nii.ac.jp/nrct-poi/resource/05/050000110600.html"
"geoshape-nrct-poi:060000016100","米沢城跡","山形県 米沢市 丸の内一丁目","","https://geoshape.ex.nii.ac.jp/nrct-poi/resource/06/060000016100.html"
"geoshape-nrct-poi:060000016300","上杉神社","山形県 米沢市 丸の内一丁目4番13号","","https://geoshape.ex.nii.ac.jp/nrct-poi/resource/06/060000016300.html"
"geoshape-nrct-poi:060000016400","松岬神社","山形県 米沢市 丸の内一丁目1番38号","","https://geoshape.ex.nii.ac.jp/nrct-poi/resource/06/060000016400.html"
"geoshape-nrct-poi:060000017400","一宮神社","山形県 米沢市 城南二丁目3番38号","","https://geoshape.ex.nii.ac.jp/nrct-poi/resource/06/060000017400.html"
"geoshape-nrct-poi:060000018900","法泉寺","山形県 寒河江市 本町三丁目11番45号","","https://geoshape.ex.nii.ac.jp/nrct-poi/resource/06/060000018900.html"
"geoshape-nrct-poi:060000019600","白子神社","山形県 東置賜郡川西町 大字莅51番地","","https://geoshape.ex.nii.ac.jp/nrct-poi/resource/06/060000019600.html"
"geoshape-nrct-poi:060000020400","妙円寺","山形県 米沢市 大町四丁目3番9号","","https://geoshape.ex.nii.ac.jp/nrct-poi/resource/06/060000020400.html"
"geoshape-nrct-poi:060000020700","昌伝庵","山形県 米沢市 本町三丁目","","https://geoshape.ex.nii.ac.jp/nrct-poi/resource/06/060000020700.html"
"geoshape-nrct-poi:060000020900","日朝寺","山形県 米沢市 相生町7番109号","","https://geoshape.ex.nii.ac.jp/nrct-poi/resource/06/060000020900.html"
"geoshape-nrct-poi:060000021000","極楽寺","山形県 米沢市 相生町2番45号","","https://geoshape.ex.nii.ac.jp/nrct-poi/resource/06/060000021000.html"
"geoshape-nrct-poi:060000021100","善勝寺","山形県 米沢市 大町三丁目1番5号","","https://geoshape.ex.nii.ac.jp/nrct-poi/resource/06/060000021100.html"
"geoshape-nrct-poi:060000021200","輪王寺","山形県 米沢市 福田町二丁目3番132号","","https://geoshape.ex.nii.ac.jp/nrct-poi/resource/06/060000021200.html"
"geoshape-nrct-poi:060000021900","長寿院","山形県 米沢市 川井小路4434番地","","https://geoshape.ex.nii.ac.jp/nrct-poi/resource/06/060000021900.html"
"geoshape-nrct-poi:060000022700","長命寺","山形県 米沢市 中央三丁目6番45号","","https://geoshape.ex.nii.ac.jp/nrct-poi/resource/06/060000022700.html"
"geoshape-nrct-poi:060000023600","林泉寺","山形県 鶴岡市 林崎丁28番地","","https://geoshape.ex.nii.ac.jp/nrct-poi/resource/06/060000023600.html"
"geoshape-nrct-poi:060000024600","館山城跡","山形県 米沢市 舘山矢子町","","https://geoshape.ex.nii.ac.jp/nrct-poi/resource/06/060000024600.html"
"geoshape-nrct-poi:060000025400","館山寺","山形県 山形市 相生町7番","","https://geoshape.ex.nii.ac.jp/nrct-poi/resource/06/060000025400.html"
"geoshape-nrct-poi:060000026300","法音寺","山形県 米沢市 御廟一丁目5番32号","","https://geoshape.ex.nii.ac.jp/nrct-poi/resource/06/060000026300.html"
"geoshape-nrct-poi:060000030400","延徳寺","山形県 米沢市 塩井町塩野2075番地","","https://geoshape.ex.nii.ac.jp/nrct-poi/resource/06/060000030400.html"
"geoshape-nrct-poi:060000030700","笹原遺跡","山形県 米沢市 中田町","","https://geoshape.ex.nii.ac.jp/nrct-poi/resource/06/060000030700.html"
"geoshape-nrct-poi:060000030800","大浦B遺跡","山形県 米沢市 中田町","","https://geoshape.ex.nii.ac.jp/nrct-poi/resource/06/060000030800.html"
"geoshape-nrct-poi:060000031000","千眼寺","山形県 米沢市 窪田町窪田1861番地","","https://geoshape.ex.nii.ac.jp/nrct-poi/resource/06/060000031000.html"
"geoshape-nrct-poi:060000031100","宝領塚古墳","山形県 米沢市 窪田町藤泉","","https://geoshape.ex.nii.ac.jp/nrct-poi/resource/06/060000031100.html"
"geoshape-nrct-poi:060000032600","成島八幡神社","山形県 米沢市 広幡町成島","","https://geoshape.ex.nii.ac.jp/nrct-poi/resource/06/060000032600.html"
"geoshape-nrct-poi:060000033100","戸張里窯跡","山形県 米沢市 大字入田沢","","https://geoshape.ex.nii.ac.jp/nrct-poi/resource/06/060000033100.html"
"geoshape-nrct-poi:060000033700","覚範寺跡","山形県 米沢市 遠山町","","https://geoshape.ex.nii.ac.jp/nrct-poi/resource/06/060000033700.html"
"geoshape-nrct-poi:060000034000","古志田東遺跡","山形県 米沢市 林泉寺三丁目","","https://geoshape.ex.nii.ac.jp/nrct-poi/resource/06/060000034000.html"
"geoshape-nrct-poi:060000034200","幸徳院","山形県 米沢市 笹野本町5686番地","","https://geoshape.ex.nii.ac.jp/nrct-poi/resource/06/060000034200.html"
"geoshape-nrct-poi:060000035300","左沢遺跡","山形県 米沢市 大字赤崩","","https://geoshape.ex.nii.ac.jp/nrct-poi/resource/06/060000035300.html"
"geoshape-nrct-poi:060000035500","普門院","山形県 米沢市 関根大字13928番地","","https://geoshape.ex.nii.ac.jp/nrct-poi/resource/06/060000035500.html"
"geoshape-nrct-poi:060000035700","松原遺跡","山形県 米沢市 万世町刈安","","https://geoshape.ex.nii.ac.jp/nrct-poi/resource/06/060000035700.html"
"geoshape-nrct-poi:060000036100","大清水遺跡","山形県 米沢市 万世町桑山","","https://geoshape.ex.nii.ac.jp/nrct-poi/resource/06/060000036100.html"
"geoshape-nrct-poi:060000036200","牛森古墳","山形県 米沢市 八幡原四丁目","","https://geoshape.ex.nii.ac.jp/nrct-poi/resource/06/060000036200.html"
"geoshape-nrct-poi:060000036500","善光寺","山形県 米沢市 万世町堂森375番地","","https://geoshape.ex.nii.ac.jp/nrct-poi/resource/06/060000036500.html"
"geoshape-nrct-poi:060000036600","二タ俣遺跡","山形県 米沢市 万世町堂森","","https://geoshape.ex.nii.ac.jp/nrct-poi/resource/06/060000036600.html"
"geoshape-nrct-poi:060000036700","比丘尼平遺跡","山形県 米沢市 万世町堂森","","https://geoshape.ex.nii.ac.jp/nrct-poi/resource/06/060000036700.html"
"geoshape-nrct-poi:060000036800","八幡堂遺跡","山形県 米沢市 万世町堂森","","https://geoshape.ex.nii.ac.jp/nrct-poi/resource/06/060000036800.html"
"geoshape-nrct-poi:060000036900","堂森遺跡","山形県 米沢市 万世町堂森","","https://geoshape.ex.nii.ac.jp/nrct-poi/resource/06/060000036900.html"
"geoshape-nrct-poi:060000037200","上竹井遺跡","山形県 米沢市 万世町牛森","","https://geoshape.ex.nii.ac.jp/nrct-poi/resource/06/060000037200.html"
"geoshape-nrct-poi:060000037400","木和田古墳・木和田窯跡","山形県 米沢市 大字木和田","","https://geoshape.ex.nii.ac.jp/nrct-poi/resource/06/060000037400.html"
"geoshape-nrct-poi:060000037500","木和田館跡","山形県 米沢市 大字木和田","","https://geoshape.ex.nii.ac.jp/nrct-poi/resource/06/060000037500.html"
"geoshape-nrct-poi:060000037800","長手古墳群","山形県 米沢市 大字長手","","https://geoshape.ex.nii.ac.jp/nrct-poi/resource/06/060000037800.html"
"geoshape-nrct-poi:060000038000","瑞雲院","山形県 新庄市 十日町468番地12","","https://geoshape.ex.nii.ac.jp/nrct-poi/resource/06/060000038000.html"
"geoshape-nrct-poi:060000038100","戸塚山古墳群","山形県 米沢市 大字浅川","","https://geoshape.ex.nii.ac.jp/nrct-poi/resource/06/060000038100.html"
"geoshape-nrct-poi:060000038200","上浅川遺跡","山形県 米沢市 大字浅川","","https://geoshape.ex.nii.ac.jp/nrct-poi/resource/06/060000038200.html"
"geoshape-nrct-poi:060000039000","萩生城跡","山形県 西置賜郡飯豊町 大字萩生","","https://geoshape.ex.nii.ac.jp/nrct-poi/resource/06/060000039000.html"
"geoshape-nrct-poi:060000039100","恩徳寺","山形県 西置賜郡飯豊町 大字萩生1958番地","","https://geoshape.ex.nii.ac.jp/nrct-poi/resource/06/060000039100.html"
"geoshape-nrct-poi:060000039200","萩生石箱遺跡","山形県 西置賜郡飯豊町 大字萩生","","https://geoshape.ex.nii.ac.jp/nrct-poi/resource/06/060000039200.html"
"geoshape-nrct-poi:060000039500","本長寺","山形県 西置賜郡飯豊町 大字椿2618番地1","","https://geoshape.ex.nii.ac.jp/nrct-poi/resource/06/060000039500.html"
"geoshape-nrct-poi:060000039600","郡の神遺跡","山形県 西置賜郡飯豊町 大字椿","","https://geoshape.ex.nii.ac.jp/nrct-poi/resource/06/060000039600.html"
"geoshape-nrct-poi:060000039800","喜雲寺","山形県 西置賜郡飯豊町 大字添川155番地","","https://geoshape.ex.nii.ac.jp/nrct-poi/resource/06/060000039800.html"
"geoshape-nrct-poi:060000040000","町下遺跡","山形県 西置賜郡飯豊町 大字松原","","https://geoshape.ex.nii.ac.jp/nrct-poi/resource/06/060000040000.html"
"geoshape-nrct-poi:060000040200","野山遺跡","山形県 西置賜郡飯豊町 大字小白川","","https://geoshape.ex.nii.ac.jp/nrct-poi/resource/06/060000040200.html"
"geoshape-nrct-poi:060000041200","数馬遺跡","山形県 西置賜郡飯豊町 大字数馬","","https://geoshape.ex.nii.ac.jp/nrct-poi/resource/06/060000041200.html"
"geoshape-nrct-poi:060000041900","上屋地遺跡","山形県 西置賜郡飯豊町 大字上屋地","","https://geoshape.ex.nii.ac.jp/nrct-poi/resource/06/060000041900.html"
"geoshape-nrct-poi:060000042600","小国城跡","山形県 西置賜郡小国町 大字小国小坂町","","https://geoshape.ex.nii.ac.jp/nrct-poi/resource/06/060000042600.html"
"geoshape-nrct-poi:060000042700","光岳寺","山形県 西置賜郡小国町 大字小国小坂町455番地","","https://geoshape.ex.nii.ac.jp/nrct-poi/resource/06/060000042700.html"
"geoshape-nrct-poi:060000042900","東山遺跡群","山形県 西置賜郡小国町 大字小国小坂町","","https://geoshape.ex.nii.ac.jp/nrct-poi/resource/06/060000042900.html"
"geoshape-nrct-poi:060000043100","岩井沢遺跡","山形県 西置賜郡小国町 大字岩井沢","","https://geoshape.ex.nii.ac.jp/nrct-poi/resource/06/060000043100.html"
"geoshape-nrct-poi:060000045400","玉泉寺","山形県 西置賜郡小国町 玉川大字字西人口30番地の1","","https://geoshape.ex.nii.ac.jp/nrct-poi/resource/06/060000045400.html"
"geoshape-nrct-poi:060000047200","湯の花遺跡","山形県 西置賜郡小国町 大字小国小坂町","","https://geoshape.ex.nii.ac.jp/nrct-poi/resource/06/060000047200.html"
"geoshape-nrct-poi:060000047500","大宮子易両神社","山形県 西置賜郡小国町 大字大宮243番地1","","https://geoshape.ex.nii.ac.jp/nrct-poi/resource/06/060000047500.html"
"geoshape-nrct-poi:060000047600","横道遺跡","山形県 西置賜郡小国町 大字大宮","","https://geoshape.ex.nii.ac.jp/nrct-poi/resource/06/060000047600.html"
"geoshape-nrct-poi:060000047800","下野遺跡","山形県 西置賜郡小国町 大字増岡","","https://geoshape.ex.nii.ac.jp/nrct-poi/resource/06/060000047800.html"
"geoshape-nrct-poi:060000047900","墓窪遺跡","山形県 西置賜郡小国町 大字増岡","","https://geoshape.ex.nii.ac.jp/nrct-poi/resource/06/060000047900.html"
"geoshape-nrct-poi:060000048800","蟹沢遺跡","山形県 小国町 舟渡","","https://geoshape.ex.nii.ac.jp/nrct-poi/resource/06/060000048800.html"
"geoshape-nrct-poi:060000050800","瑞龍院","山形県 鶴岡市 熊出字東村112番地","","https://geoshape.ex.nii.ac.jp/nrct-poi/resource/06/060000050800.html"
"geoshape-nrct-poi:060000051300","鮎貝城跡","山形県 西置賜郡白鷹町 大字鮎貝","","https://geoshape.ex.nii.ac.jp/nrct-poi/resource/06/060000051300.html"
"geoshape-nrct-poi:060000052500","荒砥城跡","山形県 西置賜郡白鷹町 大字荒砥甲","","https://geoshape.ex.nii.ac.jp/nrct-poi/resource/06/060000052500.html"
"geoshape-nrct-poi:060000052600","荒砥御役屋跡","山形県 西置賜郡白鷹町 大字荒砥甲","","https://geoshape.ex.nii.ac.jp/nrct-poi/resource/06/060000052600.html"
"geoshape-nrct-poi:060000052700","八乙女八幡神社","山形県 西置賜郡白鷹町 大字荒砥甲","","https://geoshape.ex.nii.ac.jp/nrct-poi/resource/06/060000052700.html"
"geoshape-nrct-poi:060000052800","石那田遺跡","山形県 西置賜郡白鷹町 大字荒砥甲","","https://geoshape.ex.nii.ac.jp/nrct-poi/resource/06/060000052800.html"
"geoshape-nrct-poi:060000053000","正部陣屋跡","山形県 西置賜郡白鷹町 大字菖蒲","","https://geoshape.ex.nii.ac.jp/nrct-poi/resource/06/060000053000.html"
"geoshape-nrct-poi:060000053500","笠松山経塚","山形県 西置賜郡白鷹町 大字十王","","https://geoshape.ex.nii.ac.jp/nrct-poi/resource/06/060000053500.html"
"geoshape-nrct-poi:060000054700","遍照寺","山形県 長井市 横町14番8号","","https://geoshape.ex.nii.ac.jp/nrct-poi/resource/06/060000054700.html"
"geoshape-nrct-poi:060000054800","宮遺跡","山形県 長井市 十日町二丁目","","https://geoshape.ex.nii.ac.jp/nrct-poi/resource/06/060000054800.html"
"geoshape-nrct-poi:060000055400","葉山神社","山形県 長井市 白兎字蔵京2269番地","","https://geoshape.ex.nii.ac.jp/nrct-poi/resource/06/060000055400.html"
"geoshape-nrct-poi:060000055500","明神堂土壇","山形県 長井市 白兎","","https://geoshape.ex.nii.ac.jp/nrct-poi/resource/06/060000055500.html"
"geoshape-nrct-poi:060000055700","北堂Ｃ遺跡","山形県 長井市 勧進代","","https://geoshape.ex.nii.ac.jp/nrct-poi/resource/06/060000055700.html"
"geoshape-nrct-poi:060000055900","長者屋敷遺跡","山形県 長井市 草岡","","https://geoshape.ex.nii.ac.jp/nrct-poi/resource/06/060000055900.html"
"geoshape-nrct-poi:060000056100","白山森館跡","山形県 長井市 川原沢","","https://geoshape.ex.nii.ac.jp/nrct-poi/resource/06/060000056100.html"
"geoshape-nrct-poi:060000057900","皇大神社","山形県 酒田市 四ツ興野8番","","https://geoshape.ex.nii.ac.jp/nrct-poi/resource/06/060000057900.html"
"geoshape-nrct-poi:060000058000","諏訪神社","山形県 飽海郡遊佐町 小原田字中川原小原田127番地","","https://geoshape.ex.nii.ac.jp/nrct-poi/resource/06/060000058000.html"
"geoshape-nrct-poi:060000058100","原田館跡","山形県 東置賜郡川西町 大字大舟","","https://geoshape.ex.nii.ac.jp/nrct-poi/resource/06/060000058100.html"
"geoshape-nrct-poi:060000058200","東陽寺","山形県 東根市 神町中央一丁目8番20号","","https://geoshape.ex.nii.ac.jp/nrct-poi/resource/06/060000058200.html"
"geoshape-nrct-poi:060000058300","大光院","山形県 東置賜郡川西町 大字上小松字大光院南2942番地","","https://geoshape.ex.nii.ac.jp/nrct-poi/resource/06/060000058300.html"
"geoshape-nrct-poi:060000058400","常念寺","山形県 東置賜郡川西町 大字上小松1748番地","","https://geoshape.ex.nii.ac.jp/nrct-poi/resource/06/060000058400.html"
"geoshape-nrct-poi:060000058500","大円寺","山形県 東置賜郡川西町 大字上小松1513番地","","https://geoshape.ex.nii.ac.jp/nrct-poi/resource/06/060000058500.html"
"geoshape-nrct-poi:060000058600","天神森古墳","山形県 東置賜郡川西町 大字上小松","","https://geoshape.ex.nii.ac.jp/nrct-poi/resource/06/060000058600.html"
"geoshape-nrct-poi:060000058800","小松城跡","山形県 東置賜郡川西町 大字中小松","","https://geoshape.ex.nii.ac.jp/nrct-poi/resource/06/060000058800.html"
"geoshape-nrct-poi:060000059100","千松寺","山形県 東置賜郡川西町 大字下小松170番地","","https://geoshape.ex.nii.ac.jp/nrct-poi/resource/06/060000059100.html"
"geoshape-nrct-poi:060000059200","千松寺遺跡","山形県 東置賜郡川西町 大字上小松","","https://geoshape.ex.nii.ac.jp/nrct-poi/resource/06/060000059200.html"
"geoshape-nrct-poi:060000059300","尼が沢土壇","山形県 東置賜郡川西町 大字下小松1877の内","","https://geoshape.ex.nii.ac.jp/nrct-poi/resource/06/060000059300.html"
"geoshape-nrct-poi:060000059400","下小松古墳群","山形県 東置賜郡川西町 大字下小松","","https://geoshape.ex.nii.ac.jp/nrct-poi/resource/06/060000059400.html"
"geoshape-nrct-poi:060000059500","道伝遺跡","山形県 東置賜郡川西町 大字下小松","","https://geoshape.ex.nii.ac.jp/nrct-poi/resource/06/060000059500.html"
"geoshape-nrct-poi:060000059900","大塚城跡","山形県 東置賜郡川西町 大字大塚","","https://geoshape.ex.nii.ac.jp/nrct-poi/resource/06/060000059900.html"
"geoshape-nrct-poi:060000060100","八幡神社","山形県 山形市 大字中野318番地1","","https://geoshape.ex.nii.ac.jp/nrct-poi/resource/06/060000060100.html"
"geoshape-nrct-poi:060000060200","龍蔵北遺跡","山形県 東置賜郡川西町 大字下小松","","https://geoshape.ex.nii.ac.jp/nrct-poi/resource/06/060000060200.html"
"geoshape-nrct-poi:060000060700","八所神社","山形県 東置賜郡川西町 大字吉田字先達前3023番地の1","","https://geoshape.ex.nii.ac.jp/nrct-poi/resource/06/060000060700.html"
"geoshape-nrct-poi:060000060900","光玉寺","山形県 東置賜郡川西町 大字尾長島字東屋敷863番地の5","","https://geoshape.ex.nii.ac.jp/nrct-poi/resource/06/060000060900.html"
"geoshape-nrct-poi:060000061100","善秀院","山形県 東置賜郡川西町 大字高山2146番地","","https://geoshape.ex.nii.ac.jp/nrct-poi/resource/06/060000061100.html"
"geoshape-nrct-poi:060000061600","壇山窯跡群","山形県 東置賜郡川西町 大字時田","","https://geoshape.ex.nii.ac.jp/nrct-poi/resource/06/060000061600.html"
"geoshape-nrct-poi:060000062600","高畠城跡","山形県 東置賜郡高畠町 大字高畠","","https://geoshape.ex.nii.ac.jp/nrct-poi/resource/06/060000062600.html"
"geoshape-nrct-poi:060000062700","羽山古墳","山形県 東置賜郡高畠町 大字高畠","","https://geoshape.ex.nii.ac.jp/nrct-poi/resource/06/060000062700.html"
"geoshape-nrct-poi:060000062800","大立洞窟遺跡","山形県 東置賜郡高畠町 大字高畠","","https://geoshape.ex.nii.ac.jp/nrct-poi/resource/06/060000062800.html"
"geoshape-nrct-poi:060000063000","安久津八幡神社","山形県 東置賜郡高畠町 大字安久津","","https://geoshape.ex.nii.ac.jp/nrct-poi/resource/06/060000063000.html"
"geoshape-nrct-poi:060000063100","鳥居町古墳群","山形県 東置賜郡高畠町 大字安久津","","https://geoshape.ex.nii.ac.jp/nrct-poi/resource/06/060000063100.html"
"geoshape-nrct-poi:060000063200","加茂山岩陰遺跡","山形県 東置賜郡高畠町 大字安久津","","https://geoshape.ex.nii.ac.jp/nrct-poi/resource/06/060000063200.html"
"geoshape-nrct-poi:060000063300","一ノ沢岩陰遺跡","山形県 東置賜郡高畠町 大字安久津","","https://geoshape.ex.nii.ac.jp/nrct-poi/resource/06/060000063300.html"
"geoshape-nrct-poi:060000063400","神立洞窟遺跡","山形県 東置賜郡高畠町 大字安久津","","https://geoshape.ex.nii.ac.jp/nrct-poi/resource/06/060000063400.html"
"geoshape-nrct-poi:060000063800","金原古墳","山形県 東置賜郡高畠町 大字金原","","https://geoshape.ex.nii.ac.jp/nrct-poi/resource/06/060000063800.html"
"geoshape-nrct-poi:070000026200","勿来関跡","福島県 いわき市 勿来町","","https://geoshape.ex.nii.ac.jp/nrct-poi/resource/07/070000026200.html"
"geoshape-nrct-poi:070000026300","松山寺","福島県 いわき市 勿来町関田寺下勿来町関田42番地","","https://geoshape.ex.nii.ac.jp/nrct-poi/resource/07/070000026300.html"
"geoshape-nrct-poi:070000026500","伊勢林前遺跡","福島県 いわき市 勿来町","","https://geoshape.ex.nii.ac.jp/nrct-poi/resource/07/070000026500.html"
"geoshape-nrct-poi:070000026600","上ノ内遺跡","福島県 いわき市 勿来町","","https://geoshape.ex.nii.ac.jp/nrct-poi/resource/07/070000026600.html"
"geoshape-nrct-poi:070000026900","窪田陣屋跡","福島県 いわき市 勿来町","","https://geoshape.ex.nii.ac.jp/nrct-poi/resource/07/070000026900.html"
"geoshape-nrct-poi:070000027000","郡遺跡","福島県 いわき市 勿来町","","https://geoshape.ex.nii.ac.jp/nrct-poi/resource/07/070000027000.html"
"geoshape-nrct-poi:070000028900","金冠塚古墳","福島県 いわき市 錦町","","https://geoshape.ex.nii.ac.jp/nrct-poi/resource/07/070000028900.html"
"geoshape-nrct-poi:070000029100","熊野神社","福島県 福島市 下飯坂字熊野15番地","","https://geoshape.ex.nii.ac.jp/nrct-poi/resource/07/070000029100.html"
"geoshape-nrct-poi:070000029500","館跡遺跡","福島県 いわき市 植田町","","https://geoshape.ex.nii.ac.jp/nrct-poi/resource/07/070000029500.html"
"geoshape-nrct-poi:070000029600","八幡台遺跡","福島県 いわき市 植田町","","https://geoshape.ex.nii.ac.jp/nrct-poi/resource/07/070000029600.html"
"geoshape-nrct-poi:070000030000","西ノ作遺跡","福島県 いわき市 小浜町","","https://geoshape.ex.nii.ac.jp/nrct-poi/resource/07/070000030000.html"
"geoshape-nrct-poi:070000030100","輪山遺跡","福島県 いわき市 小浜町","","https://geoshape.ex.nii.ac.jp/nrct-poi/resource/07/070000030100.html"
"geoshape-nrct-poi:070000030300","金山窯跡群","福島県 いわき市 金山町","","https://geoshape.ex.nii.ac.jp/nrct-poi/resource/07/070000030300.html"
"geoshape-nrct-poi:070000031100","後田古墳群","福島県 いわき市 植田町","","https://geoshape.ex.nii.ac.jp/nrct-poi/resource/07/070000031100.html"
"geoshape-nrct-poi:070000031800","諏訪後貝塚","福島県 いわき市 小名浜諏訪町","","https://geoshape.ex.nii.ac.jp/nrct-poi/resource/07/070000031800.html"
"geoshape-nrct-poi:070000032000","小名浜陣屋跡","福島県 いわき市 小名浜","","https://geoshape.ex.nii.ac.jp/nrct-poi/resource/07/070000032000.html"
"geoshape-nrct-poi:070000032100","寺脇貝塚","福島県 いわき市 小名浜","","https://geoshape.ex.nii.ac.jp/nrct-poi/resource/07/070000032100.html"
"geoshape-nrct-poi:070000032300","綱取貝塚","福島県 いわき市 小名浜下神白","","https://geoshape.ex.nii.ac.jp/nrct-poi/resource/07/070000032300.html"
"geoshape-nrct-poi:070000032800","真福寺","福島県 喜多方市 塩川町遠田字上ノ屋敷塩川町遠田310番地","","https://geoshape.ex.nii.ac.jp/nrct-poi/resource/07/070000032800.html"
"geoshape-nrct-poi:070000033400","住吉神社","福島県 いわき市 小名浜住吉住吉1番地","","https://geoshape.ex.nii.ac.jp/nrct-poi/resource/07/070000033400.html"
"geoshape-nrct-poi:070000033900","禅長寺","福島県 いわき市 小名浜林城大門9番地","","https://geoshape.ex.nii.ac.jp/nrct-poi/resource/07/070000033900.html"
"geoshape-nrct-poi:070000035200","泉陣屋跡","福島県 いわき市 泉町四丁目","","https://geoshape.ex.nii.ac.jp/nrct-poi/resource/07/070000035200.html"
"geoshape-nrct-poi:070000035800","大畑遺跡群","福島県 いわき市 泉町下川","","https://geoshape.ex.nii.ac.jp/nrct-poi/resource/07/070000035800.html"
"geoshape-nrct-poi:070000035900","大畑貝塚","福島県 いわき市 泉町下川","","https://geoshape.ex.nii.ac.jp/nrct-poi/resource/07/070000035900.html"
"geoshape-nrct-poi:070000036000","朝日長者遺跡","福島県 いわき市 泉町下川","","https://geoshape.ex.nii.ac.jp/nrct-poi/resource/07/070000036000.html"
"geoshape-nrct-poi:070000036100","夕日長者遺跡","福島県 いわき市 泉町下川","","https://geoshape.ex.nii.ac.jp/nrct-poi/resource/07/070000036100.html"
"geoshape-nrct-poi:070000036300","岸遺跡","福島県 いわき市 渡辺町田部","","https://geoshape.ex.nii.ac.jp/nrct-poi/resource/07/070000036300.html"
"geoshape-nrct-poi:070000037700","温泉神社","福島県 郡山市三穂田町山口 字温泉三穂田町山口山1番12","","https://geoshape.ex.nii.ac.jp/nrct-poi/resource/07/070000037700.html"
"geoshape-nrct-poi:070000037800","惣善寺","福島県 いわき市 常磐湯本町三函317番地","","https://geoshape.ex.nii.ac.jp/nrct-poi/resource/07/070000037800.html"
"geoshape-nrct-poi:070000037900","勝行院","福島県 いわき市 常磐湯本町三函303番地","","https://geoshape.ex.nii.ac.jp/nrct-poi/resource/07/070000037900.html"
"geoshape-nrct-poi:070000038900","西郷貝塚","福島県 いわき市 常磐西郷町","","https://geoshape.ex.nii.ac.jp/nrct-poi/resource/07/070000038900.html"
"geoshape-nrct-poi:070000039000","能満寺","福島県 いわき市 常磐西郷町忠多常磐西郷町385番地","","https://geoshape.ex.nii.ac.jp/nrct-poi/resource/07/070000039000.html"
"geoshape-nrct-poi:070000039300","湯長谷陣屋跡","福島県 いわき市 常磐下湯長谷町","","https://geoshape.ex.nii.ac.jp/nrct-poi/resource/07/070000039300.html"
"geoshape-nrct-poi:070000039500","長谷寺","福島県 いわき市 常磐上湯長谷町堀ノ内常磐上湯長谷町138番地","","https://geoshape.ex.nii.ac.jp/nrct-poi/resource/07/070000039500.html"
"geoshape-nrct-poi:070000039700","龍勝寺","福島県 いわき市 常磐白鳥町勝丘常磐白鳥町160番地","","https://geoshape.ex.nii.ac.jp/nrct-poi/resource/07/070000039700.html"
"geoshape-nrct-poi:070000040400","三沢館跡","福島県 いわき市 常磐三沢町","","https://geoshape.ex.nii.ac.jp/nrct-poi/resource/07/070000040400.html"
"geoshape-nrct-poi:070000041000","番匠地遺跡","福島県 いわき市 内郷御厩町","","https://geoshape.ex.nii.ac.jp/nrct-poi/resource/07/070000041000.html"
"geoshape-nrct-poi:070000041100","久世原館跡","福島県 いわき市 内郷御厩町","","https://geoshape.ex.nii.ac.jp/nrct-poi/resource/07/070000041100.html"
"geoshape-nrct-poi:070000041700","願成寺","福島県 いわき市 内郷白水町広畑219番地","","https://geoshape.ex.nii.ac.jp/nrct-poi/resource/07/070000041700.html"
"geoshape-nrct-poi:070000042300","磐城平城跡","福島県 いわき市 平","","https://geoshape.ex.nii.ac.jp/nrct-poi/resource/07/070000042300.html"
"geoshape-nrct-poi:070000042500","飯野八幡宮","福島県 いわき市 平八幡小路84番地","","https://geoshape.ex.nii.ac.jp/nrct-poi/resource/07/070000042500.html"
"geoshape-nrct-poi:070000042600","子鍬倉神社","福島県 いわき市 平字揚土30番地","","https://geoshape.ex.nii.ac.jp/nrct-poi/resource/07/070000042600.html"
"geoshape-nrct-poi:070000043500","砂屋戸荒川館跡","福島県 いわき市 平上荒川","","https://geoshape.ex.nii.ac.jp/nrct-poi/resource/07/070000043500.html"
"geoshape-nrct-poi:070000043700","龍門寺","福島県 いわき市 平下荒川字諏訪下90番地","","https://geoshape.ex.nii.ac.jp/nrct-poi/resource/07/070000043700.html"
"geoshape-nrct-poi:070000043800","龍門寺遺跡","福島県 いわき市 平下荒川","","https://geoshape.ex.nii.ac.jp/nrct-poi/resource/07/070000043800.html"
"geoshape-nrct-poi:070000044100","白土城跡","福島県 いわき市 平南白土","","https://geoshape.ex.nii.ac.jp/nrct-poi/resource/07/070000044100.html"
"geoshape-nrct-poi:070000044800","八幡横穴群","福島県 いわき市 平下高久","","https://geoshape.ex.nii.ac.jp/nrct-poi/resource/07/070000044800.html"
"geoshape-nrct-poi:070000045200","神谷作古墳群","福島県 いわき市 平神谷作","","https://geoshape.ex.nii.ac.jp/nrct-poi/resource/07/070000045200.html"
"geoshape-nrct-poi:070000045400","中田横穴群","福島県 いわき市 平沼ノ内","","https://geoshape.ex.nii.ac.jp/nrct-poi/resource/07/070000045400.html"
"geoshape-nrct-poi:070000045600","薄磯貝塚","福島県 いわき市 薄磯一丁目","","https://geoshape.ex.nii.ac.jp/nrct-poi/resource/07/070000045600.html"
"geoshape-nrct-poi:070000045900","専称寺","福島県 いわき市 平山崎字梅福山5番地","","https://geoshape.ex.nii.ac.jp/nrct-poi/resource/07/070000045900.html"
"geoshape-nrct-poi:070000046000","如来寺","福島県 いわき市 平山崎字矢ノ目92番地","","https://geoshape.ex.nii.ac.jp/nrct-poi/resource/07/070000046000.html"
"geoshape-nrct-poi:070000046300","大国魂神社","福島県 いわき市 平菅波字宮前54番地","","https://geoshape.ex.nii.ac.jp/nrct-poi/resource/07/070000046300.html"
"geoshape-nrct-poi:070000046500","荒田目条里遺構","福島県 いわき市 平荒田目","","https://geoshape.ex.nii.ac.jp/nrct-poi/resource/07/070000046500.html"
"geoshape-nrct-poi:070000046700","甲塚古墳","福島県 いわき市 平荒田目","","https://geoshape.ex.nii.ac.jp/nrct-poi/resource/07/070000046700.html"
"geoshape-nrct-poi:070000047000","根岸遺跡","福島県 いわき市 平下大越","","https://geoshape.ex.nii.ac.jp/nrct-poi/resource/07/070000047000.html"
"geoshape-nrct-poi:070000047100","夏井廃寺","福島県 いわき市 平下大越","","https://geoshape.ex.nii.ac.jp/nrct-poi/resource/07/070000047100.html"
"geoshape-nrct-poi:070000047400","常福寺","福島県 いわき市 平赤井字赤井嶽1番地","","https://geoshape.ex.nii.ac.jp/nrct-poi/resource/07/070000047400.html"
"geoshape-nrct-poi:070000047600","横山古墳群","福島県 いわき市 平上平窪","","https://geoshape.ex.nii.ac.jp/nrct-poi/resource/07/070000047600.html"
"geoshape-nrct-poi:070000047900","諸荷供養塔","福島県 いわき市 平下平窪","","https://geoshape.ex.nii.ac.jp/nrct-poi/resource/07/070000047900.html"
"geoshape-nrct-poi:070000048200","中塩祭祀遺跡","福島県 いわき市 平中塩","","https://geoshape.ex.nii.ac.jp/nrct-poi/resource/07/070000048200.html"
"geoshape-nrct-poi:070000048400","忠教寺","福島県 いわき市 平四ツ波字石森216番地","","https://geoshape.ex.nii.ac.jp/nrct-poi/resource/07/070000048400.html"
"geoshape-nrct-poi:070000048900","弘源寺貝塚","福島県 いわき市 平鎌田","","https://geoshape.ex.nii.ac.jp/nrct-poi/resource/07/070000048900.html"
"geoshape-nrct-poi:070000049600","内宿遺跡","福島県 いわき市 平下神谷","","https://geoshape.ex.nii.ac.jp/nrct-poi/resource/07/070000049600.html"
"geoshape-nrct-poi:070000050600","下平石遺跡","福島県 いわき市 田人町旅人","","https://geoshape.ex.nii.ac.jp/nrct-poi/resource/07/070000050600.html"
"geoshape-nrct-poi:070000050800","満照寺","福島県 いわき市 田人町黒田字別当50番地","","https://geoshape.ex.nii.ac.jp/nrct-poi/resource/07/070000050800.html"
"geoshape-nrct-poi:070000051500","上遠野城跡","福島県 いわき市 遠野町上遠野","","https://geoshape.ex.nii.ac.jp/nrct-poi/resource/07/070000051500.html"
"geoshape-nrct-poi:070000051600","円通寺","福島県 いわき市 遠野町上遠野字根小屋40番地","","https://geoshape.ex.nii.ac.jp/nrct-poi/resource/07/070000051600.html"
"geoshape-nrct-poi:070000052900","愛谷遺跡","福島県 いわき市 好間町愛谷","","https://geoshape.ex.nii.ac.jp/nrct-poi/resource/07/070000052900.html"
"geoshape-nrct-poi:070000053100","弾正作横穴群","福島県 いわき市 好間町小谷作","","https://geoshape.ex.nii.ac.jp/nrct-poi/resource/07/070000053100.html"
"geoshape-nrct-poi:070000053400","長興寺","福島県 いわき市 好間町下好間大館302番地","","https://geoshape.ex.nii.ac.jp/nrct-poi/resource/07/070000053400.html"
"geoshape-nrct-poi:070000054500","作Ｂ遺跡","福島県 いわき市 三和町下永井","","https://geoshape.ex.nii.ac.jp/nrct-poi/resource/07/070000054500.html"
"geoshape-nrct-poi:070000055000","竹之内遺跡","福島県 いわき市 三和町下市萱","","https://geoshape.ex.nii.ac.jp/nrct-poi/resource/07/070000055000.html"
"geoshape-nrct-poi:070000055100","根古屋遺跡","福島県 いわき市 三和町下市萱","","https://geoshape.ex.nii.ac.jp/nrct-poi/resource/07/070000055100.html"
"geoshape-nrct-poi:070000055900","長福寺","福島県 いわき市 小川町下小川上ノ台120番地","","https://geoshape.ex.nii.ac.jp/nrct-poi/resource/07/070000055900.html"
"geoshape-nrct-poi:070000056000","梅ノ作瓦窯跡","福島県 いわき市 小川町下小川","","https://geoshape.ex.nii.ac.jp/nrct-poi/resource/07/070000056000.html"
"geoshape-nrct-poi:070000056400","小申田横穴群","福島県 いわき市 小川町上平","","https://geoshape.ex.nii.ac.jp/nrct-poi/resource/07/070000056400.html"
"geoshape-nrct-poi:070000058200","長隆寺","福島県 いわき市 四倉町長友大宮作218番地","","https://geoshape.ex.nii.ac.jp/nrct-poi/resource/07/070000058200.html"
"geoshape-nrct-poi:070000058400","戸田条里遺跡","福島県 いわき市 四倉町戸田","","https://geoshape.ex.nii.ac.jp/nrct-poi/resource/07/070000058400.html"
"geoshape-nrct-poi:070000058900","恵日寺","福島県 いわき市 四倉町玉山字牧ノ下53番地","","https://geoshape.ex.nii.ac.jp/nrct-poi/resource/07/070000058900.html"
"geoshape-nrct-poi:070000059000","玉山古墳群","福島県 いわき市 四倉町玉山","","https://geoshape.ex.nii.ac.jp/nrct-poi/resource/07/070000059000.html"
"geoshape-nrct-poi:070000059300","薬王寺","福島県 いわき市 四倉町薬王寺塙74番地","","https://geoshape.ex.nii.ac.jp/nrct-poi/resource/07/070000059300.html"
"geoshape-nrct-poi:070000060000","八茎薬師","福島県 いわき市 四倉町八茎字片倉97番地","","https://geoshape.ex.nii.ac.jp/nrct-poi/resource/07/070000060000.html"
"geoshape-nrct-poi:070000060300","波立寺","福島県 いわき市 久之浜町田之網字横内89番地","","https://geoshape.ex.nii.ac.jp/nrct-poi/resource/07/070000060300.html"
"geoshape-nrct-poi:070000061300","山下谷遺跡","福島県 いわき市 川前町川前","","https://geoshape.ex.nii.ac.jp/nrct-poi/resource/07/070000061300.html"
"geoshape-nrct-poi:070000062600","長福寺","福島県 双葉郡川内村 大字上川内字三合田29番地","","https://geoshape.ex.nii.ac.jp/nrct-poi/resource/07/070000062600.html"
"geoshape-nrct-poi:070000063100","成徳寺","福島県 双葉郡広野町 大字折木舘331番地","","https://geoshape.ex.nii.ac.jp/nrct-poi/resource/07/070000063100.html"
"geoshape-nrct-poi:070000063200","東禅寺","福島県 双葉郡広野町 大字折木字高萩240番地","","https://geoshape.ex.nii.ac.jp/nrct-poi/resource/07/070000063200.html"
"geoshape-nrct-poi:070000063400","高倉山城跡","福島県 双葉郡広野町 大字上浅見川","","https://geoshape.ex.nii.ac.jp/nrct-poi/resource/07/070000063400.html"
"geoshape-nrct-poi:070000063800","楢葉八幡神社","福島県 双葉郡広野町 大字上北迫字石名坂57番地","","https://geoshape.ex.nii.ac.jp/nrct-poi/resource/07/070000063800.html"
"geoshape-nrct-poi:070000063900","林蔵寺","福島県 双葉郡広野町 大字上北迫代83番地","","https://geoshape.ex.nii.ac.jp/nrct-poi/resource/07/070000063900.html"
"geoshape-nrct-poi:070000064200","楢葉城跡","福島県 双葉郡楢葉町 大字山田岡","","https://geoshape.ex.nii.ac.jp/nrct-poi/resource/07/070000064200.html"
"geoshape-nrct-poi:070000064900","木戸八幡神社","福島県 双葉郡楢葉町 大字上小塙字宮平1番地","","https://geoshape.ex.nii.ac.jp/nrct-poi/resource/07/070000064900.html"
"geoshape-nrct-poi:070000065200","天神原遺跡","福島県 双葉郡楢葉町 大字北田","","https://geoshape.ex.nii.ac.jp/nrct-poi/resource/07/070000065200.html"
"geoshape-nrct-poi:070000066000","保応寺","福島県 双葉郡富岡町 大字上郡山字岩井戸328番地","","https://geoshape.ex.nii.ac.jp/nrct-poi/resource/07/070000066000.html"
"geoshape-nrct-poi:070000066200","真壁城跡","福島県 双葉郡富岡町 大字下郡山","","https://geoshape.ex.nii.ac.jp/nrct-poi/resource/07/070000066200.html"
"geoshape-nrct-poi:070000066300","四十八社山神社","福島県 福島市 下飯坂字熊野15番地","","https://geoshape.ex.nii.ac.jp/nrct-poi/resource/07/070000066300.html"
"geoshape-nrct-poi:070000066800","小浜代遺跡","福島県 双葉郡富岡町 小浜","","https://geoshape.ex.nii.ac.jp/nrct-poi/resource/07/070000066800.html"
"geoshape-nrct-poi:070000067100","日向館跡","福島県 双葉郡富岡町 大字本岡","","https://geoshape.ex.nii.ac.jp/nrct-poi/resource/07/070000067100.html"
"geoshape-nrct-poi:070000067400","上手岡鉄山跡","福島県 双葉郡富岡町 大字上手岡","","https://geoshape.ex.nii.ac.jp/nrct-poi/resource/07/070000067400.html"
"geoshape-nrct-poi:070000068000","大平遺跡","福島県 双葉郡大熊町 大字熊","","https://geoshape.ex.nii.ac.jp/nrct-poi/resource/07/070000068000.html"
"geoshape-nrct-poi:070000069100","郡山五番遺跡","福島県 双葉郡双葉町 大字郡山","","https://geoshape.ex.nii.ac.jp/nrct-poi/resource/07/070000069100.html"
"geoshape-nrct-poi:070000069200","沼の沢古墳群","福島県 双葉郡双葉町 大字郡山","","https://geoshape.ex.nii.ac.jp/nrct-poi/resource/07/070000069200.html"
"geoshape-nrct-poi:070000069400","清戸廹横穴群","福島県 双葉郡双葉町 大字新山","","https://geoshape.ex.nii.ac.jp/nrct-poi/resource/07/070000069400.html"
"geoshape-nrct-poi:070000071800","大聖寺","福島県 双葉郡浪江町 大字北幾世橋北原6番地","","https://geoshape.ex.nii.ac.jp/nrct-poi/resource/07/070000071800.html"
"geoshape-nrct-poi:070000071900","泉田古館跡","福島県 双葉郡浪江町 大字北幾世橋","","https://geoshape.ex.nii.ac.jp/nrct-poi/resource/07/070000071900.html"
"geoshape-nrct-poi:070000072000","本屋敷古墳群","福島県 双葉郡浪江町 大字北幾世橋","","https://geoshape.ex.nii.ac.jp/nrct-poi/resource/07/070000072000.html"
"geoshape-nrct-poi:070000073200","中平遺跡","福島県 双葉郡浪江町 大字大堀","","https://geoshape.ex.nii.ac.jp/nrct-poi/resource/07/070000073200.html"
"geoshape-nrct-poi:070000074100","順礼堂遺跡","福島県 双葉郡浪江町 大字室原","","https://geoshape.ex.nii.ac.jp/nrct-poi/resource/07/070000074100.html"
"geoshape-nrct-poi:070000074400","加倉古墳群","福島県 双葉郡浪江町 大字加倉","","https://geoshape.ex.nii.ac.jp/nrct-poi/resource/07/070000074400.html"
"geoshape-nrct-poi:080000025300","十王台遺跡","茨城県 日立市 十王町伊師本郷","","https://geoshape.ex.nii.ac.jp/nrct-poi/resource/08/080000025300.html"
"geoshape-nrct-poi:080000025500","山直城跡","茨城県 日立市 十王町友部","","https://geoshape.ex.nii.ac.jp/nrct-poi/resource/08/080000025500.html"
"geoshape-nrct-poi:080000026000","黒前神社","茨城県 日立市 十王町黒坂762番地","","https://geoshape.ex.nii.ac.jp/nrct-poi/resource/08/080000026000.html"
"geoshape-nrct-poi:080000027000","中山寺","茨城県 北茨城市 関本町福田109番地","","https://geoshape.ex.nii.ac.jp/nrct-poi/resource/08/080000027000.html"
"geoshape-nrct-poi:080000027700","松ヶ崎貝塚","茨城県 北茨城市 大津町","","https://geoshape.ex.nii.ac.jp/nrct-poi/resource/08/080000027700.html"
"geoshape-nrct-poi:080000027800","佐波波地祇神社","茨城県 北茨城市 大津町1532番地","","https://geoshape.ex.nii.ac.jp/nrct-poi/resource/08/080000027800.html"
"geoshape-nrct-poi:080000028400","車城跡","茨城県 北茨城市 華川町車","","https://geoshape.ex.nii.ac.jp/nrct-poi/resource/08/080000028400.html"
"geoshape-nrct-poi:080000029000","花園神社","茨城県 北茨城市 華川町花園567番地","","https://geoshape.ex.nii.ac.jp/nrct-poi/resource/08/080000029000.html"
"geoshape-nrct-poi:080000029200","浄蓮寺","茨城県 北茨城市 華川町小豆畑2733番地","","https://geoshape.ex.nii.ac.jp/nrct-poi/resource/08/080000029200.html"
"geoshape-nrct-poi:080000029700","弟橘媛神社","茨城県 北茨城市 磯原町磯原196番地1","","https://geoshape.ex.nii.ac.jp/nrct-poi/resource/08/080000029700.html"
"geoshape-nrct-poi:080000030200","王子神社","茨城県 北茨城市 磯原町木皿823番地","","https://geoshape.ex.nii.ac.jp/nrct-poi/resource/08/080000030200.html"
"geoshape-nrct-poi:080000030500","菅股城跡","茨城県 北茨城市 磯原町大塚","","https://geoshape.ex.nii.ac.jp/nrct-poi/resource/08/080000030500.html"
"geoshape-nrct-poi:080000030600","長福寺","茨城県 北茨城市 磯原町大塚135番地","","https://geoshape.ex.nii.ac.jp/nrct-poi/resource/08/080000030600.html"
"geoshape-nrct-poi:080000030900","鹿島神社","茨城県 北茨城市 中郷町上桜井848番地","","https://geoshape.ex.nii.ac.jp/nrct-poi/resource/08/080000030900.html"
"geoshape-nrct-poi:080000031100","塩竈神社","茨城県 桜川市 入野480番地","","https://geoshape.ex.nii.ac.jp/nrct-poi/resource/08/080000031100.html"
"geoshape-nrct-poi:080000031500","天満宮","茨城県 ひたちなか市 湊中央一丁目2番1号","","https://geoshape.ex.nii.ac.jp/nrct-poi/resource/08/080000031500.html"
"geoshape-nrct-poi:080000031900","王子神社","茨城県 北茨城市 中郷町日棚8番地","","https://geoshape.ex.nii.ac.jp/nrct-poi/resource/08/080000031900.html"
"geoshape-nrct-poi:080000032700","願成寺","茨城県 かすみがうら市 上志筑643番地","","https://geoshape.ex.nii.ac.jp/nrct-poi/resource/08/080000032700.html"
"geoshape-nrct-poi:080000032900","琯沚神社","茨城県 高萩市 大字高戸","","https://geoshape.ex.nii.ac.jp/nrct-poi/resource/08/080000032900.html"
"geoshape-nrct-poi:080000033100","竜子山城跡","茨城県 高萩市 大字下手綱","","https://geoshape.ex.nii.ac.jp/nrct-poi/resource/08/080000033100.html"
"geoshape-nrct-poi:080000033200","興禅寺跡","茨城県 高萩市 大字下手綱","","https://geoshape.ex.nii.ac.jp/nrct-poi/resource/08/080000033200.html"
"geoshape-nrct-poi:080000033400","能仁寺","茨城県 高萩市 大字上手綱572番地","","https://geoshape.ex.nii.ac.jp/nrct-poi/resource/08/080000033400.html"
"geoshape-nrct-poi:080000033500","長宏寺","茨城県 高萩市 大字上手綱2494番地","","https://geoshape.ex.nii.ac.jp/nrct-poi/resource/08/080000033500.html"
"geoshape-nrct-poi:080000034100","松岩寺","茨城県 高萩市 大字下君田1569番地","","https://geoshape.ex.nii.ac.jp/nrct-poi/resource/08/080000034100.html"
"geoshape-nrct-poi:080000035000","滝神社","茨城県 那珂市 下大賀860番地1","","https://geoshape.ex.nii.ac.jp/nrct-poi/resource/08/080000035000.html"
"geoshape-nrct-poi:080000035100","大高寺","茨城県 高萩市 本町一丁目128番地","","https://geoshape.ex.nii.ac.jp/nrct-poi/resource/08/080000035100.html"
"geoshape-nrct-poi:080000035300","八幡宮","茨城県 下妻市 大宝667番地","","https://geoshape.ex.nii.ac.jp/nrct-poi/resource/08/080000035300.html"
"geoshape-nrct-poi:080000035600","小屋館跡","茨城県 高萩市 大字島名","","https://geoshape.ex.nii.ac.jp/nrct-poi/resource/08/080000035600.html"
"geoshape-nrct-poi:080000036800","蚕養神社","茨城県 日立市 川尻町2377番地","","https://geoshape.ex.nii.ac.jp/nrct-poi/resource/08/080000036800.html"
"geoshape-nrct-poi:080000037700","小幡館跡","茨城県 日立市 滑川町","","https://geoshape.ex.nii.ac.jp/nrct-poi/resource/08/080000037700.html"
"geoshape-nrct-poi:080000037900","鹿野場遺跡","茨城県 日立市 高鈴町五丁目","","https://geoshape.ex.nii.ac.jp/nrct-poi/resource/08/080000037900.html"
"geoshape-nrct-poi:080000038100","神峰神社","茨城県 日立市 宮田町3586番地","","https://geoshape.ex.nii.ac.jp/nrct-poi/resource/08/080000038100.html"
"geoshape-nrct-poi:080000038200","大雄院","茨城県 日立市 宮田町五丁目6番","","https://geoshape.ex.nii.ac.jp/nrct-poi/resource/08/080000038200.html"
"geoshape-nrct-poi:080000038400","助川海防城跡","茨城県 日立市 助川町五丁目","","https://geoshape.ex.nii.ac.jp/nrct-poi/resource/08/080000038400.html"
"geoshape-nrct-poi:080000038700","相賀館跡","茨城県 日立市 相賀町","","https://geoshape.ex.nii.ac.jp/nrct-poi/resource/08/080000038700.html"
"geoshape-nrct-poi:080000039300","諏訪神社","茨城県 北茨城市 関本町才丸526番地","","https://geoshape.ex.nii.ac.jp/nrct-poi/resource/08/080000039300.html"
"geoshape-nrct-poi:080000039600","鹿島神社","茨城県 東茨城郡城里町 大字勝見沢87番地","","https://geoshape.ex.nii.ac.jp/nrct-poi/resource/08/080000039600.html"
"geoshape-nrct-poi:080000039700","大窪城跡","茨城県 日立市 大久保町四丁目","","https://geoshape.ex.nii.ac.jp/nrct-poi/resource/08/080000039700.html"
"geoshape-nrct-poi:080000039800","暇修館跡","茨城県 日立市 大久保町四丁目","","https://geoshape.ex.nii.ac.jp/nrct-poi/resource/08/080000039800.html"
"geoshape-nrct-poi:080000040000","要害城跡","茨城県 日立市 国分町二丁目","","https://geoshape.ex.nii.ac.jp/nrct-poi/resource/08/080000040000.html"
"geoshape-nrct-poi:080000040200","伊勢神社","茨城県 神栖市 波崎1756番地","","https://geoshape.ex.nii.ac.jp/nrct-poi/resource/08/080000040200.html"
"geoshape-nrct-poi:080000040600","泉神社","茨城県 水戸市 三湯町1105番地","","https://geoshape.ex.nii.ac.jp/nrct-poi/resource/08/080000040600.html"
"geoshape-nrct-poi:080000041100","大甕神社","茨城県 日立市 大みか町六丁目16番","","https://geoshape.ex.nii.ac.jp/nrct-poi/resource/08/080000041100.html"
"geoshape-nrct-poi:080000041300","南高野貝塚","茨城県 日立市 南高野町一丁目","","https://geoshape.ex.nii.ac.jp/nrct-poi/resource/08/080000041300.html"
"geoshape-nrct-poi:080000042500","御岩神社","茨城県 日立市 入四間町1217番地","","https://geoshape.ex.nii.ac.jp/nrct-poi/resource/08/080000042500.html"
"geoshape-nrct-poi:080000043000","玉簾寺","茨城県 日立市 東河内町899番地","","https://geoshape.ex.nii.ac.jp/nrct-poi/resource/08/080000043000.html"
"geoshape-nrct-poi:080000044500","五霊神社","茨城県 久慈郡大子町 大字高柴1522番地","","https://geoshape.ex.nii.ac.jp/nrct-poi/resource/08/080000044500.html"
"geoshape-nrct-poi:080000044700","十二所神社","茨城県 常陸太田市 東染町298番地","","https://geoshape.ex.nii.ac.jp/nrct-poi/resource/08/080000044700.html"
"geoshape-nrct-poi:080000044800","実相院","茨城県 鉾田市 鉾田1544番地","","https://geoshape.ex.nii.ac.jp/nrct-poi/resource/08/080000044800.html"
"geoshape-nrct-poi:080000045000","諏訪神社","茨城県 北茨城市 関本町才丸526番地","","https://geoshape.ex.nii.ac.jp/nrct-poi/resource/08/080000045000.html"
"geoshape-nrct-poi:080000045100","宝泉寺跡","茨城県 久慈郡大子町 大字小生瀬","","https://geoshape.ex.nii.ac.jp/nrct-poi/resource/08/080000045100.html"
"geoshape-nrct-poi:080000045300","大生瀬神社","茨城県 久慈郡大子町 大字大生瀬5051番地","","https://geoshape.ex.nii.ac.jp/nrct-poi/resource/08/080000045300.html"
"geoshape-nrct-poi:080000045500","大鈴神社","茨城県 久慈郡大子町 大字矢田824番地","","https://geoshape.ex.nii.ac.jp/nrct-poi/resource/08/080000045500.html"
"geoshape-nrct-poi:080000045700","金光寺跡","茨城県 久慈郡大子町 大字川山","","https://geoshape.ex.nii.ac.jp/nrct-poi/resource/08/080000045700.html"
"geoshape-nrct-poi:080000046000","近津神社","茨城県 常陸太田市 薬谷町128番地","","https://geoshape.ex.nii.ac.jp/nrct-poi/resource/08/080000046000.html"
"geoshape-nrct-poi:080000046300","慈雲寺","茨城県 久慈郡大子町 大字町付1546番地","","https://geoshape.ex.nii.ac.jp/nrct-poi/resource/08/080000046300.html"
"geoshape-nrct-poi:080000046700","八溝嶺神社","茨城県 久慈郡大子町 大字上野宮2129番地","","https://geoshape.ex.nii.ac.jp/nrct-poi/resource/08/080000046700.html"
"geoshape-nrct-poi:080000046800","日輪寺","茨城県 久慈郡大子町 大字上野宮2134番地","","https://geoshape.ex.nii.ac.jp/nrct-poi/resource/08/080000046800.html"
"geoshape-nrct-poi:080000047000","高徳寺","茨城県 久慈郡大子町 上郷大字2056番地","","https://geoshape.ex.nii.ac.jp/nrct-poi/resource/08/080000047000.html"
"geoshape-nrct-poi:080000047300","花室神社","茨城県 久慈郡大子町 大字左貫931番地","","https://geoshape.ex.nii.ac.jp/nrct-poi/resource/08/080000047300.html"
"geoshape-nrct-poi:080000047900","性徳寺","茨城県 久慈郡大子町 大字下金沢292番地","","https://geoshape.ex.nii.ac.jp/nrct-poi/resource/08/080000047900.html"
"geoshape-nrct-poi:080000048100","常明寺","茨城県 久慈郡大子町 大字上金沢2186番地","","https://geoshape.ex.nii.ac.jp/nrct-poi/resource/08/080000048100.html"
"geoshape-nrct-poi:080000048200","法竜寺","茨城県 久慈郡大子町 ","","https://geoshape.ex.nii.ac.jp/nrct-poi/resource/08/080000048200.html"
"geoshape-nrct-poi:080000048600","上岡古墳群","茨城県 久慈郡大子町 大字上岡","","https://geoshape.ex.nii.ac.jp/nrct-poi/resource/08/080000048600.html"
"geoshape-nrct-poi:080000048800","熊野神社","茨城県 ひたちなか市 大字金上773番地","","https://geoshape.ex.nii.ac.jp/nrct-poi/resource/08/080000048800.html"
"geoshape-nrct-poi:080000049000","大子城跡","茨城県 久慈郡大子町 大字大子","","https://geoshape.ex.nii.ac.jp/nrct-poi/resource/08/080000049000.html"
"geoshape-nrct-poi:080000049100","永源寺","茨城県 久慈郡大子町 大字大子1571番地","","https://geoshape.ex.nii.ac.jp/nrct-poi/resource/08/080000049100.html"
"geoshape-nrct-poi:080000049200","願誓寺","茨城県 久慈郡大子町 大字大子1157番地","","https://geoshape.ex.nii.ac.jp/nrct-poi/resource/08/080000049200.html"
"geoshape-nrct-poi:080000049400","鏡城跡","茨城県 久慈郡大子町 大字池田","","https://geoshape.ex.nii.ac.jp/nrct-poi/resource/08/080000049400.html"
"geoshape-nrct-poi:080000050100","龍泰院","茨城県 久慈郡大子町 大字袋田1500番地","","https://geoshape.ex.nii.ac.jp/nrct-poi/resource/08/080000050100.html"
"geoshape-nrct-poi:080000050600","関戸神社","茨城県 笠間市 福原2694番地","","https://geoshape.ex.nii.ac.jp/nrct-poi/resource/08/080000050600.html"
"geoshape-nrct-poi:080000050700","長福寺","茨城県 かすみがうら市 下軽部289番地","","https://geoshape.ex.nii.ac.jp/nrct-poi/resource/08/080000050700.html"
"geoshape-nrct-poi:080000052100","穀留番所跡","茨城県 常陸太田市 徳田町","","https://geoshape.ex.nii.ac.jp/nrct-poi/resource/08/080000052100.html"
"geoshape-nrct-poi:080000052700","大中神社","茨城県 常陸太田市 大中町1706番地","","https://geoshape.ex.nii.ac.jp/nrct-poi/resource/08/080000052700.html"
"geoshape-nrct-poi:080000052800","泉福寺","茨城県 那珂郡東海村 大字舟石川618番地1","","https://geoshape.ex.nii.ac.jp/nrct-poi/resource/08/080000052800.html"
"geoshape-nrct-poi:080000053200","小菅郷校跡","茨城県 常陸太田市 小菅町","","https://geoshape.ex.nii.ac.jp/nrct-poi/resource/08/080000053200.html"
"geoshape-nrct-poi:080000053400","高宮神社","茨城県 常陸太田市 大菅町892番地","","https://geoshape.ex.nii.ac.jp/nrct-poi/resource/08/080000053400.html"
"geoshape-nrct-poi:080000054100","武弓城跡","茨城県 常陸太田市 下高倉町","","https://geoshape.ex.nii.ac.jp/nrct-poi/resource/08/080000054100.html"
"geoshape-nrct-poi:080000054200","武生神社","茨城県 常陸太田市 下高倉町2268番地","","https://geoshape.ex.nii.ac.jp/nrct-poi/resource/08/080000054200.html"
"geoshape-nrct-poi:080000054400","東金砂神社","茨城県 常陸太田市 天下野町9740番地","","https://geoshape.ex.nii.ac.jp/nrct-poi/resource/08/080000054400.html"
"geoshape-nrct-poi:080000054700","阿弥陀院跡","茨城県 常陸太田市 中染町","","https://geoshape.ex.nii.ac.jp/nrct-poi/resource/08/080000054700.html"
"geoshape-nrct-poi:080000055100","町田郷校跡","茨城県 石岡市 須釜","","https://geoshape.ex.nii.ac.jp/nrct-poi/resource/08/080000055100.html"
"geoshape-nrct-poi:080000055300","洗竹亭跡","茨城県 石岡市 須釜","","https://geoshape.ex.nii.ac.jp/nrct-poi/resource/08/080000055300.html"
"geoshape-nrct-poi:080000055500","国安城跡","茨城県 常陸太田市 国安町","","https://geoshape.ex.nii.ac.jp/nrct-poi/resource/08/080000055500.html"
"geoshape-nrct-poi:080000055700","棚谷神社","茨城県 常陸太田市 棚谷町1139番地","","https://geoshape.ex.nii.ac.jp/nrct-poi/resource/08/080000055700.html"
"geoshape-nrct-poi:080000055900","松平城跡","茨城県 常陸太田市 松平町","","https://geoshape.ex.nii.ac.jp/nrct-poi/resource/08/080000055900.html"
"geoshape-nrct-poi:080000056000","密蔵院","茨城県 常陸太田市 松平町1466番地","","https://geoshape.ex.nii.ac.jp/nrct-poi/resource/08/080000056000.html"
"geoshape-nrct-poi:080000056300","青蓮寺","茨城県 常陸太田市 東連地町197番地","","https://geoshape.ex.nii.ac.jp/nrct-poi/resource/08/080000056300.html"
"geoshape-nrct-poi:080000056700","金砂城跡","茨城県 常陸太田市 上宮河内町1911","","https://geoshape.ex.nii.ac.jp/nrct-poi/resource/08/080000056700.html"
"geoshape-nrct-poi:080000056800","西金砂神社","茨城県 常陸太田市 上宮河内町1915番地","","https://geoshape.ex.nii.ac.jp/nrct-poi/resource/08/080000056800.html"
"geoshape-nrct-poi:080000056900","菊蓮寺","茨城県 常陸太田市 上宮河内町3600番地","","https://geoshape.ex.nii.ac.jp/nrct-poi/resource/08/080000056900.html"
"geoshape-nrct-poi:080000057100","布金庵跡","茨城県 常陸太田市 下宮河内町","","https://geoshape.ex.nii.ac.jp/nrct-poi/resource/08/080000057100.html"
"geoshape-nrct-poi:080000057300","安養院跡","茨城県 石岡市 須釜","","https://geoshape.ex.nii.ac.jp/nrct-poi/resource/08/080000057300.html"
"geoshape-nrct-poi:080000057500","鏡徳寺","茨城県 日立市 弁天町三丁目3番","","https://geoshape.ex.nii.ac.jp/nrct-poi/resource/08/080000057500.html"
"geoshape-nrct-poi:080000057700","常寂光寺","茨城県 常陸太田市 中利員町1299番地","","https://geoshape.ex.nii.ac.jp/nrct-poi/resource/08/080000057700.html"
"geoshape-nrct-poi:080000057900","西光寺跡","茨城県 常陸太田市 下利員町","","https://geoshape.ex.nii.ac.jp/nrct-poi/resource/08/080000057900.html"
"geoshape-nrct-poi:080000058300","猫淵横穴群","茨城県 常陸太田市 高柿町","","https://geoshape.ex.nii.ac.jp/nrct-poi/resource/08/080000058300.html"
"geoshape-nrct-poi:080000058400","高柿城跡","茨城県 常陸太田市 高柿町","","https://geoshape.ex.nii.ac.jp/nrct-poi/resource/08/080000058400.html"
"geoshape-nrct-poi:080000059000","弥勒院跡","茨城県 石岡市 須釜","","https://geoshape.ex.nii.ac.jp/nrct-poi/resource/08/080000059000.html"
"geoshape-nrct-poi:080000059300","久米城跡","茨城県 常陸太田市 久米町","","https://geoshape.ex.nii.ac.jp/nrct-poi/resource/08/080000059300.html"
"geoshape-nrct-poi:080000059400","願入寺","茨城県 常陸太田市 久米町1598番地","","https://geoshape.ex.nii.ac.jp/nrct-poi/resource/08/080000059400.html"
"geoshape-nrct-poi:080000059600","来迎院","茨城県 常陸太田市 大里町3708番地","","https://geoshape.ex.nii.ac.jp/nrct-poi/resource/08/080000059600.html"
"geoshape-nrct-poi:080000060400","香仙寺","茨城県 常陸太田市 松栄町615番地","","https://geoshape.ex.nii.ac.jp/nrct-poi/resource/08/080000060400.html"
"geoshape-nrct-poi:080000061900","天満神社","茨城県 常陸太田市 西河内中町239番地","","https://geoshape.ex.nii.ac.jp/nrct-poi/resource/08/080000061900.html"
"geoshape-nrct-poi:080000062100","智教院","茨城県 常陸太田市 西河内下町1206番地","","https://geoshape.ex.nii.ac.jp/nrct-poi/resource/08/080000062100.html"
"geoshape-nrct-poi:080000062600","熊野神社","茨城県 常陸太田市 常福地町946番地","","https://geoshape.ex.nii.ac.jp/nrct-poi/resource/08/080000062600.html"
"geoshape-nrct-poi:080000063000","天志良波神社","茨城県 常陸太田市 白羽町1670番地","","https://geoshape.ex.nii.ac.jp/nrct-poi/resource/08/080000063000.html"
"geoshape-nrct-poi:090000015900","温泉神社","栃木県 那須郡那珂川町 芳井624番地","","https://geoshape.ex.nii.ac.jp/nrct-poi/resource/09/090000015900.html"
"geoshape-nrct-poi:090000016200","横沢岩陰遺跡","栃木県 那須郡那須町 大字高久乙","","https://geoshape.ex.nii.ac.jp/nrct-poi/resource/09/090000016200.html"
"geoshape-nrct-poi:090000016700","門場遺跡","栃木県 那須郡那須町 大字大島","","https://geoshape.ex.nii.ac.jp/nrct-poi/resource/09/090000016700.html"
"geoshape-nrct-poi:090000017200","上田遺跡","栃木県 那須郡那須町 大字富岡","","https://geoshape.ex.nii.ac.jp/nrct-poi/resource/09/090000017200.html"
"geoshape-nrct-poi:090000019300","迯室遺跡","栃木県 那須郡那須町 大字豊原丙","","https://geoshape.ex.nii.ac.jp/nrct-poi/resource/09/090000019300.html"
"geoshape-nrct-poi:090000020500","追ノ窪遺跡","栃木県 那須郡那須町 大字寄居","","https://geoshape.ex.nii.ac.jp/nrct-poi/resource/09/090000020500.html"
"geoshape-nrct-poi:090000021300","芦野館跡","栃木県 那須郡那須町 大字芦野","","https://geoshape.ex.nii.ac.jp/nrct-poi/resource/09/090000021300.html"
"geoshape-nrct-poi:090000021400","芦野城跡","栃木県 那須郡那須町 大字芦野","","https://geoshape.ex.nii.ac.jp/nrct-poi/resource/09/090000021400.html"
"geoshape-nrct-poi:090000021500","最勝院","栃木県 佐野市 豊代町2049番地","","https://geoshape.ex.nii.ac.jp/nrct-poi/resource/09/090000021500.html"
"geoshape-nrct-poi:090000021600","湯泉神社","栃木県 那須烏山市 大金110番地","","https://geoshape.ex.nii.ac.jp/nrct-poi/resource/09/090000021600.html"
"geoshape-nrct-poi:090000022000","木下遺跡","栃木県 那須郡那須町 大字蓑沢","","https://geoshape.ex.nii.ac.jp/nrct-poi/resource/09/090000022000.html"
"geoshape-nrct-poi:090000022900","伊王野館跡","栃木県 那須郡那須町 大字伊王野","","https://geoshape.ex.nii.ac.jp/nrct-poi/resource/09/090000022900.html"
"geoshape-nrct-poi:090000023000","伊王野城跡","栃木県 那須郡那須町 大字伊王野","","https://geoshape.ex.nii.ac.jp/nrct-poi/resource/09/090000023000.html"
"geoshape-nrct-poi:090000023100","専称寺","栃木県 那須郡那須町 伊王野大字1622番地1","","https://geoshape.ex.nii.ac.jp/nrct-poi/resource/09/090000023100.html"
"geoshape-nrct-poi:090000023300","赤坂西丘・北遺跡","栃木県 那須郡那須町 大字伊王野","","https://geoshape.ex.nii.ac.jp/nrct-poi/resource/09/090000023300.html"
"geoshape-nrct-poi:090000023800","堂平遺跡","栃木県 那須郡那須町 大字東岩崎","","https://geoshape.ex.nii.ac.jp/nrct-poi/resource/09/090000023800.html"
"geoshape-nrct-poi:090000024100","舟戸古墳群","栃木県 那須郡那須町 大字稲沢","","https://geoshape.ex.nii.ac.jp/nrct-poi/resource/09/090000024100.html"
"geoshape-nrct-poi:090000024700","槻沢遺跡","栃木県 那須塩原市 槻沢","","https://geoshape.ex.nii.ac.jp/nrct-poi/resource/09/090000024700.html"
"geoshape-nrct-poi:090000024900","井口遺跡","栃木県 宇都宮市 高松町","","https://geoshape.ex.nii.ac.jp/nrct-poi/resource/09/090000024900.html"
"geoshape-nrct-poi:090000025700","矢板農場","栃木県 那須塩原市 一区町","","https://geoshape.ex.nii.ac.jp/nrct-poi/resource/09/090000025700.html"
"geoshape-nrct-poi:090000025900","千本松農場","栃木県 那須塩原市 千本松","","https://geoshape.ex.nii.ac.jp/nrct-poi/resource/09/090000025900.html"
"geoshape-nrct-poi:090000026000","烏森神社","栃木県 那須塩原市 三区町635番地","","https://geoshape.ex.nii.ac.jp/nrct-poi/resource/09/090000026000.html"
"geoshape-nrct-poi:090000026100","光尊寺","栃木県 那須塩原市 三区町548番地","","https://geoshape.ex.nii.ac.jp/nrct-poi/resource/09/090000026100.html"
"geoshape-nrct-poi:090000026200","雲照寺","栃木県 那須塩原市 三区町659番地","","https://geoshape.ex.nii.ac.jp/nrct-poi/resource/09/090000026200.html"
"geoshape-nrct-poi:090000026700","黒羽城跡","栃木県 大田原市 前田980","","https://geoshape.ex.nii.ac.jp/nrct-poi/resource/09/090000026700.html"
"geoshape-nrct-poi:090000026800","大雄寺","栃木県 大田原市 黒羽田町450番地","","https://geoshape.ex.nii.ac.jp/nrct-poi/resource/09/090000026800.html"
"geoshape-nrct-poi:090000026900","鎮国神社","栃木県 大田原市 前田1073番地","","https://geoshape.ex.nii.ac.jp/nrct-poi/resource/09/090000026900.html"
"geoshape-nrct-poi:090000027900","銭室塚古墳","栃木県 大田原市 北滝","","https://geoshape.ex.nii.ac.jp/nrct-poi/resource/09/090000027900.html"
"geoshape-nrct-poi:090000029200","雲巌寺","栃木県 大田原市 雲岩寺27番地","","https://geoshape.ex.nii.ac.jp/nrct-poi/resource/09/090000029200.html"
"geoshape-nrct-poi:090000030100","光厳寺","栃木県 芳賀郡益子町 大字小宅945番地","","https://geoshape.ex.nii.ac.jp/nrct-poi/resource/09/090000030100.html"
"geoshape-nrct-poi:090000030200","不動院裏遺跡","栃木県 大田原市 久野又","","https://geoshape.ex.nii.ac.jp/nrct-poi/resource/09/090000030200.html"
"geoshape-nrct-poi:090000031400","那須国造碑","栃木県 大田原市 湯津上","","https://geoshape.ex.nii.ac.jp/nrct-poi/resource/09/090000031400.html"
"geoshape-nrct-poi:090000031500","上侍塚古墳","栃木県 大田原市 湯津上","","https://geoshape.ex.nii.ac.jp/nrct-poi/resource/09/090000031500.html"
"geoshape-nrct-poi:090000031600","下侍塚古墳","栃木県 大田原市 湯津上","","https://geoshape.ex.nii.ac.jp/nrct-poi/resource/09/090000031600.html"
"geoshape-nrct-poi:090000031700","小松原遺跡","栃木県 大田原市 湯津上","","https://geoshape.ex.nii.ac.jp/nrct-poi/resource/09/090000031700.html"
"geoshape-nrct-poi:090000031800","岩船台遺跡","栃木県 大田原市 湯津上","","https://geoshape.ex.nii.ac.jp/nrct-poi/resource/09/090000031800.html"
"geoshape-nrct-poi:090000032100","小船渡古墳群","栃木県 大田原市 狭原","","https://geoshape.ex.nii.ac.jp/nrct-poi/resource/09/090000032100.html"
"geoshape-nrct-poi:090000032400","法輪寺","栃木県 大田原市 佐良土1401番地","","https://geoshape.ex.nii.ac.jp/nrct-poi/resource/09/090000032400.html"
"geoshape-nrct-poi:090000032700","富士山古墳群","栃木県 大田原市 湯津上","","https://geoshape.ex.nii.ac.jp/nrct-poi/resource/09/090000032700.html"
"geoshape-nrct-poi:090000033100","宝寿院","栃木県 大田原市 片府田1075番地の4","","https://geoshape.ex.nii.ac.jp/nrct-poi/resource/09/090000033100.html"
"geoshape-nrct-poi:090000033400","浄法寺廃寺","栃木県 那須郡那珂川町 浄法寺","","https://geoshape.ex.nii.ac.jp/nrct-poi/resource/09/090000033400.html"
"geoshape-nrct-poi:090000033500","浄法寺遺跡","栃木県 那須郡那珂川町 小川","","https://geoshape.ex.nii.ac.jp/nrct-poi/resource/09/090000033500.html"
"geoshape-nrct-poi:090000033700","那須郡衙跡","栃木県 那須郡那珂川町 小川","","https://geoshape.ex.nii.ac.jp/nrct-poi/resource/09/090000033700.html"
"geoshape-nrct-poi:090000033800","駒形大塚古墳","栃木県 那須郡那珂川町 小川","","https://geoshape.ex.nii.ac.jp/nrct-poi/resource/09/090000033800.html"
"geoshape-nrct-poi:090000034300","御霊神社","栃木県 大田原市 片田大字1358番地","","https://geoshape.ex.nii.ac.jp/nrct-poi/resource/09/090000034300.html"
"geoshape-nrct-poi:090000034500","三和神社","栃木県 那須郡那珂川町 三輪726番地","","https://geoshape.ex.nii.ac.jp/nrct-poi/resource/09/090000034500.html"
"geoshape-nrct-poi:090000034600","神田城跡","栃木県 那須郡那珂川町 三輪","","https://geoshape.ex.nii.ac.jp/nrct-poi/resource/09/090000034600.html"
"geoshape-nrct-poi:090000034700","仲町遺跡","栃木県 那須郡那珂川町 小川","","https://geoshape.ex.nii.ac.jp/nrct-poi/resource/09/090000034700.html"
"geoshape-nrct-poi:090000035000","常円寺","栃木県 那須郡那珂川町 片平752番地","","https://geoshape.ex.nii.ac.jp/nrct-poi/resource/09/090000035000.html"
"geoshape-nrct-poi:090000035300","温泉神社古墳","栃木県 那須郡那珂川町 小川","","https://geoshape.ex.nii.ac.jp/nrct-poi/resource/09/090000035300.html"
"geoshape-nrct-poi:090000035400","那須八幡塚古墳","栃木県 那須郡那珂川町 小川","","https://geoshape.ex.nii.ac.jp/nrct-poi/resource/09/090000035400.html"
"geoshape-nrct-poi:090000035500","富士山古墳","栃木県 下都賀郡壬生町 大字七ツ石","","https://geoshape.ex.nii.ac.jp/nrct-poi/resource/09/090000035500.html"
"geoshape-nrct-poi:090000036200","小砂古窯跡群","栃木県 那須郡那珂川町 小砂","","https://geoshape.ex.nii.ac.jp/nrct-poi/resource/09/090000036200.html"
"geoshape-nrct-poi:090000036600","五斗蒔遺跡","栃木県 那須郡那珂川町 馬頭","","https://geoshape.ex.nii.ac.jp/nrct-poi/resource/09/090000036600.html"
"geoshape-nrct-poi:090000036900","鷲子山上神社","栃木県 矢板市 大槻1706番地","","https://geoshape.ex.nii.ac.jp/nrct-poi/resource/09/090000036900.html"
"geoshape-nrct-poi:090000037100","健武山神社","栃木県 宇都宮市 芦沼町970番地","","https://geoshape.ex.nii.ac.jp/nrct-poi/resource/09/090000037100.html"
"geoshape-nrct-poi:090000037300","武茂城跡","栃木県 那須郡那珂川町 馬頭","","https://geoshape.ex.nii.ac.jp/nrct-poi/resource/09/090000037300.html"
"geoshape-nrct-poi:090000037400","馬頭院","栃木県 那須郡那珂川町 馬頭188番地","","https://geoshape.ex.nii.ac.jp/nrct-poi/resource/09/090000037400.html"
"geoshape-nrct-poi:090000037600","唐御所横穴","栃木県 那須郡那珂川町 和見","","https://geoshape.ex.nii.ac.jp/nrct-poi/resource/09/090000037600.html"
"geoshape-nrct-poi:090000037800","尾の草遺跡","栃木県 那須郡那珂川町 馬頭","","https://geoshape.ex.nii.ac.jp/nrct-poi/resource/09/090000037800.html"
"geoshape-nrct-poi:090000038200","川崎古墳","栃木県 那須郡那珂川町 久那瀬","","https://geoshape.ex.nii.ac.jp/nrct-poi/resource/09/090000038200.html"
"geoshape-nrct-poi:090000038400","松野城跡","栃木県 那須郡那珂川町 馬頭","","https://geoshape.ex.nii.ac.jp/nrct-poi/resource/09/090000038400.html"
"geoshape-nrct-poi:090000039200","烏山城跡","栃木県 那須烏山市 城山","","https://geoshape.ex.nii.ac.jp/nrct-poi/resource/09/090000039200.html"
"geoshape-nrct-poi:090000039800","天性寺","栃木県 那須烏山市 南一丁目4番25号","","https://geoshape.ex.nii.ac.jp/nrct-poi/resource/09/090000039800.html"
"geoshape-nrct-poi:090000039900","泉渓寺","栃木県 那須烏山市 金井一丁目12番5号","","https://geoshape.ex.nii.ac.jp/nrct-poi/resource/09/090000039900.html"
"geoshape-nrct-poi:090000040100","八雲神社","栃木県 那須郡那須町 大字寄居2421番地","","https://geoshape.ex.nii.ac.jp/nrct-poi/resource/09/090000040100.html"
"geoshape-nrct-poi:090000040700","太平寺","栃木県 那須烏山市 滝395番地","","https://geoshape.ex.nii.ac.jp/nrct-poi/resource/09/090000040700.html"
"geoshape-nrct-poi:090000041300","稲積城跡","栃木県 那須烏山市 下境","","https://geoshape.ex.nii.ac.jp/nrct-poi/resource/09/090000041300.html"
"geoshape-nrct-poi:090000042000","宮原八幡宮","栃木県 那須烏山市 宮原","","https://geoshape.ex.nii.ac.jp/nrct-poi/resource/09/090000042000.html"
"geoshape-nrct-poi:090000042300","羽場遺跡","栃木県 那須烏山市 興野","","https://geoshape.ex.nii.ac.jp/nrct-poi/resource/09/090000042300.html"
"geoshape-nrct-poi:090000042500","八ヶ平遺跡","栃木県 那須烏山市 中山","","https://geoshape.ex.nii.ac.jp/nrct-poi/resource/09/090000042500.html"
"geoshape-nrct-poi:090000042700","中山窯跡","栃木県 那須烏山市 中山","","https://geoshape.ex.nii.ac.jp/nrct-poi/resource/09/090000042700.html"
"geoshape-nrct-poi:090000043000","大桶古墳群","栃木県 那須烏山市 大桶","","https://geoshape.ex.nii.ac.jp/nrct-poi/resource/09/090000043000.html"
"geoshape-nrct-poi:090000044300","三百目遺跡","栃木県 那須烏山市 藤田","","https://geoshape.ex.nii.ac.jp/nrct-poi/resource/09/090000044300.html"
"geoshape-nrct-poi:090000044700","長者ヶ平遺跡","栃木県 那須烏山市 鴻野山","","https://geoshape.ex.nii.ac.jp/nrct-poi/resource/09/090000044700.html"
"geoshape-nrct-poi:090000045300","安楽寺","栃木県 芳賀郡茂木町 大字北高岡425番地","","https://geoshape.ex.nii.ac.jp/nrct-poi/resource/09/090000045300.html"
"geoshape-nrct-poi:090000046300","森田城跡","栃木県 那須郡那須町 大字寺子丙","","https://geoshape.ex.nii.ac.jp/nrct-poi/resource/09/090000046300.html"
"geoshape-nrct-poi:090000046400","芳朝寺","栃木県 那須烏山市 森田389番地","","https://geoshape.ex.nii.ac.jp/nrct-poi/resource/09/090000046400.html"
"geoshape-nrct-poi:090000046600","岩穴横穴群","栃木県 那須烏山市 曲田","","https://geoshape.ex.nii.ac.jp/nrct-poi/resource/09/090000046600.html"
"geoshape-nrct-poi:090000047300","嶽山箒根神社","栃木県 塩谷郡塩谷町 大字上沢318番地","","https://geoshape.ex.nii.ac.jp/nrct-poi/resource/09/090000047300.html"
"geoshape-nrct-poi:090000047400","玉養寺","栃木県 那須塩原市 宇都野1101番地","","https://geoshape.ex.nii.ac.jp/nrct-poi/resource/09/090000047400.html"
"geoshape-nrct-poi:090000047500","宇都野遺跡","栃木県 那須塩原市 宇都野","","https://geoshape.ex.nii.ac.jp/nrct-poi/resource/09/090000047500.html"
"geoshape-nrct-poi:090000047700","要金寺","栃木県 那須塩原市 金沢787番地","","https://geoshape.ex.nii.ac.jp/nrct-poi/resource/09/090000047700.html"
"geoshape-nrct-poi:090000048800","妙雲寺","栃木県 那須塩原市 塩原665番地","","https://geoshape.ex.nii.ac.jp/nrct-poi/resource/09/090000048800.html"
"geoshape-nrct-poi:090000055500","光徳寺","栃木県 那須塩原市 百村2034番地","","https://geoshape.ex.nii.ac.jp/nrct-poi/resource/09/090000055500.html"
"geoshape-nrct-poi:090000058000","大田原城跡","栃木県 大田原市 城山二丁目","","https://geoshape.ex.nii.ac.jp/nrct-poi/resource/09/090000058000.html"
"geoshape-nrct-poi:090000058300","大田原神社","栃木県 大田原市 山の手二丁目2039番地","","https://geoshape.ex.nii.ac.jp/nrct-poi/resource/09/090000058300.html"
"geoshape-nrct-poi:090000058400","龍泉寺","栃木県 日光市 足尾町2620番地1","","https://geoshape.ex.nii.ac.jp/nrct-poi/resource/09/090000058400.html"
"geoshape-nrct-poi:090000058500","光真寺","栃木県 大田原市 山の手二丁目11番14号","","https://geoshape.ex.nii.ac.jp/nrct-poi/resource/09/090000058500.html"
"geoshape-nrct-poi:090000058600","正法寺","栃木県 芳賀郡益子町 大字七井56番地","","https://geoshape.ex.nii.ac.jp/nrct-poi/resource/09/090000058600.html"
"geoshape-nrct-poi:090000058800","不退寺","栃木県 大田原市 奥沢大字366番地","","https://geoshape.ex.nii.ac.jp/nrct-poi/resource/09/090000058800.html"
"geoshape-nrct-poi:090000059000","真子遺跡","栃木県 大田原市 若草二丁目","","https://geoshape.ex.nii.ac.jp/nrct-poi/resource/09/090000059000.html"
"geoshape-nrct-poi:090000060600","羽田長者ヶ平遺跡","栃木県 大田原市 羽田","","https://geoshape.ex.nii.ac.jp/nrct-poi/resource/09/090000060600.html"
"geoshape-nrct-poi:090000061000","湯坂遺跡","栃木県 大田原市 北金丸","","https://geoshape.ex.nii.ac.jp/nrct-poi/resource/09/090000061000.html"
"geoshape-nrct-poi:090000061200","那須神社","栃木県 大田原市 南金丸1628番地","","https://geoshape.ex.nii.ac.jp/nrct-poi/resource/09/090000061200.html"
"geoshape-nrct-poi:090000064700","佐久山城跡","栃木県 大田原市 佐久山","","https://geoshape.ex.nii.ac.jp/nrct-poi/resource/09/090000064700.html"
"geoshape-nrct-poi:090000064800","実相院","栃木県 大田原市 佐久山2244番地","","https://geoshape.ex.nii.ac.jp/nrct-poi/resource/09/090000064800.html"
"geoshape-nrct-poi:090000064900","正浄寺","栃木県 大田原市 佐久山1301番地","","https://geoshape.ex.nii.ac.jp/nrct-poi/resource/09/090000064900.html"
"geoshape-nrct-poi:090000065300","福原城跡","栃木県 大田原市 福原","","https://geoshape.ex.nii.ac.jp/nrct-poi/resource/09/090000065300.html"
"geoshape-nrct-poi:090000065400","福原八幡宮","栃木県 大田原市 福原1125番地","","https://geoshape.ex.nii.ac.jp/nrct-poi/resource/09/090000065400.html"
"geoshape-nrct-poi:090000065500","金剛寿院","栃木県 大田原市 福原大字1127番地","","https://geoshape.ex.nii.ac.jp/nrct-poi/resource/09/090000065500.html"
"geoshape-nrct-poi:090000065600","玄性寺","栃木県 大田原市 福原361番地","","https://geoshape.ex.nii.ac.jp/nrct-poi/resource/09/090000065600.html"
"geoshape-nrct-poi:090000065700","永興寺","栃木県 大田原市 福原283番地","","https://geoshape.ex.nii.ac.jp/nrct-poi/resource/09/090000065700.html"
"geoshape-nrct-poi:090000067200","黒部遺跡","栃木県 日光市 黒部","","https://geoshape.ex.nii.ac.jp/nrct-poi/resource/09/090000067200.html"
"geoshape-nrct-poi:090000068500","三依小学校敷地内遺跡","栃木県 日光市 中三依","","https://geoshape.ex.nii.ac.jp/nrct-poi/resource/09/090000068500.html"
"geoshape-nrct-poi:090000068600","中棒遺跡","栃木県 日光市 中三依","","https://geoshape.ex.nii.ac.jp/nrct-poi/resource/09/090000068600.html"
"geoshape-nrct-poi:090000070500","佐貫石仏","栃木県 塩谷郡塩谷町 大字佐貫","","https://geoshape.ex.nii.ac.jp/nrct-poi/resource/09/090000070500.html"
"geoshape-nrct-poi:100000020900","鏡石古墳","群馬県 利根郡昭和村 大字川額","","https://geoshape.ex.nii.ac.jp/nrct-poi/resource/10/100000020900.html"
"geoshape-nrct-poi:100000021100","森下古墳群","群馬県 利根郡昭和村 大字森下","","https://geoshape.ex.nii.ac.jp/nrct-poi/resource/10/100000021100.html"
"geoshape-nrct-poi:100000021400","長慶寺","群馬県 太田市 新田上田中町甲154番地","","https://geoshape.ex.nii.ac.jp/nrct-poi/resource/10/100000021400.html"
"geoshape-nrct-poi:100000021500","中棚遺跡","群馬県 利根郡昭和村 大字糸井","","https://geoshape.ex.nii.ac.jp/nrct-poi/resource/10/100000021500.html"
"geoshape-nrct-poi:100000021600","糸井宮前遺跡","群馬県 利根郡昭和村 大字糸井","","https://geoshape.ex.nii.ac.jp/nrct-poi/resource/10/100000021600.html"
"geoshape-nrct-poi:100000025100","高野原遺跡","群馬県 利根郡川場村 大字生品","","https://geoshape.ex.nii.ac.jp/nrct-poi/resource/10/100000025100.html"
"geoshape-nrct-poi:100000025900","吉祥寺","群馬県 太田市 下浜田町甲下浜田町760番地","","https://geoshape.ex.nii.ac.jp/nrct-poi/resource/10/100000025900.html"
"geoshape-nrct-poi:100000028100","戸倉関所跡","群馬県 利根郡片品村 大字戸倉","","https://geoshape.ex.nii.ac.jp/nrct-poi/resource/10/100000028100.html"
"geoshape-nrct-poi:100000028200","根羽沢鉱山跡","群馬県 利根郡片品村 大字戸倉","","https://geoshape.ex.nii.ac.jp/nrct-poi/resource/10/100000028200.html"
"geoshape-nrct-poi:100000028800","乾田遺跡","群馬県 利根郡みなかみ町 小仁田","","https://geoshape.ex.nii.ac.jp/nrct-poi/resource/10/100000028800.html"
"geoshape-nrct-poi:100000029900","大穴石器時代住居跡","群馬県 利根郡みなかみ町 大穴","","https://geoshape.ex.nii.ac.jp/nrct-poi/resource/10/100000029900.html"
"geoshape-nrct-poi:100000031100","後田遺跡・師遺跡","群馬県 利根郡みなかみ町 月夜野","","https://geoshape.ex.nii.ac.jp/nrct-poi/resource/10/100000031100.html"
"geoshape-nrct-poi:100000031300","八束脛洞窟遺跡","群馬県 利根郡みなかみ町 後閑","","https://geoshape.ex.nii.ac.jp/nrct-poi/resource/10/100000031300.html"
"geoshape-nrct-poi:100000031500","玉泉寺","群馬県 前橋市 上泉町952番地1","","https://geoshape.ex.nii.ac.jp/nrct-poi/resource/10/100000031500.html"
"geoshape-nrct-poi:100000032200","小川城跡","群馬県 利根郡みなかみ町 月夜野","","https://geoshape.ex.nii.ac.jp/nrct-poi/resource/10/100000032200.html"
"geoshape-nrct-poi:100000032300","梨の木平遺跡","群馬県 利根郡みなかみ町 月夜野","","https://geoshape.ex.nii.ac.jp/nrct-poi/resource/10/100000032300.html"
"geoshape-nrct-poi:100000032400","深沢遺跡","群馬県 利根郡みなかみ町 月夜野","","https://geoshape.ex.nii.ac.jp/nrct-poi/resource/10/100000032400.html"
"geoshape-nrct-poi:100000032500","矢瀬遺跡","群馬県 利根郡みなかみ町 月夜野","","https://geoshape.ex.nii.ac.jp/nrct-poi/resource/10/100000032500.html"
"geoshape-nrct-poi:100000032600","洞窯跡","群馬県 利根郡みなかみ町 月夜野","","https://geoshape.ex.nii.ac.jp/nrct-poi/resource/10/100000032600.html"
"geoshape-nrct-poi:100000032700","藪田東遺跡","群馬県 利根郡みなかみ町 月夜野","","https://geoshape.ex.nii.ac.jp/nrct-poi/resource/10/100000032700.html"
"geoshape-nrct-poi:110000025900","法光寺","埼玉県 さいたま市 西区西大宮四丁目61番地","","https://geoshape.ex.nii.ac.jp/nrct-poi/resource/11/110000025900.html"
"geoshape-nrct-poi:110000026100","小室陣屋跡","埼玉県 上尾市 大字上尾下","","https://geoshape.ex.nii.ac.jp/nrct-poi/resource/11/110000026100.html"
"geoshape-nrct-poi:110000026200","大山遺跡","埼玉県 北足立郡伊奈町 大字小室","","https://geoshape.ex.nii.ac.jp/nrct-poi/resource/11/110000026200.html"
"geoshape-nrct-poi:110000026400","無量寺","埼玉県 深谷市 宮ケ谷戸151番地","","https://geoshape.ex.nii.ac.jp/nrct-poi/resource/11/110000026400.html"
"geoshape-nrct-poi:110000027200","永勝寺","埼玉県 鴻巣市 北新宿1114番地","","https://geoshape.ex.nii.ac.jp/nrct-poi/resource/11/110000027200.html"
"geoshape-nrct-poi:110000029300","玉蔵院","埼玉県 三郷市 天神一丁目59番地","","https://geoshape.ex.nii.ac.jp/nrct-poi/resource/11/110000029300.html"
"geoshape-nrct-poi:110000029500","調神社","埼玉県 さいたま市 浦和区岸町三丁目17番25号","","https://geoshape.ex.nii.ac.jp/nrct-poi/resource/11/110000029500.html"
"geoshape-nrct-poi:110000029800","蓮昌寺","埼玉県 さいたま市 浦和区駒場二丁目3番7号","","https://geoshape.ex.nii.ac.jp/nrct-poi/resource/11/110000029800.html"
"geoshape-nrct-poi:110000030200","廓信寺","埼玉県 さいたま市 浦和区北浦和三丁目15番22号","","https://geoshape.ex.nii.ac.jp/nrct-poi/resource/11/110000030200.html"
"geoshape-nrct-poi:110000030800","氷川女体神社","埼玉県 さいたま市 緑区宮本二丁目17番","","https://geoshape.ex.nii.ac.jp/nrct-poi/resource/11/110000030800.html"
"geoshape-nrct-poi:110000030900","馬場小室山遺跡・馬場北遺跡","埼玉県 さいたま市緑区 大字三室","","https://geoshape.ex.nii.ac.jp/nrct-poi/resource/11/110000030900.html"
"geoshape-nrct-poi:110000031300","国昌寺","埼玉県 さいたま市 緑区大字大崎2378番地","","https://geoshape.ex.nii.ac.jp/nrct-poi/resource/11/110000031300.html"
"geoshape-nrct-poi:110000033800","吉祥寺","埼玉県 坂戸市 大字東和田218番地","","https://geoshape.ex.nii.ac.jp/nrct-poi/resource/11/110000033800.html"
"geoshape-nrct-poi:110000033900","玉林院跡","埼玉県 さいたま市浦和区 領家一丁目","","https://geoshape.ex.nii.ac.jp/nrct-poi/resource/11/110000033900.html"
"geoshape-nrct-poi:110000034600","大谷場貝塚","埼玉県 さいたま市南区 大谷場一丁目","","https://geoshape.ex.nii.ac.jp/nrct-poi/resource/11/110000034600.html"
"geoshape-nrct-poi:110000039100","錫杖寺","埼玉県 川口市 本町二丁目4番37号","","https://geoshape.ex.nii.ac.jp/nrct-poi/resource/11/110000039100.html"
"geoshape-nrct-poi:110000039200","善光寺","埼玉県 川口市 舟戸町1番29号","","https://geoshape.ex.nii.ac.jp/nrct-poi/resource/11/110000039200.html"
"geoshape-nrct-poi:110000040400","宗信寺","埼玉県 川口市 上青木二丁目31番8号","","https://geoshape.ex.nii.ac.jp/nrct-poi/resource/11/110000040400.html"
"geoshape-nrct-poi:110000040700","羽尽神社","埼玉県 川口市 大字芝5379番地","","https://geoshape.ex.nii.ac.jp/nrct-poi/resource/11/110000040700.html"
"geoshape-nrct-poi:110000040800","長徳寺","埼玉県 川越市 仙波町三丁目31番","","https://geoshape.ex.nii.ac.jp/nrct-poi/resource/11/110000040800.html"
"geoshape-nrct-poi:110000041500","妙蔵寺","埼玉県 川口市 大字安行領根岸1809番地","","https://geoshape.ex.nii.ac.jp/nrct-poi/resource/11/110000041500.html"
"geoshape-nrct-poi:110000042200","赤山陣屋跡","埼玉県 川口市 大字赤山","","https://geoshape.ex.nii.ac.jp/nrct-poi/resource/11/110000042200.html"
"geoshape-nrct-poi:110000042600","石神貝塚","埼玉県 川口市 大字石神","","https://geoshape.ex.nii.ac.jp/nrct-poi/resource/11/110000042600.html"
"geoshape-nrct-poi:110000044100","猿貝貝塚","埼玉県 川口市 大字安行","","https://geoshape.ex.nii.ac.jp/nrct-poi/resource/11/110000044100.html"
"geoshape-nrct-poi:110000045200","峯ヶ岡八幡神社","埼玉県 川口市 大字峯1304番地","","https://geoshape.ex.nii.ac.jp/nrct-poi/resource/11/110000045200.html"
"geoshape-nrct-poi:110000045300","新光寺","埼玉県 所沢市 宮本町一丁目7番3号","","https://geoshape.ex.nii.ac.jp/nrct-poi/resource/11/110000045300.html"
"geoshape-nrct-poi:110000045400","新郷古墳群","埼玉県 川口市 大字峯","","https://geoshape.ex.nii.ac.jp/nrct-poi/resource/11/110000045400.html"
"geoshape-nrct-poi:110000051800","東漸院","埼玉県 草加市 柿木町1286番地","","https://geoshape.ex.nii.ac.jp/nrct-poi/resource/11/110000051800.html"
"geoshape-nrct-poi:110000052700","三学院","埼玉県 蕨市 北町三丁目2番4号","","https://geoshape.ex.nii.ac.jp/nrct-poi/resource/11/110000052700.html"
"geoshape-nrct-poi:110000053800","鍛冶谷・新田口遺跡","埼玉県 戸田市 上戸田五丁目","","https://geoshape.ex.nii.ac.jp/nrct-poi/resource/11/110000053800.html"
"geoshape-nrct-poi:110000054000","妙顕寺","埼玉県 戸田市 大字新曽2438番地","","https://geoshape.ex.nii.ac.jp/nrct-poi/resource/11/110000054000.html"
"geoshape-nrct-poi:110000054600","八幡社","埼玉県 さいたま市 岩槻区古ケ場510番地","","https://geoshape.ex.nii.ac.jp/nrct-poi/resource/11/110000054600.html"
"geoshape-nrct-poi:110000055500","長伝寺","埼玉県 さいたま市 中央区本町東五丁目13番13号","","https://geoshape.ex.nii.ac.jp/nrct-poi/resource/11/110000055500.html"
"geoshape-nrct-poi:110000055600","圓乘院","埼玉県 さいたま市 中央区本町西一丁目13番10号","","https://geoshape.ex.nii.ac.jp/nrct-poi/resource/11/110000055600.html"
"geoshape-nrct-poi:110000056400","妙行寺","埼玉県 さいたま市 中央区鈴谷四丁目15番2号","","https://geoshape.ex.nii.ac.jp/nrct-poi/resource/11/110000056400.html"
"geoshape-nrct-poi:110000057700","大宮鉄道工場","埼玉県 さいたま市大宮区 錦町","","https://geoshape.ex.nii.ac.jp/nrct-poi/resource/11/110000057700.html"
"geoshape-nrct-poi:110000058100","東光寺","埼玉県 さいたま市 大宮区宮町三丁目6番地","","https://geoshape.ex.nii.ac.jp/nrct-poi/resource/11/110000058100.html"
"geoshape-nrct-poi:110000058400","寿能泥炭層遺跡","埼玉県 さいたま市大宮区 寿能町二丁目","","https://geoshape.ex.nii.ac.jp/nrct-poi/resource/11/110000058400.html"
"geoshape-nrct-poi:110000059000","氷川神社","埼玉県 さいたま市 大宮区高鼻町一丁目407番地","","https://geoshape.ex.nii.ac.jp/nrct-poi/resource/11/110000059000.html"
"geoshape-nrct-poi:110000059500","大宮公園内遺跡","埼玉県 さいたま市大宮区 高鼻町四丁目","","https://geoshape.ex.nii.ac.jp/nrct-poi/resource/11/110000059500.html"
"geoshape-nrct-poi:110000060100","普門院","埼玉県 さいたま市 大宮区大成町二丁目402番地","","https://geoshape.ex.nii.ac.jp/nrct-poi/resource/11/110000060100.html"
"geoshape-nrct-poi:110000060600","金剛院","埼玉県 加須市 根古屋485番地","","https://geoshape.ex.nii.ac.jp/nrct-poi/resource/11/110000060600.html"
"geoshape-nrct-poi:110000060700","下加遺跡","埼玉県 さいたま市北区 日進町一丁目","","https://geoshape.ex.nii.ac.jp/nrct-poi/resource/11/110000060700.html"
"geoshape-nrct-poi:110000061300","側ヶ谷戸貝塚・側ヶ谷戸古墳群","埼玉県 さいたま市大宮区 三橋四丁目","","https://geoshape.ex.nii.ac.jp/nrct-poi/resource/11/110000061300.html"
"geoshape-nrct-poi:110000061500","林光寺","埼玉県 さいたま市 西区大字植田谷本504番地","","https://geoshape.ex.nii.ac.jp/nrct-poi/resource/11/110000061500.html"
"geoshape-nrct-poi:110000061600","植水古墳群","埼玉県 さいたま市西区 大字中野林","","https://geoshape.ex.nii.ac.jp/nrct-poi/resource/11/110000061600.html"
"geoshape-nrct-poi:110000062200","慈眼寺","埼玉県 狭山市 入間川一丁目9番37号","","https://geoshape.ex.nii.ac.jp/nrct-poi/resource/11/110000062200.html"
"geoshape-nrct-poi:110000063600","妙玖寺","埼玉県 さいたま市 西区大字中釘1218番地","","https://geoshape.ex.nii.ac.jp/nrct-poi/resource/11/110000063600.html"
"geoshape-nrct-poi:110000064400","清河寺","埼玉県 さいたま市 西区大字清河寺792番地","","https://geoshape.ex.nii.ac.jp/nrct-poi/resource/11/110000064400.html"
"geoshape-nrct-poi:110000065100","奈良瀬戸遺跡","埼玉県 さいたま市北区 奈良町","","https://geoshape.ex.nii.ac.jp/nrct-poi/resource/11/110000065100.html"
"geoshape-nrct-poi:110000067600","正覚院跡","埼玉県 さいたま市大宮区 宮町一丁目","","https://geoshape.ex.nii.ac.jp/nrct-poi/resource/11/110000067600.html"
"geoshape-nrct-poi:110000067700","常泉寺","埼玉県 さいたま市 見沼区大字染谷三丁目242番地","","https://geoshape.ex.nii.ac.jp/nrct-poi/resource/11/110000067700.html"
"geoshape-nrct-poi:110000068000","万年寺","埼玉県 さいたま市 見沼区大字片柳一丁目155番地","","https://geoshape.ex.nii.ac.jp/nrct-poi/resource/11/110000068000.html"
"geoshape-nrct-poi:110000069600","氷川鍬神社","埼玉県 上尾市 宮本町1番","","https://geoshape.ex.nii.ac.jp/nrct-poi/resource/11/110000069600.html"
"geoshape-nrct-poi:110000069800","遍照院","埼玉県 上尾市 上町一丁目6番6号","","https://geoshape.ex.nii.ac.jp/nrct-poi/resource/11/110000069800.html"
"geoshape-nrct-poi:110000070600","十連寺","埼玉県 上尾市 大字今泉2番地","","https://geoshape.ex.nii.ac.jp/nrct-poi/resource/11/110000070600.html"
"geoshape-nrct-poi:110000071800","薬師耕地前遺跡","埼玉県 上尾市 大字西貝塚","","https://geoshape.ex.nii.ac.jp/nrct-poi/resource/11/110000071800.html"
"geoshape-nrct-poi:110000072100","八枝神社","埼玉県 上尾市 大字平方488番地","","https://geoshape.ex.nii.ac.jp/nrct-poi/resource/11/110000072100.html"
"geoshape-nrct-poi:110000072300","西通I遺跡","埼玉県 上尾市 大字小敷谷","","https://geoshape.ex.nii.ac.jp/nrct-poi/resource/11/110000072300.html"
"geoshape-nrct-poi:110000072500","徳星寺","埼玉県 上尾市 大字畔吉751番地","","https://geoshape.ex.nii.ac.jp/nrct-poi/resource/11/110000072500.html"
"geoshape-nrct-poi:110000072900","密厳院","埼玉県 上尾市 藤波二丁目196番地","","https://geoshape.ex.nii.ac.jp/nrct-poi/resource/11/110000072900.html"
"geoshape-nrct-poi:110000075000","尾山台遺跡","埼玉県 上尾市 大字瓦葺","","https://geoshape.ex.nii.ac.jp/nrct-poi/resource/11/110000075000.html"
"geoshape-nrct-poi:110000076000","高井遺跡・高井北遺跡","埼玉県 桶川市 上日出谷南三丁目","","https://geoshape.ex.nii.ac.jp/nrct-poi/resource/11/110000076000.html"
"geoshape-nrct-poi:110000076100","高井東遺跡","埼玉県 桶川市 大字下日出谷","","https://geoshape.ex.nii.ac.jp/nrct-poi/resource/11/110000076100.html"
"geoshape-nrct-poi:110000076500","川田谷古墳群","埼玉県 桶川市 大字川田谷","","https://geoshape.ex.nii.ac.jp/nrct-poi/resource/11/110000076500.html"
"geoshape-nrct-poi:110000076600","三ッ木城跡","埼玉県 桶川市 大字川田谷","","https://geoshape.ex.nii.ac.jp/nrct-poi/resource/11/110000076600.html"
"geoshape-nrct-poi:110000076700","泉福寺","埼玉県 桶川市 大字川田谷2012番地","","https://geoshape.ex.nii.ac.jp/nrct-poi/resource/11/110000076700.html"
"geoshape-nrct-poi:110000076900","熊野神社古墳","埼玉県 桶川市 大字川田谷","","https://geoshape.ex.nii.ac.jp/nrct-poi/resource/11/110000076900.html"
"geoshape-nrct-poi:110000077100","本学院","埼玉県 桶川市 大字坂田1590番地","","https://geoshape.ex.nii.ac.jp/nrct-poi/resource/11/110000077100.html"
"geoshape-nrct-poi:110000077200","蓮花院跡","埼玉県 桶川市 大字坂田","","https://geoshape.ex.nii.ac.jp/nrct-poi/resource/11/110000077200.html"
"geoshape-nrct-poi:110000077500","後谷遺跡","埼玉県 桶川市 赤堀二丁目","","https://geoshape.ex.nii.ac.jp/nrct-poi/resource/11/110000077500.html"
"geoshape-nrct-poi:110000077600","加納城跡","埼玉県 桶川市 大字加納","","https://geoshape.ex.nii.ac.jp/nrct-poi/resource/11/110000077600.html"
"geoshape-nrct-poi:110000078200","明星院","埼玉県 桶川市 大字倉田150番地","","https://geoshape.ex.nii.ac.jp/nrct-poi/resource/11/110000078200.html"
"geoshape-nrct-poi:110000079300","寿命院","埼玉県 北本市 深井四丁目55番地","","https://geoshape.ex.nii.ac.jp/nrct-poi/resource/11/110000079300.html"
"geoshape-nrct-poi:110000079500","上手遺跡","埼玉県 北本市 古市場一丁目","","https://geoshape.ex.nii.ac.jp/nrct-poi/resource/11/110000079500.html"
"geoshape-nrct-poi:110000080200","宮岡氷川神社前遺跡","埼玉県 北本市 高尾八丁目","","https://geoshape.ex.nii.ac.jp/nrct-poi/resource/11/110000080200.html"
"geoshape-nrct-poi:110000080500","八重塚古墳群","埼玉県 北本市 荒井三丁目","","https://geoshape.ex.nii.ac.jp/nrct-poi/resource/11/110000080500.html"
"geoshape-nrct-poi:110000080800","石戸城跡","埼玉県 北本市 石戸宿六丁目","","https://geoshape.ex.nii.ac.jp/nrct-poi/resource/11/110000080800.html"
"geoshape-nrct-poi:110000081600","中三谷遺跡","埼玉県 鴻巣市 鴻巣","","https://geoshape.ex.nii.ac.jp/nrct-poi/resource/11/110000081600.html"
"geoshape-nrct-poi:110000081700","新屋敷遺跡","埼玉県 鴻巣市 東四丁目","","https://geoshape.ex.nii.ac.jp/nrct-poi/resource/11/110000081700.html"
"geoshape-nrct-poi:110000081800","勝願寺","埼玉県 鴻巣市 登戸378番地","","https://geoshape.ex.nii.ac.jp/nrct-poi/resource/11/110000081800.html"
"geoshape-nrct-poi:110000082100","生出塚埴輪窯跡群・生出塚古墳群","埼玉県 鴻巣市 東三丁目","","https://geoshape.ex.nii.ac.jp/nrct-poi/resource/11/110000082100.html"
"geoshape-nrct-poi:110000082700","大行院跡","埼玉県 鴻巣市 下谷","","https://geoshape.ex.nii.ac.jp/nrct-poi/resource/11/110000082700.html"
"geoshape-nrct-poi:110000083200","馬室古墳群","埼玉県 鴻巣市 滝馬室","","https://geoshape.ex.nii.ac.jp/nrct-poi/resource/11/110000083200.html"
"geoshape-nrct-poi:110000083300","常勝寺","埼玉県 鴻巣市 滝馬室586番地","","https://geoshape.ex.nii.ac.jp/nrct-poi/resource/11/110000083300.html"
"geoshape-nrct-poi:110000083500","赤台遺跡・馬室埴輪窯跡群","埼玉県 鴻巣市 原馬室","","https://geoshape.ex.nii.ac.jp/nrct-poi/resource/11/110000083500.html"
"geoshape-nrct-poi:110000083700","伝源経基館跡","埼玉県 鴻巣市 大間","","https://geoshape.ex.nii.ac.jp/nrct-poi/resource/11/110000083700.html"
"geoshape-nrct-poi:110000084400","箕田古墳群","埼玉県 鴻巣市 箕田","","https://geoshape.ex.nii.ac.jp/nrct-poi/resource/11/110000084400.html"
"geoshape-nrct-poi:110000084500","龍昌寺","埼玉県 鴻巣市 箕田2096番地","","https://geoshape.ex.nii.ac.jp/nrct-poi/resource/11/110000084500.html"
"geoshape-nrct-poi:110000086500","吹上貝塚","埼玉県 和光市 白子三丁目","","https://geoshape.ex.nii.ac.jp/nrct-poi/resource/11/110000086500.html"
"geoshape-nrct-poi:110000086600","妙典寺","埼玉県 和光市 大字下新倉四丁目13番","","https://geoshape.ex.nii.ac.jp/nrct-poi/resource/11/110000086600.html"
"geoshape-nrct-poi:110000086800","午王山遺跡","埼玉県 和光市 新倉三丁目","","https://geoshape.ex.nii.ac.jp/nrct-poi/resource/11/110000086800.html"
"geoshape-nrct-poi:110000088000","台の城山遺跡","埼玉県 朝霞市 大字台","","https://geoshape.ex.nii.ac.jp/nrct-poi/resource/11/110000088000.html"
"geoshape-nrct-poi:110000089200","普光明寺","埼玉県 新座市 大和田四丁目13番30号","","https://geoshape.ex.nii.ac.jp/nrct-poi/resource/11/110000089200.html"
"geoshape-nrct-poi:110000089500","平林寺","埼玉県 新座市 野火止三丁目1番","","https://geoshape.ex.nii.ac.jp/nrct-poi/resource/11/110000089500.html"
"geoshape-nrct-poi:110000090400","嵯峨山遺跡","埼玉県 新座市 堀ノ内三丁目","","https://geoshape.ex.nii.ac.jp/nrct-poi/resource/11/110000090400.html"
"geoshape-nrct-poi:110000090500","市場坂遺跡","埼玉県 新座市 新塚","","https://geoshape.ex.nii.ac.jp/nrct-poi/resource/11/110000090500.html"
"geoshape-nrct-poi:110000092000","柏の城跡","埼玉県 志木市 柏町3丁目2-1","","https://geoshape.ex.nii.ac.jp/nrct-poi/resource/11/110000092000.html"
"geoshape-nrct-poi:110000092100","西原大塚遺跡","埼玉県 志木市 幸町三丁目","","https://geoshape.ex.nii.ac.jp/nrct-poi/resource/11/110000092100.html"
"geoshape-nrct-poi:110000093400","本村遺跡","埼玉県 ふじみ野市 大井","","https://geoshape.ex.nii.ac.jp/nrct-poi/resource/11/110000093400.html"
"geoshape-nrct-poi:110000094300","多福寺","埼玉県 入間郡三芳町 大字上富1542番地","","https://geoshape.ex.nii.ac.jp/nrct-poi/resource/11/110000094300.html"
"geoshape-nrct-poi:110000095300","出雲伊波比神社","埼玉県 入間郡毛呂山町 岩井西五丁目17番地1","","https://geoshape.ex.nii.ac.jp/nrct-poi/resource/11/110000095300.html"
"geoshape-nrct-poi:110000095600","山本坊跡","埼玉県 入間郡毛呂山町 大字西戸","","https://geoshape.ex.nii.ac.jp/nrct-poi/resource/11/110000095600.html"
"geoshape-nrct-poi:110000095700","西戸古墳群","埼玉県 入間郡毛呂山町 大字川角","","https://geoshape.ex.nii.ac.jp/nrct-poi/resource/11/110000095700.html"
"geoshape-nrct-poi:110000095900","川角古墳群","埼玉県 入間郡毛呂山町 大字川角","","https://geoshape.ex.nii.ac.jp/nrct-poi/resource/11/110000095900.html"
"geoshape-nrct-poi:110000096000","堂山下遺跡","埼玉県 入間郡毛呂山町 大字川角","","https://geoshape.ex.nii.ac.jp/nrct-poi/resource/11/110000096000.html"
"geoshape-nrct-poi:110000096200","苦林古墳群","埼玉県 入間郡毛呂山町 大字大類","","https://geoshape.ex.nii.ac.jp/nrct-poi/resource/11/110000096200.html"
"geoshape-nrct-poi:110000096900","竜谷山城跡","埼玉県 入間郡毛呂山町 大字滝ノ入","","https://geoshape.ex.nii.ac.jp/nrct-poi/resource/11/110000096900.html"
"geoshape-nrct-poi:110000097800","法恩寺","埼玉県 入間郡越生町 大字越生704番地","","https://geoshape.ex.nii.ac.jp/nrct-poi/resource/11/110000097800.html"
"geoshape-nrct-poi:110000098000","大宮神社","埼玉県 入間郡越生町 大字上野1732番地","","https://geoshape.ex.nii.ac.jp/nrct-poi/resource/11/110000098000.html"
"geoshape-nrct-poi:120000021900","亥鼻城跡","千葉県 千葉市中央区 亥鼻一丁目","","https://geoshape.ex.nii.ac.jp/nrct-poi/resource/12/120000021900.html"
"geoshape-nrct-poi:120000022000","千葉神社","千葉県 千葉市 中央区院内一丁目16番","","https://geoshape.ex.nii.ac.jp/nrct-poi/resource/12/120000022000.html"
"geoshape-nrct-poi:120000022500","登渡神社","千葉県 千葉市 中央区登戸三丁目3番8号","","https://geoshape.ex.nii.ac.jp/nrct-poi/resource/12/120000022500.html"
"geoshape-nrct-poi:120000022600","鷲塚古墳","千葉県 千葉市中央区 新千葉三丁目","","https://geoshape.ex.nii.ac.jp/nrct-poi/resource/12/120000022600.html"
"geoshape-nrct-poi:120000023000","寒川神社","千葉県 千葉市 中央区寒川町一丁目123番地","","https://geoshape.ex.nii.ac.jp/nrct-poi/resource/12/120000023000.html"
"geoshape-nrct-poi:120000023200","千葉寺","千葉県 千葉市 中央区千葉寺町161番地","","https://geoshape.ex.nii.ac.jp/nrct-poi/resource/12/120000023200.html"
"geoshape-nrct-poi:120000023300","千葉寺廃寺","千葉県 千葉市中央区 千葉寺町","","https://geoshape.ex.nii.ac.jp/nrct-poi/resource/12/120000023300.html"
"geoshape-nrct-poi:120000023400","荒久遺跡","千葉県 千葉市中央区 青葉町","","https://geoshape.ex.nii.ac.jp/nrct-poi/resource/12/120000023400.html"
"geoshape-nrct-poi:120000023500","荒久古墳","千葉県 千葉市中央区 青葉町","","https://geoshape.ex.nii.ac.jp/nrct-poi/resource/12/120000023500.html"
"geoshape-nrct-poi:120000023900","矢作貝塚","千葉県 千葉市中央区 矢作町","","https://geoshape.ex.nii.ac.jp/nrct-poi/resource/12/120000023900.html"
"geoshape-nrct-poi:120000024100","宝導寺台貝塚","千葉県 千葉市中央区 都町一丁目","","https://geoshape.ex.nii.ac.jp/nrct-poi/resource/12/120000024100.html"
"geoshape-nrct-poi:120000024300","星久喜遺跡","千葉県 千葉市中央区 星久喜町","","https://geoshape.ex.nii.ac.jp/nrct-poi/resource/12/120000024300.html"
"geoshape-nrct-poi:120000024500","月ノ木貝塚","千葉県 千葉市中央区 仁戸名町","","https://geoshape.ex.nii.ac.jp/nrct-poi/resource/12/120000024500.html"
"geoshape-nrct-poi:120000024800","谷津遺跡","千葉県 千葉市中央区 花輪町","","https://geoshape.ex.nii.ac.jp/nrct-poi/resource/12/120000024800.html"
"geoshape-nrct-poi:120000025100","西の花遺跡","千葉県 千葉市中央区 大森町","","https://geoshape.ex.nii.ac.jp/nrct-poi/resource/12/120000025100.html"
"geoshape-nrct-poi:120000025300","大北遺跡","千葉県 千葉市中央区 宮崎町","","https://geoshape.ex.nii.ac.jp/nrct-poi/resource/12/120000025300.html"
"geoshape-nrct-poi:120000025700","蘇我比咩神社","千葉県 千葉市 中央区蘇我二丁目2番","","https://geoshape.ex.nii.ac.jp/nrct-poi/resource/12/120000025700.html"
"geoshape-nrct-poi:120000026200","大巌寺","千葉県 千葉市 中央区大巌寺町180番地","","https://geoshape.ex.nii.ac.jp/nrct-poi/resource/12/120000026200.html"
"geoshape-nrct-poi:120000026400","生実城跡","千葉県 千葉市中央区 生実町","","https://geoshape.ex.nii.ac.jp/nrct-poi/resource/12/120000026400.html"
"geoshape-nrct-poi:120000026500","生実藩陣屋跡","千葉県 千葉市中央区 生実町","","https://geoshape.ex.nii.ac.jp/nrct-poi/resource/12/120000026500.html"
"geoshape-nrct-poi:120000026600","大覚寺山古墳","千葉県 千葉市中央区 生実町","","https://geoshape.ex.nii.ac.jp/nrct-poi/resource/12/120000026600.html"
"geoshape-nrct-poi:120000026700","七廻塚古墳","千葉県 千葉市中央区 生実町","","https://geoshape.ex.nii.ac.jp/nrct-poi/resource/12/120000026700.html"
"geoshape-nrct-poi:120000026800","高沢遺跡","千葉県 千葉市中央区 生実町","","https://geoshape.ex.nii.ac.jp/nrct-poi/resource/12/120000026800.html"
"geoshape-nrct-poi:120000027000","小弓城跡","千葉県 千葉市中央区 南生実町","","https://geoshape.ex.nii.ac.jp/nrct-poi/resource/12/120000027000.html"
"geoshape-nrct-poi:120000027100","上赤塚一号墳","千葉県 千葉市中央区 南生実町","","https://geoshape.ex.nii.ac.jp/nrct-poi/resource/12/120000027100.html"
"geoshape-nrct-poi:120000027600","本行寺","千葉県 千葉市 中央区浜野町1252番地","","https://geoshape.ex.nii.ac.jp/nrct-poi/resource/12/120000027600.html"
"geoshape-nrct-poi:120000028600","宮脇遺跡","千葉県 千葉市花見川区 畑町","","https://geoshape.ex.nii.ac.jp/nrct-poi/resource/12/120000028600.html"
"geoshape-nrct-poi:120000029000","昆陽神社","千葉県 千葉市花見川区 幕張町四丁目","","https://geoshape.ex.nii.ac.jp/nrct-poi/resource/12/120000029000.html"
"geoshape-nrct-poi:120000029100","上ノ台遺跡","千葉県 千葉市花見川区 幕張本郷四丁目","","https://geoshape.ex.nii.ac.jp/nrct-poi/resource/12/120000029100.html"
"geoshape-nrct-poi:120000029500","天福寺","千葉県 香取郡東庄町 窪野谷360番地","","https://geoshape.ex.nii.ac.jp/nrct-poi/resource/12/120000029500.html"
"geoshape-nrct-poi:120000029700","犢橋貝塚","千葉県 千葉市花見川区 さつきが丘一丁目","","https://geoshape.ex.nii.ac.jp/nrct-poi/resource/12/120000029700.html"
"geoshape-nrct-poi:120000030600","浅間神社","千葉県 八千代市 村上南二丁目25番地1","","https://geoshape.ex.nii.ac.jp/nrct-poi/resource/12/120000030600.html"
"geoshape-nrct-poi:120000030900","谷津台貝塚","千葉県 千葉市稲毛区 小中台町","","https://geoshape.ex.nii.ac.jp/nrct-poi/resource/12/120000030900.html"
"geoshape-nrct-poi:120000031200","園生貝塚","千葉県 千葉市稲毛区 園生町","","https://geoshape.ex.nii.ac.jp/nrct-poi/resource/12/120000031200.html"
"geoshape-nrct-poi:120000031500","駒形遺跡","千葉県 千葉市稲毛区 作草部町","","https://geoshape.ex.nii.ac.jp/nrct-poi/resource/12/120000031500.html"
"geoshape-nrct-poi:120000032100","東寺山貝塚","千葉県 千葉市若葉区 みつわ台一丁目","","https://geoshape.ex.nii.ac.jp/nrct-poi/resource/12/120000032100.html"
"geoshape-nrct-poi:120000032200","石神二号墳","千葉県 千葉市若葉区 東寺山町","","https://geoshape.ex.nii.ac.jp/nrct-poi/resource/12/120000032200.html"
"geoshape-nrct-poi:120000032300","東寺山戸張作遺跡","千葉県 千葉市若葉区 東寺山町","","https://geoshape.ex.nii.ac.jp/nrct-poi/resource/12/120000032300.html"
"geoshape-nrct-poi:120000032800","荒屋敷貝塚","千葉県 千葉市若葉区 貝塚町","","https://geoshape.ex.nii.ac.jp/nrct-poi/resource/12/120000032800.html"
"geoshape-nrct-poi:120000033000","加曾利貝塚","千葉県 千葉市若葉区 桜木二丁目","","https://geoshape.ex.nii.ac.jp/nrct-poi/resource/12/120000033000.html"
"geoshape-nrct-poi:120000033300","滑橋貝塚","千葉県 千葉市若葉区 小倉町","","https://geoshape.ex.nii.ac.jp/nrct-poi/resource/12/120000033300.html"
"geoshape-nrct-poi:120000033600","金光院","千葉県 千葉市 若葉区金親町959番地","","https://geoshape.ex.nii.ac.jp/nrct-poi/resource/12/120000033600.html"
"geoshape-nrct-poi:120000033900","城の腰遺跡","千葉県 千葉市若葉区 大宮町","","https://geoshape.ex.nii.ac.jp/nrct-poi/resource/12/120000033900.html"
"geoshape-nrct-poi:120000034100","栄福寺","千葉県 千葉市 若葉区大宮町3869番地","","https://geoshape.ex.nii.ac.jp/nrct-poi/resource/12/120000034100.html"
"geoshape-nrct-poi:120000034300","多部田貝塚","千葉県 千葉市若葉区 多部田町","","https://geoshape.ex.nii.ac.jp/nrct-poi/resource/12/120000034300.html"
"geoshape-nrct-poi:120000035000","野呂山田貝塚","千葉県 千葉市若葉区 野呂町","","https://geoshape.ex.nii.ac.jp/nrct-poi/resource/12/120000035000.html"
"geoshape-nrct-poi:120000035400","芳賀輪遺跡","千葉県 千葉市若葉区 古泉町","","https://geoshape.ex.nii.ac.jp/nrct-poi/resource/12/120000035400.html"
"geoshape-nrct-poi:120000035600","御茶屋御殿跡","千葉県 千葉市若葉区 御殿町","","https://geoshape.ex.nii.ac.jp/nrct-poi/resource/12/120000035600.html"
"geoshape-nrct-poi:120000036500","千葉東南部地区遺跡群","千葉県 千葉市緑区 高田町","","https://geoshape.ex.nii.ac.jp/nrct-poi/resource/12/120000036500.html"
"geoshape-nrct-poi:120000037100","人形塚古墳","千葉県 千葉市緑区 椎名崎町","","https://geoshape.ex.nii.ac.jp/nrct-poi/resource/12/120000037100.html"
"geoshape-nrct-poi:120000037500","六通貝塚","千葉県 千葉市緑区 大金沢町","","https://geoshape.ex.nii.ac.jp/nrct-poi/resource/12/120000037500.html"
"geoshape-nrct-poi:120000038100","有吉貝塚","千葉県 千葉市緑区 おゆみ野中央五丁目","","https://geoshape.ex.nii.ac.jp/nrct-poi/resource/12/120000038100.html"
"geoshape-nrct-poi:120000038300","東光院","千葉県 千葉市 緑区平山町278番地","","https://geoshape.ex.nii.ac.jp/nrct-poi/resource/12/120000038300.html"
"geoshape-nrct-poi:120000038400","長谷部貝塚","千葉県 千葉市緑区 平山町","","https://geoshape.ex.nii.ac.jp/nrct-poi/resource/12/120000038400.html"
"geoshape-nrct-poi:120000038900","誉田高田貝塚","千葉県 千葉市緑区 高田町","","https://geoshape.ex.nii.ac.jp/nrct-poi/resource/12/120000038900.html"
"geoshape-nrct-poi:120000039300","土気城跡","千葉県 千葉市緑区 土気町","","https://geoshape.ex.nii.ac.jp/nrct-poi/resource/12/120000039300.html"
"geoshape-nrct-poi:120000039500","本寿寺","千葉県 勝浦市 守谷772番地","","https://geoshape.ex.nii.ac.jp/nrct-poi/resource/12/120000039500.html"
"geoshape-nrct-poi:120000039600","善勝寺","千葉県 千葉市 緑区土気町215番地","","https://geoshape.ex.nii.ac.jp/nrct-poi/resource/12/120000039600.html"
"geoshape-nrct-poi:120000039700","土気舟塚古墳","千葉県 千葉市緑区 あすみが丘東二丁目","","https://geoshape.ex.nii.ac.jp/nrct-poi/resource/12/120000039700.html"
"geoshape-nrct-poi:120000040100","小食土廃寺","千葉県 千葉市緑区 小食土町","","https://geoshape.ex.nii.ac.jp/nrct-poi/resource/12/120000040100.html"
"geoshape-nrct-poi:120000040200","南河原坂窯跡","千葉県 千葉市緑区 小食土町","","https://geoshape.ex.nii.ac.jp/nrct-poi/resource/12/120000040200.html"
"geoshape-nrct-poi:120000040300","荻生道遺跡","千葉県 千葉市緑区 小食土町","","https://geoshape.ex.nii.ac.jp/nrct-poi/resource/12/120000040300.html"
"geoshape-nrct-poi:120000040600","大椎城跡","千葉県 千葉市緑区 大椎町","","https://geoshape.ex.nii.ac.jp/nrct-poi/resource/12/120000040600.html"
"geoshape-nrct-poi:120000040700","坂ノ越遺跡","千葉県 千葉市緑区 大椎町","","https://geoshape.ex.nii.ac.jp/nrct-poi/resource/12/120000040700.html"
"geoshape-nrct-poi:120000042000","萱田遺跡群","千葉県 八千代市 萱田","","https://geoshape.ex.nii.ac.jp/nrct-poi/resource/12/120000042000.html"
"geoshape-nrct-poi:120000042100","権現後遺跡","千葉県 八千代市 ゆりのき台八丁目","","https://geoshape.ex.nii.ac.jp/nrct-poi/resource/12/120000042100.html"
"geoshape-nrct-poi:120000042200","北海道遺跡","千葉県 八千代市 ゆりのき台六丁目","","https://geoshape.ex.nii.ac.jp/nrct-poi/resource/12/120000042200.html"
"geoshape-nrct-poi:120000042300","井戸向遺跡","千葉県 八千代市 ゆりのき台五丁目","","https://geoshape.ex.nii.ac.jp/nrct-poi/resource/12/120000042300.html"
"geoshape-nrct-poi:120000042400","坊山遺跡","千葉県 八千代市 ゆりのき台三丁目","","https://geoshape.ex.nii.ac.jp/nrct-poi/resource/12/120000042400.html"
"geoshape-nrct-poi:120000042500","白幡前遺跡","千葉県 八千代市 ゆりのき台二丁目","","https://geoshape.ex.nii.ac.jp/nrct-poi/resource/12/120000042500.html"
"geoshape-nrct-poi:120000043500","桑納二号墳","千葉県 八千代市 桑納","","https://geoshape.ex.nii.ac.jp/nrct-poi/resource/12/120000043500.html"
"geoshape-nrct-poi:120000044100","佐山貝塚","千葉県 八千代市 佐山","","https://geoshape.ex.nii.ac.jp/nrct-poi/resource/12/120000044100.html"
"geoshape-nrct-poi:120000044600","米本城跡","千葉県 八千代市 米本","","https://geoshape.ex.nii.ac.jp/nrct-poi/resource/12/120000044600.html"
"geoshape-nrct-poi:120000045000","村上遺跡群","千葉県 八千代市 村上","","https://geoshape.ex.nii.ac.jp/nrct-poi/resource/12/120000045000.html"
"geoshape-nrct-poi:120000045600","鷺沼古墳群","千葉県 習志野市 鷺沼一丁目","","https://geoshape.ex.nii.ac.jp/nrct-poi/resource/12/120000045600.html"
"geoshape-nrct-poi:120000046200","藤崎堀込貝塚","千葉県 習志野市 藤崎一丁目","","https://geoshape.ex.nii.ac.jp/nrct-poi/resource/12/120000046200.html"
"geoshape-nrct-poi:120000047300","関宿城跡","千葉県 野田市 関宿町","","https://geoshape.ex.nii.ac.jp/nrct-poi/resource/12/120000047300.html"
"geoshape-nrct-poi:120000049000","常敬寺","千葉県 野田市 中戸379番地","","https://geoshape.ex.nii.ac.jp/nrct-poi/resource/12/120000049000.html"
"geoshape-nrct-poi:120000050800","神明社","千葉県 市川市 鬼越一丁目26番18号","","https://geoshape.ex.nii.ac.jp/nrct-poi/resource/12/120000050800.html"
"geoshape-nrct-poi:120000051100","妙照寺","千葉県 柏市 大井1070番地","","https://geoshape.ex.nii.ac.jp/nrct-poi/resource/12/120000051100.html"
"geoshape-nrct-poi:120000051200","大井東山遺跡","千葉県 館山市 南条","","https://geoshape.ex.nii.ac.jp/nrct-poi/resource/12/120000051200.html"
"geoshape-nrct-poi:120000051900","岩井貝塚","千葉県 柏市 岩井","","https://geoshape.ex.nii.ac.jp/nrct-poi/resource/12/120000051900.html"
"geoshape-nrct-poi:120000053400","北ノ作古墳群","千葉県 市原市 吉沢","","https://geoshape.ex.nii.ac.jp/nrct-poi/resource/12/120000053400.html"
"geoshape-nrct-poi:120000053900","手賀廃寺","千葉県 成田市 寺台","","https://geoshape.ex.nii.ac.jp/nrct-poi/resource/12/120000053900.html"
"geoshape-nrct-poi:120000054400","布瀬貝塚","千葉県 柏市 布瀬","","https://geoshape.ex.nii.ac.jp/nrct-poi/resource/12/120000054400.html"
"geoshape-nrct-poi:120000055600","船橋御殿跡","千葉県 船橋市 本町四丁目","","https://geoshape.ex.nii.ac.jp/nrct-poi/resource/12/120000055600.html"
"geoshape-nrct-poi:120000055900","意富比神社","千葉県 船橋市 宮本五丁目2番1号","","https://geoshape.ex.nii.ac.jp/nrct-poi/resource/12/120000055900.html"
"geoshape-nrct-poi:120000056200","飛ノ台貝塚","千葉県 船橋市 海神四丁目","","https://geoshape.ex.nii.ac.jp/nrct-poi/resource/12/120000056200.html"
"geoshape-nrct-poi:120000056500","印内台遺跡","千葉県 船橋市 印内二丁目","","https://geoshape.ex.nii.ac.jp/nrct-poi/resource/12/120000056500.html"
"geoshape-nrct-poi:120000056700","本郷台遺跡","千葉県 船橋市 西船六丁目","","https://geoshape.ex.nii.ac.jp/nrct-poi/resource/12/120000056700.html"
"geoshape-nrct-poi:120000057300","古作貝塚","千葉県 船橋市 古作二丁目","","https://geoshape.ex.nii.ac.jp/nrct-poi/resource/12/120000057300.html"
"geoshape-nrct-poi:120000058300","夏見台遺跡群","千葉県 船橋市 夏見六丁目","","https://geoshape.ex.nii.ac.jp/nrct-poi/resource/12/120000058300.html"
"geoshape-nrct-poi:120000058800","高根木戸貝塚","千葉県 船橋市 西習志野一丁目","","https://geoshape.ex.nii.ac.jp/nrct-poi/resource/12/120000058800.html"
"geoshape-nrct-poi:120000059200","飯山満東遺跡","千葉県 船橋市 芝山一丁目","","https://geoshape.ex.nii.ac.jp/nrct-poi/resource/12/120000059200.html"
"geoshape-nrct-poi:120000059800","二宮神社","千葉県 船橋市 三山五丁目20番1号","","https://geoshape.ex.nii.ac.jp/nrct-poi/resource/12/120000059800.html"
"geoshape-nrct-poi:120000062500","弘法寺","千葉県 市川市 真間四丁目9番1号","","https://geoshape.ex.nii.ac.jp/nrct-poi/resource/12/120000062500.html"
"geoshape-nrct-poi:120000063600","総寧寺","千葉県 市川市 国府台三丁目10番","","https://geoshape.ex.nii.ac.jp/nrct-poi/resource/12/120000063600.html"
"geoshape-nrct-poi:120000063800","国府台古墳群","千葉県 市川市 国府台二丁目","","https://geoshape.ex.nii.ac.jp/nrct-poi/resource/12/120000063800.html"
"geoshape-nrct-poi:120000064000","下総国分寺跡・下総国分尼寺跡","千葉県 市川市 国分三丁目","","https://geoshape.ex.nii.ac.jp/nrct-poi/resource/12/120000064000.html"
"geoshape-nrct-poi:120000064100","国分寺","千葉県 市川市 国分三丁目20番1号","","https://geoshape.ex.nii.ac.jp/nrct-poi/resource/12/120000064100.html"
"geoshape-nrct-poi:120000064200","堀之内貝塚","千葉県 市川市 堀之内二丁目","","https://geoshape.ex.nii.ac.jp/nrct-poi/resource/12/120000064200.html"
"geoshape-nrct-poi:120000064400","須和田遺跡","千葉県 市川市 須和田二丁目","","https://geoshape.ex.nii.ac.jp/nrct-poi/resource/12/120000064400.html"
"geoshape-nrct-poi:120000064700","向台貝塚","千葉県 市川市 曽谷三丁目","","https://geoshape.ex.nii.ac.jp/nrct-poi/resource/12/120000064700.html"
"geoshape-nrct-poi:120000064800","曾谷貝塚","千葉県 市川市 曽谷二丁目","","https://geoshape.ex.nii.ac.jp/nrct-poi/resource/12/120000064800.html"
"geoshape-nrct-poi:120000065500","葛飾八幡宮","千葉県 市川市 八幡四丁目2番","","https://geoshape.ex.nii.ac.jp/nrct-poi/resource/12/120000065500.html"
"geoshape-nrct-poi:120000065700","鬼高遺跡","千葉県 市川市 鬼高一丁目","","https://geoshape.ex.nii.ac.jp/nrct-poi/resource/12/120000065700.html"
"geoshape-nrct-poi:120000066000","法華経寺","千葉県 市川市 中山二丁目10番","","https://geoshape.ex.nii.ac.jp/nrct-poi/resource/12/120000066000.html"
"geoshape-nrct-poi:120000067200","姥山貝塚","千葉県 市川市 柏井町一丁目","","https://geoshape.ex.nii.ac.jp/nrct-poi/resource/12/120000067200.html"
"geoshape-nrct-poi:120000067300","杉ノ木台遺跡","千葉県 市川市 柏井町三丁目","","https://geoshape.ex.nii.ac.jp/nrct-poi/resource/12/120000067300.html"
"geoshape-nrct-poi:120000067700","浄光寺","千葉県 野田市 山崎1438番地","","https://geoshape.ex.nii.ac.jp/nrct-poi/resource/12/120000067700.html"
"geoshape-nrct-poi:120000067800","殿台遺跡","千葉県 市川市 大野町四丁目","","https://geoshape.ex.nii.ac.jp/nrct-poi/resource/12/120000067800.html"
"geoshape-nrct-poi:130000022400","江戸城跡","東京都 千代田区 千代田","","https://geoshape.ex.nii.ac.jp/nrct-poi/resource/13/130000022400.html"
"geoshape-nrct-poi:130000023600","旧本丸西貝塚","東京都 千代田区 千代田","","https://geoshape.ex.nii.ac.jp/nrct-poi/resource/13/130000023600.html"
"geoshape-nrct-poi:130000026100","竹橋御門跡","東京都 千代田区 千代田","","https://geoshape.ex.nii.ac.jp/nrct-poi/resource/13/130000026100.html"
"geoshape-nrct-poi:130000026200","田安御門跡","東京都 千代田区 大手町二丁目","","https://geoshape.ex.nii.ac.jp/nrct-poi/resource/13/130000026200.html"
"geoshape-nrct-poi:130000026300","清水御門跡","東京都 千代田区 大手町二丁目","","https://geoshape.ex.nii.ac.jp/nrct-poi/resource/13/130000026300.html"
"geoshape-nrct-poi:130000026500","雉子橋御門跡","東京都 千代田区 九段南一丁目","","https://geoshape.ex.nii.ac.jp/nrct-poi/resource/13/130000026500.html"
"geoshape-nrct-poi:130000026700","一ッ橋御門跡","東京都 千代田区 大手町一丁目","","https://geoshape.ex.nii.ac.jp/nrct-poi/resource/13/130000026700.html"
"geoshape-nrct-poi:130000026900","将門首塚","東京都 千代田区 大手町一丁目","","https://geoshape.ex.nii.ac.jp/nrct-poi/resource/13/130000026900.html"
"geoshape-nrct-poi:130000027100","神田橋御門跡","東京都 千代田区 大手町一丁目","","https://geoshape.ex.nii.ac.jp/nrct-poi/resource/13/130000027100.html"
"geoshape-nrct-poi:130000027400","常盤橋御門跡","東京都 千代田区 大手町二丁目","","https://geoshape.ex.nii.ac.jp/nrct-poi/resource/13/130000027400.html"
"geoshape-nrct-poi:130000027700","和田倉御門跡","東京都 千代田区 皇居外苑","","https://geoshape.ex.nii.ac.jp/nrct-poi/resource/13/130000027700.html"
"geoshape-nrct-poi:130000028000","馬場先御門跡","東京都 千代田区 皇居外苑","","https://geoshape.ex.nii.ac.jp/nrct-poi/resource/13/130000028000.html"
"geoshape-nrct-poi:130000028100","外桜田御門跡","東京都 千代田区 皇居外苑","","https://geoshape.ex.nii.ac.jp/nrct-poi/resource/13/130000028100.html"
"geoshape-nrct-poi:130000028500","呉服橋御門跡","東京都 千代田区 大手町二丁目","","https://geoshape.ex.nii.ac.jp/nrct-poi/resource/13/130000028500.html"
"geoshape-nrct-poi:130000028800","鍛冶橋御門跡","東京都 千代田区 丸の内一丁目","","https://geoshape.ex.nii.ac.jp/nrct-poi/resource/13/130000028800.html"
"geoshape-nrct-poi:130000029100","丸の内三丁目遺跡","東京都 千代田区 丸の内三丁目","","https://geoshape.ex.nii.ac.jp/nrct-poi/resource/13/130000029100.html"
"geoshape-nrct-poi:130000029300","数寄屋橋御門跡","東京都 千代田区 有楽町二丁目","","https://geoshape.ex.nii.ac.jp/nrct-poi/resource/13/130000029300.html"
"geoshape-nrct-poi:130000029600","山下御門跡","東京都 港区 新橋一丁目","","https://geoshape.ex.nii.ac.jp/nrct-poi/resource/13/130000029600.html"
"geoshape-nrct-poi:130000029900","日比谷御門跡","東京都 千代田区 日比谷公園","","https://geoshape.ex.nii.ac.jp/nrct-poi/resource/13/130000029900.html"
"geoshape-nrct-poi:130000030200","幸橋御門跡","東京都 港区 新橋一丁目","","https://geoshape.ex.nii.ac.jp/nrct-poi/resource/13/130000030200.html"
"geoshape-nrct-poi:130000030400","虎御門跡","東京都 千代田区 霞が関三丁目","","https://geoshape.ex.nii.ac.jp/nrct-poi/resource/13/130000030400.html"
"geoshape-nrct-poi:130000031100","和泉伯太藩上屋敷跡","東京都 千代田区 永田町二丁目","","https://geoshape.ex.nii.ac.jp/nrct-poi/resource/13/130000031100.html"
"geoshape-nrct-poi:130000031200","赤坂御門跡","東京都 千代田区 紀尾井町","","https://geoshape.ex.nii.ac.jp/nrct-poi/resource/13/130000031200.html"
"geoshape-nrct-poi:130000031400","日枝神社","東京都 八王子市 美山町245番地","","https://geoshape.ex.nii.ac.jp/nrct-poi/resource/13/130000031400.html"
"geoshape-nrct-poi:130000031800","紀尾井町遺跡","東京都 千代田区 紀尾井町","","https://geoshape.ex.nii.ac.jp/nrct-poi/resource/13/130000031800.html"
"geoshape-nrct-poi:130000031900","半蔵御門跡","東京都 千代田区 大手町二丁目","","https://geoshape.ex.nii.ac.jp/nrct-poi/resource/13/130000031900.html"
"geoshape-nrct-poi:130000033100","四谷御門跡","東京都 千代田区 麴町六丁目","","https://geoshape.ex.nii.ac.jp/nrct-poi/resource/13/130000033100.html"
"geoshape-nrct-poi:130000033900","平河天満宮","東京都 千代田区 平河町一丁目7番5号","","https://geoshape.ex.nii.ac.jp/nrct-poi/resource/13/130000033900.html"
"geoshape-nrct-poi:130000035600","市谷御門跡","東京都 千代田区 五番町","","https://geoshape.ex.nii.ac.jp/nrct-poi/resource/13/130000035600.html"
"geoshape-nrct-poi:130000036600","靖国神社","東京都 千代田区 九段北三丁目1番","","https://geoshape.ex.nii.ac.jp/nrct-poi/resource/13/130000036600.html"
"geoshape-nrct-poi:130000037500","小石川御門跡","東京都 千代田区 飯田橋三丁目","","https://geoshape.ex.nii.ac.jp/nrct-poi/resource/13/130000037500.html"
"geoshape-nrct-poi:130000037800","牛込御門跡","東京都 千代田区 富士見二丁目","","https://geoshape.ex.nii.ac.jp/nrct-poi/resource/13/130000037800.html"
"geoshape-nrct-poi:130000049700","筋違御門跡","東京都 千代田区 神田鍛冶町三丁目","","https://geoshape.ex.nii.ac.jp/nrct-poi/resource/13/130000049700.html"
"geoshape-nrct-poi:130000056300","都立一橋高校内遺跡","東京都 千代田区 東神田一丁目","","https://geoshape.ex.nii.ac.jp/nrct-poi/resource/13/130000056300.html"
"geoshape-nrct-poi:130000057200","神田神社","東京都 千代田区 外神田二丁目16番2号","","https://geoshape.ex.nii.ac.jp/nrct-poi/resource/13/130000057200.html"
"geoshape-nrct-poi:130000067300","時の鐘跡","東京都 中央区 日本橋室町四丁目","","https://geoshape.ex.nii.ac.jp/nrct-poi/resource/13/130000067300.html"
"geoshape-nrct-poi:130000070800","牢屋敷跡","東京都 中央区 日本橋小伝馬町","","https://geoshape.ex.nii.ac.jp/nrct-poi/resource/13/130000070800.html"
"geoshape-nrct-poi:130000073600","椙森神社","東京都 中央区 日本橋堀留町一丁目10番2号","","https://geoshape.ex.nii.ac.jp/nrct-poi/resource/13/130000073600.html"
"geoshape-nrct-poi:130000074300","市村座跡","東京都 中央区 日本橋人形町三丁目","","https://geoshape.ex.nii.ac.jp/nrct-poi/resource/13/130000074300.html"
"geoshape-nrct-poi:130000074500","中村座跡","東京都 中央区 日本橋人形町三丁目","","https://geoshape.ex.nii.ac.jp/nrct-poi/resource/13/130000074500.html"
"geoshape-nrct-poi:130000075400","玄冶店","東京都 中央区 日本橋人形町三丁目","","https://geoshape.ex.nii.ac.jp/nrct-poi/resource/13/130000075400.html"
"geoshape-nrct-poi:130000076800","銀座跡","東京都 中央区 日本橋人形町一丁目","","https://geoshape.ex.nii.ac.jp/nrct-poi/resource/13/130000076800.html"
"geoshape-nrct-poi:130000078200","初音馬場跡","東京都 中央区 日本橋馬喰町一丁目","","https://geoshape.ex.nii.ac.jp/nrct-poi/resource/13/130000078200.html"
"geoshape-nrct-poi:130000078400","郡代屋敷跡","東京都 中央区 日本橋馬喰町二丁目","","https://geoshape.ex.nii.ac.jp/nrct-poi/resource/13/130000078400.html"
"geoshape-nrct-poi:130000081300","明治座","東京都 中央区 日本橋浜町二丁目","","https://geoshape.ex.nii.ac.jp/nrct-poi/resource/13/130000081300.html"
"geoshape-nrct-poi:130000082400","日本橋二丁目遺跡","東京都 中央区 日本橋二丁目","","https://geoshape.ex.nii.ac.jp/nrct-poi/resource/13/130000082400.html"
"geoshape-nrct-poi:130000084800","日本橋一丁目遺跡","東京都 中央区 日本橋一丁目","","https://geoshape.ex.nii.ac.jp/nrct-poi/resource/13/130000084800.html"
"geoshape-nrct-poi:130000101000","八丁堀三丁目遺跡","東京都 中央区 八丁堀三丁目","","https://geoshape.ex.nii.ac.jp/nrct-poi/resource/13/130000101000.html"
"geoshape-nrct-poi:130000101300","京葉線八丁堀遺跡","東京都 中央区 八丁堀三丁目","","https://geoshape.ex.nii.ac.jp/nrct-poi/resource/13/130000101300.html"
"geoshape-nrct-poi:130000101700","八丁堀二丁目遺跡","東京都 中央区 八丁堀二丁目","","https://geoshape.ex.nii.ac.jp/nrct-poi/resource/13/130000101700.html"
"geoshape-nrct-poi:130000112200","築地別院","東京都 中央区 築地三丁目","","https://geoshape.ex.nii.ac.jp/nrct-poi/resource/13/130000112200.html"
"geoshape-nrct-poi:130000112400","浜御殿跡","東京都 中央区 浜離宮庭園","","https://geoshape.ex.nii.ac.jp/nrct-poi/resource/13/130000112400.html"
"geoshape-nrct-poi:130000116800","汐留遺跡","東京都 港区 東新橋一丁目","","https://geoshape.ex.nii.ac.jp/nrct-poi/resource/13/130000116800.html"
"geoshape-nrct-poi:130000118800","烏森神社","東京都 港区 新橋二丁目15番","","https://geoshape.ex.nii.ac.jp/nrct-poi/resource/13/130000118800.html"
"geoshape-nrct-poi:130000119700","愛宕神社","東京都 江東区 大島三丁目31番15号","","https://geoshape.ex.nii.ac.jp/nrct-poi/resource/13/130000119700.html"
"geoshape-nrct-poi:130000119800","青松寺","東京都 港区 愛宕二丁目4番","","https://geoshape.ex.nii.ac.jp/nrct-poi/resource/13/130000119800.html"
"geoshape-nrct-poi:130000120500","天徳寺","東京都 港区 虎ノ門三丁目13番","","https://geoshape.ex.nii.ac.jp/nrct-poi/resource/13/130000120500.html"
"geoshape-nrct-poi:130000122300","西久保八幡貝塚","東京都 港区 虎ノ門五丁目","","https://geoshape.ex.nii.ac.jp/nrct-poi/resource/13/130000122300.html"
"geoshape-nrct-poi:130000122500","金地院","東京都 港区 芝公園三丁目5番","","https://geoshape.ex.nii.ac.jp/nrct-poi/resource/13/130000122500.html"
"geoshape-nrct-poi:130000122900","増上寺","東京都 港区 芝公園四丁目7番","","https://geoshape.ex.nii.ac.jp/nrct-poi/resource/13/130000122900.html"
"geoshape-nrct-poi:130000123600","芝公園一丁目増上寺子院群","東京都 港区 芝公園一丁目","","https://geoshape.ex.nii.ac.jp/nrct-poi/resource/13/130000123600.html"
"geoshape-nrct-poi:130000123700","丸山貝塚","東京都 港区 芝公園四丁目","","https://geoshape.ex.nii.ac.jp/nrct-poi/resource/13/130000123700.html"
"geoshape-nrct-poi:130000123800","芝丸山古墳群","東京都 港区 芝公園四丁目","","https://geoshape.ex.nii.ac.jp/nrct-poi/resource/13/130000123800.html"
"geoshape-nrct-poi:130000124100","芝大神宮","東京都 港区 芝大門一丁目12番","","https://geoshape.ex.nii.ac.jp/nrct-poi/resource/13/130000124100.html"
"geoshape-nrct-poi:130000129500","泉岳寺","東京都 港区 高輪二丁目11番","","https://geoshape.ex.nii.ac.jp/nrct-poi/resource/13/130000129500.html"
"geoshape-nrct-poi:130000130000","伊皿子貝塚","東京都 港区 三田四丁目","","https://geoshape.ex.nii.ac.jp/nrct-poi/resource/13/130000130000.html"
"geoshape-nrct-poi:130000136100","東禅寺","東京都 西東京市 住吉町一丁目2番12号","","https://geoshape.ex.nii.ac.jp/nrct-poi/resource/13/130000136100.html"
"geoshape-nrct-poi:130000137600","白金館跡遺跡","東京都 港区 白金六丁目","","https://geoshape.ex.nii.ac.jp/nrct-poi/resource/13/130000137600.html"
"geoshape-nrct-poi:130000145700","善福寺","東京都 港区 元麻布一丁目6番","","https://geoshape.ex.nii.ac.jp/nrct-poi/resource/13/130000145700.html"
"geoshape-nrct-poi:130000150100","長谷寺","東京都 荒川区 西尾久一丁目25番7号","","https://geoshape.ex.nii.ac.jp/nrct-poi/resource/13/130000150100.html"
"geoshape-nrct-poi:130000152000","赤坂離宮","東京都 港区 元赤坂二丁目1番","","https://geoshape.ex.nii.ac.jp/nrct-poi/resource/13/130000152000.html"
"geoshape-nrct-poi:130000153200","豊川稲荷","東京都 港区 元赤坂一丁目4番","","https://geoshape.ex.nii.ac.jp/nrct-poi/resource/13/130000153200.html"
"geoshape-nrct-poi:130000155200","氷川神社","東京都 世田谷区 喜多見四丁目26番1号","","https://geoshape.ex.nii.ac.jp/nrct-poi/resource/13/130000155200.html"
"geoshape-nrct-poi:130000160200","四谷一丁目遺跡","東京都 新宿区 四谷一丁目","","https://geoshape.ex.nii.ac.jp/nrct-poi/resource/13/130000160200.html"
"geoshape-nrct-poi:130000161000","四谷三丁目遺跡","東京都 新宿区 四谷三丁目","","https://geoshape.ex.nii.ac.jp/nrct-poi/resource/13/130000161000.html"
"geoshape-nrct-poi:130000166800","太宗寺","東京都 新宿区 新宿二丁目9番2号","","https://geoshape.ex.nii.ac.jp/nrct-poi/resource/13/130000166800.html"
"geoshape-nrct-poi:130000167100","天龍寺","東京都 新宿区 新宿四丁目3番19号","","https://geoshape.ex.nii.ac.jp/nrct-poi/resource/13/130000167100.html"
"geoshape-nrct-poi:130000167700","内藤町遺跡","東京都 新宿区 内藤町","","https://geoshape.ex.nii.ac.jp/nrct-poi/resource/13/130000167700.html"
"geoshape-nrct-poi:130000170500","市谷八幡宮","東京都 新宿区 市谷八幡町","","https://geoshape.ex.nii.ac.jp/nrct-poi/resource/13/130000170500.html"
"geoshape-nrct-poi:130000170800","尾張藩上屋敷跡","東京都 新宿区 市谷本村町","","https://geoshape.ex.nii.ac.jp/nrct-poi/resource/13/130000170800.html"
"geoshape-nrct-poi:130000170900","尾張藩上屋敷跡遺跡","東京都 新宿区 市谷本村町","","https://geoshape.ex.nii.ac.jp/nrct-poi/resource/13/130000170900.html"
"geoshape-nrct-poi:130000172000","薬王寺跡","東京都 新宿区 市谷薬王寺町","","https://geoshape.ex.nii.ac.jp/nrct-poi/resource/13/130000172000.html"
"geoshape-nrct-poi:130000172400","安養寺","東京都 新宿区 住吉町10番10号","","https://geoshape.ex.nii.ac.jp/nrct-poi/resource/13/130000172400.html"
"geoshape-nrct-poi:130000172700","自証院","東京都 新宿区 富久町4番5号","","https://geoshape.ex.nii.ac.jp/nrct-poi/resource/13/130000172700.html"
"geoshape-nrct-poi:130000172800","自証院遺跡","東京都 新宿区 富久町","","https://geoshape.ex.nii.ac.jp/nrct-poi/resource/13/130000172800.html"
"geoshape-nrct-poi:130000173400","月桂寺","東京都 新宿区 河田町2番5号","","https://geoshape.ex.nii.ac.jp/nrct-poi/resource/13/130000173400.html"
"geoshape-nrct-poi:130000174800","戸山遺跡","東京都 新宿区 戸山一丁目","","https://geoshape.ex.nii.ac.jp/nrct-poi/resource/13/130000174800.html"
"geoshape-nrct-poi:130000175200","南山伏町遺跡","東京都 新宿区 南山伏町","","https://geoshape.ex.nii.ac.jp/nrct-poi/resource/13/130000175200.html"
"geoshape-nrct-poi:130000177100","善国寺","東京都 新宿区 神楽坂五丁目36番地","","https://geoshape.ex.nii.ac.jp/nrct-poi/resource/13/130000177100.html"
"geoshape-nrct-poi:130000179400","八幡神社","東京都 八王子市 元八王子町三丁目2284番地","","https://geoshape.ex.nii.ac.jp/nrct-poi/resource/13/130000179400.html"
"geoshape-nrct-poi:130000181800","赤城神社","東京都 新宿区 早稲田鶴巻町568番地","","https://geoshape.ex.nii.ac.jp/nrct-poi/resource/13/130000181800.html"
"geoshape-nrct-poi:130000183100","済松寺","東京都 新宿区 榎町77番地","","https://geoshape.ex.nii.ac.jp/nrct-poi/resource/13/130000183100.html"
"geoshape-nrct-poi:130000183500","宗参寺","東京都 新宿区 弁天町1番地","","https://geoshape.ex.nii.ac.jp/nrct-poi/resource/13/130000183500.html"
"geoshape-nrct-poi:130000186200","熊野神社","東京都 八王子市 東中野大字字9号499番地","","https://geoshape.ex.nii.ac.jp/nrct-poi/resource/13/130000186200.html"
"geoshape-nrct-poi:130000187600","高田馬場","東京都 新宿区 西早稲田三丁目","","https://geoshape.ex.nii.ac.jp/nrct-poi/resource/13/130000187600.html"
"geoshape-nrct-poi:130000188000","落合横穴墓群","東京都 新宿区 下落合二丁目","","https://geoshape.ex.nii.ac.jp/nrct-poi/resource/13/130000188000.html"
"geoshape-nrct-poi:130000188100","落合遺跡","東京都 新宿区 中落合四丁目","","https://geoshape.ex.nii.ac.jp/nrct-poi/resource/13/130000188100.html"
"geoshape-nrct-poi:130000188300","妙正寺川遺跡","東京都 新宿区 西落合二丁目","","https://geoshape.ex.nii.ac.jp/nrct-poi/resource/13/130000188300.html"
"geoshape-nrct-poi:130000189400","水戸藩上屋敷跡","東京都 文京区 後楽一丁目","","https://geoshape.ex.nii.ac.jp/nrct-poi/resource/13/130000189400.html"
"geoshape-nrct-poi:130000189500","東京砲兵工廠跡","東京都 文京区 後楽一丁目","","https://geoshape.ex.nii.ac.jp/nrct-poi/resource/13/130000189500.html"
"geoshape-nrct-poi:130000190600","伝通院","東京都 文京区 春日一丁目11番13号","","https://geoshape.ex.nii.ac.jp/nrct-poi/resource/13/130000190600.html"
"geoshape-nrct-poi:130000191500","北野神社","東京都 中野区 新井四丁目14番3号","","https://geoshape.ex.nii.ac.jp/nrct-poi/resource/13/130000191500.html"
"geoshape-nrct-poi:130000193100","宗慶寺","東京都 文京区 小石川四丁目15番17号","","https://geoshape.ex.nii.ac.jp/nrct-poi/resource/13/130000193100.html"
"geoshape-nrct-poi:130000193200","善仁寺","東京都 文京区 小石川四丁目13番19号","","https://geoshape.ex.nii.ac.jp/nrct-poi/resource/13/130000193200.html"
"geoshape-nrct-poi:130000193800","小石川御殿跡","東京都 文京区 白山三丁目","","https://geoshape.ex.nii.ac.jp/nrct-poi/resource/13/130000193800.html"
"geoshape-nrct-poi:130000193900","小石川御薬園跡","東京都 文京区 白山三丁目","","https://geoshape.ex.nii.ac.jp/nrct-poi/resource/13/130000193900.html"
"geoshape-nrct-poi:130000194000","小石川養生所跡","東京都 文京区 白山三丁目","","https://geoshape.ex.nii.ac.jp/nrct-poi/resource/13/130000194000.html"
"geoshape-nrct-poi:130000194100","小石川植物園内貝塚","東京都 文京区 白山三丁目","","https://geoshape.ex.nii.ac.jp/nrct-poi/resource/13/130000194100.html"
"geoshape-nrct-poi:130000195500","白山神社","東京都 中央区 日本橋人形町二丁目25番20号","","https://geoshape.ex.nii.ac.jp/nrct-poi/resource/13/130000195500.html"
"geoshape-nrct-poi:130000196200","簸川神社","東京都 文京区 千石二丁目10番10号","","https://geoshape.ex.nii.ac.jp/nrct-poi/resource/13/130000196200.html"
"geoshape-nrct-poi:130000197400","金剛寺跡","東京都 文京区 春日二丁目","","https://geoshape.ex.nii.ac.jp/nrct-poi/resource/13/130000197400.html"
"geoshape-nrct-poi:140000011300","石観音堂","神奈川県 川崎市 川崎区観音二丁目16番3号","","https://geoshape.ex.nii.ac.jp/nrct-poi/resource/14/140000011300.html"
"geoshape-nrct-poi:140000011500","平間寺","神奈川県 川崎市 川崎区大師町4番48号","","https://geoshape.ex.nii.ac.jp/nrct-poi/resource/14/140000011500.html"
"geoshape-nrct-poi:140000012300","稲毛神社","神奈川県 川崎市 川崎区宮本町7番地","","https://geoshape.ex.nii.ac.jp/nrct-poi/resource/14/140000012300.html"
"geoshape-nrct-poi:140000014400","夢見ヶ崎古墳群","神奈川県 川崎市幸区 南加瀬四丁目","","https://geoshape.ex.nii.ac.jp/nrct-poi/resource/14/140000014400.html"
"geoshape-nrct-poi:140000014500","白山古墳","神奈川県 川崎市幸区 北加瀬二丁目","","https://geoshape.ex.nii.ac.jp/nrct-poi/resource/14/140000014500.html"
"geoshape-nrct-poi:140000015700","神庭遺跡","神奈川県 川崎市高津区 蟹ケ谷","","https://geoshape.ex.nii.ac.jp/nrct-poi/resource/14/140000015700.html"
"geoshape-nrct-poi:140000016100","泉沢寺","神奈川県 川崎市 中原区上小田中七丁目20番5号","","https://geoshape.ex.nii.ac.jp/nrct-poi/resource/14/140000016100.html"
"geoshape-nrct-poi:140000016300","小杉御殿跡","神奈川県 川崎市中原区 小杉御殿町一丁目","","https://geoshape.ex.nii.ac.jp/nrct-poi/resource/14/140000016300.html"
"geoshape-nrct-poi:140000016600","日枝神社","神奈川県 藤沢市 辻堂元町三丁目5番21号","","https://geoshape.ex.nii.ac.jp/nrct-poi/resource/14/140000016600.html"
"geoshape-nrct-poi:140000016900","春日神社","神奈川県 川崎市 中原区宮内四丁目12番2号","","https://geoshape.ex.nii.ac.jp/nrct-poi/resource/14/140000016900.html"
"geoshape-nrct-poi:140000017600","子母口貝塚","神奈川県 川崎市高津区 子母口","","https://geoshape.ex.nii.ac.jp/nrct-poi/resource/14/140000017600.html"
"geoshape-nrct-poi:140000017800","千年伊勢山台遺跡","神奈川県 川崎市高津区 千年","","https://geoshape.ex.nii.ac.jp/nrct-poi/resource/14/140000017800.html"
"geoshape-nrct-poi:140000018100","新作小高台遺跡","神奈川県 川崎市高津区 新作一丁目","","https://geoshape.ex.nii.ac.jp/nrct-poi/resource/14/140000018100.html"
"geoshape-nrct-poi:140000018300","末長遺跡","神奈川県 川崎市高津区 末長二丁目","","https://geoshape.ex.nii.ac.jp/nrct-poi/resource/14/140000018300.html"
"geoshape-nrct-poi:140000019500","梶ヶ谷神明社上遺跡","神奈川県 川崎市高津区 梶ケ谷四丁目","","https://geoshape.ex.nii.ac.jp/nrct-poi/resource/14/140000019500.html"
"geoshape-nrct-poi:140000019900","十三菩提遺跡","神奈川県 川崎市宮前区 南野川三丁目","","https://geoshape.ex.nii.ac.jp/nrct-poi/resource/14/140000019900.html"
"geoshape-nrct-poi:140000020000","野川南耕地遺跡","神奈川県 川崎市宮前区 西野川三丁目","","https://geoshape.ex.nii.ac.jp/nrct-poi/resource/14/140000020000.html"
"geoshape-nrct-poi:140000020100","影向寺","神奈川県 川崎市 宮前区野川本町三丁目4番","","https://geoshape.ex.nii.ac.jp/nrct-poi/resource/14/140000020100.html"
"geoshape-nrct-poi:140000020400","馬絹古墳","神奈川県 川崎市宮前区 馬絹五丁目","","https://geoshape.ex.nii.ac.jp/nrct-poi/resource/14/140000020400.html"
"geoshape-nrct-poi:140000020800","潮見台遺跡","神奈川県 川崎市宮前区 菅生二丁目","","https://geoshape.ex.nii.ac.jp/nrct-poi/resource/14/140000020800.html"
"geoshape-nrct-poi:140000020900","白井坂埴輪窯跡","神奈川県 川崎市宮前区 犬蔵一丁目","","https://geoshape.ex.nii.ac.jp/nrct-poi/resource/14/140000020900.html"
"geoshape-nrct-poi:140000021200","東高根遺跡","神奈川県 川崎市宮前区 神木本町二丁目","","https://geoshape.ex.nii.ac.jp/nrct-poi/resource/14/140000021200.html"
"geoshape-nrct-poi:140000021500","下原遺跡","神奈川県 川崎市多摩区 長尾七丁目","","https://geoshape.ex.nii.ac.jp/nrct-poi/resource/14/140000021500.html"
"geoshape-nrct-poi:140000021600","妙楽寺","神奈川県 川崎市 多摩区長尾三丁目9番3号","","https://geoshape.ex.nii.ac.jp/nrct-poi/resource/14/140000021600.html"
"geoshape-nrct-poi:140000022400","菅寺尾台廃堂跡","神奈川県 川崎市多摩区 寺尾台一丁目","","https://geoshape.ex.nii.ac.jp/nrct-poi/resource/14/140000022400.html"
"geoshape-nrct-poi:140000022500","小沢城跡","神奈川県 川崎市多摩区 菅仙谷一丁目","","https://geoshape.ex.nii.ac.jp/nrct-poi/resource/14/140000022500.html"
"geoshape-nrct-poi:140000022700","桝形城跡","神奈川県 川崎市多摩区 枡形六丁目","","https://geoshape.ex.nii.ac.jp/nrct-poi/resource/14/140000022700.html"
"geoshape-nrct-poi:140000022800","広福寺","神奈川県 川崎市 多摩区枡形六丁目7番1号","","https://geoshape.ex.nii.ac.jp/nrct-poi/resource/14/140000022800.html"
"geoshape-nrct-poi:140000023500","王禅寺","神奈川県 川崎市 麻生区王禅寺940番地","","https://geoshape.ex.nii.ac.jp/nrct-poi/resource/14/140000023500.html"
"geoshape-nrct-poi:140000023700","早野横穴古墳","神奈川県 川崎市麻生区 早野","","https://geoshape.ex.nii.ac.jp/nrct-poi/resource/14/140000023700.html"
"geoshape-nrct-poi:140000024100","万福寺遺跡群No.１・No.２遺跡","神奈川県 川崎市麻生区 万福寺三丁目","","https://geoshape.ex.nii.ac.jp/nrct-poi/resource/14/140000024100.html"
"geoshape-nrct-poi:140000024800","岡上廃寺","神奈川県 川崎市麻生区 岡上","","https://geoshape.ex.nii.ac.jp/nrct-poi/resource/14/140000024800.html"
"geoshape-nrct-poi:140000026700","軽井沢古墳","神奈川県 横浜市西区 南軽井沢","","https://geoshape.ex.nii.ac.jp/nrct-poi/resource/14/140000026700.html"
"geoshape-nrct-poi:140000027600","神奈川奉行所跡","神奈川県 横浜市西区 紅葉ケ丘","","https://geoshape.ex.nii.ac.jp/nrct-poi/resource/14/140000027600.html"
"geoshape-nrct-poi:140000027700","金星太陽面経過観測地","神奈川県 横浜市西区 宮崎町","","https://geoshape.ex.nii.ac.jp/nrct-poi/resource/14/140000027700.html"
"geoshape-nrct-poi:140000028000","東福寺","神奈川県 横浜市 西区赤門町二丁目17番地","","https://geoshape.ex.nii.ac.jp/nrct-poi/resource/14/140000028000.html"
"geoshape-nrct-poi:140000028600","太田陣屋跡","神奈川県 横浜市中区 日ノ出町一丁目","","https://geoshape.ex.nii.ac.jp/nrct-poi/resource/14/140000028600.html"
"geoshape-nrct-poi:140000028900","厳島神社","神奈川県 横浜市 鶴見区駒岡三丁目19番35号","","https://geoshape.ex.nii.ac.jp/nrct-poi/resource/14/140000028900.html"
"geoshape-nrct-poi:140000030300","横浜町会所跡","神奈川県 横浜市中区 本町一丁目","","https://geoshape.ex.nii.ac.jp/nrct-poi/resource/14/140000030300.html"
"geoshape-nrct-poi:140000030500","横浜正金銀行","神奈川県 横浜市中区 南仲通五丁目","","https://geoshape.ex.nii.ac.jp/nrct-poi/resource/14/140000030500.html"
"geoshape-nrct-poi:140000030800","日米和親条約締結地","神奈川県 横浜市中区 日本大通","","https://geoshape.ex.nii.ac.jp/nrct-poi/resource/14/140000030800.html"
"geoshape-nrct-poi:140000030900","海岸教会","神奈川県 横浜市中区 日本大通","","https://geoshape.ex.nii.ac.jp/nrct-poi/resource/14/140000030900.html"
"geoshape-nrct-poi:140000031000","横浜運上所跡","神奈川県 横浜市中区 日本大通","","https://geoshape.ex.nii.ac.jp/nrct-poi/resource/14/140000031000.html"
"geoshape-nrct-poi:140000031400","横浜天主堂跡","神奈川県 横浜市中区 山下町","","https://geoshape.ex.nii.ac.jp/nrct-poi/resource/14/140000031400.html"
"geoshape-nrct-poi:140000032000","外人墓地","神奈川県 横浜市中区 山手町","","https://geoshape.ex.nii.ac.jp/nrct-poi/resource/14/140000032000.html"
"geoshape-nrct-poi:140000032600","根岸競馬場跡","神奈川県 横浜市中区 簑沢","","https://geoshape.ex.nii.ac.jp/nrct-poi/resource/14/140000032600.html"
"geoshape-nrct-poi:140000032700","地蔵王廟","神奈川県 横浜市中区 大芝台","","https://geoshape.ex.nii.ac.jp/nrct-poi/resource/14/140000032700.html"
"geoshape-nrct-poi:140000033800","稲荷山貝塚遺跡","神奈川県 横浜市南区 山谷","","https://geoshape.ex.nii.ac.jp/nrct-poi/resource/14/140000033800.html"
"geoshape-nrct-poi:140000034000","宝生寺","神奈川県 茅ヶ崎市 西久保546番地","","https://geoshape.ex.nii.ac.jp/nrct-poi/resource/14/140000034000.html"
"geoshape-nrct-poi:140000034500","弘明寺","神奈川県 横浜市 南区弘明寺町山下267番地","","https://geoshape.ex.nii.ac.jp/nrct-poi/resource/14/140000034500.html"
"geoshape-nrct-poi:140000034700","大丸遺跡","神奈川県 横浜市南区 六ツ川三丁目","","https://geoshape.ex.nii.ac.jp/nrct-poi/resource/14/140000034700.html"
"geoshape-nrct-poi:140000037700","室の木古墳","神奈川県 横浜市磯子区 久木町","","https://geoshape.ex.nii.ac.jp/nrct-poi/resource/14/140000037700.html"
"geoshape-nrct-poi:140000037900","三殿台遺跡","神奈川県 横浜市磯子区 岡村四丁目","","https://geoshape.ex.nii.ac.jp/nrct-poi/resource/14/140000037900.html"
"geoshape-nrct-poi:140000038500","杉田貝塚","神奈川県 横浜市磯子区 杉田四丁目","","https://geoshape.ex.nii.ac.jp/nrct-poi/resource/14/140000038500.html"
"geoshape-nrct-poi:140000038600","東漸寺","神奈川県 横浜市 都筑区佐江戸町2240番地","","https://geoshape.ex.nii.ac.jp/nrct-poi/resource/14/140000038600.html"
"geoshape-nrct-poi:140000039900","富岡八幡宮","神奈川県 横浜市 金沢区富岡東四丁目5番41号","","https://geoshape.ex.nii.ac.jp/nrct-poi/resource/14/140000039900.html"
"geoshape-nrct-poi:140000040000","慶珊寺","神奈川県 横浜市 金沢区富岡東四丁目1番8号","","https://geoshape.ex.nii.ac.jp/nrct-poi/resource/14/140000040000.html"
"geoshape-nrct-poi:140000040300","能見堂跡","神奈川県 横浜市金沢区 能見台森","","https://geoshape.ex.nii.ac.jp/nrct-poi/resource/14/140000040300.html"
"geoshape-nrct-poi:140000040500","称名寺","神奈川県 横浜市 金沢区金沢町212番地","","https://geoshape.ex.nii.ac.jp/nrct-poi/resource/14/140000040500.html"
"geoshape-nrct-poi:140000040600","金沢文庫","神奈川県 横浜市金沢区 金沢町","","https://geoshape.ex.nii.ac.jp/nrct-poi/resource/14/140000040600.html"
"geoshape-nrct-poi:140000040700","称名寺貝塚","神奈川県 横浜市金沢区 金沢町","","https://geoshape.ex.nii.ac.jp/nrct-poi/resource/14/140000040700.html"
"geoshape-nrct-poi:140000041000","龍華寺","神奈川県 横浜市 金沢区洲崎町9番31号","","https://geoshape.ex.nii.ac.jp/nrct-poi/resource/14/140000041000.html"
"geoshape-nrct-poi:140000041200","野島貝塚","神奈川県 横浜市金沢区 野島町","","https://geoshape.ex.nii.ac.jp/nrct-poi/resource/14/140000041200.html"
"geoshape-nrct-poi:140000041600","瀬戸神社","神奈川県 横浜市 金沢区瀬戸18番14号","","https://geoshape.ex.nii.ac.jp/nrct-poi/resource/14/140000041600.html"
"geoshape-nrct-poi:140000041800","米倉陣屋跡","神奈川県 横浜市金沢区 瀬戸","","https://geoshape.ex.nii.ac.jp/nrct-poi/resource/14/140000041800.html"
"geoshape-nrct-poi:140000043500","岩瀬山横穴群","神奈川県 横浜市鶴見区 駒岡五丁目","","https://geoshape.ex.nii.ac.jp/nrct-poi/resource/14/140000043500.html"
"geoshape-nrct-poi:140000043700","二ッ池遺跡","神奈川県 横浜市鶴見区 獅子ケ谷三丁目","","https://geoshape.ex.nii.ac.jp/nrct-poi/resource/14/140000043700.html"
"geoshape-nrct-poi:140000044000","小仙塚貝塚","神奈川県 横浜市鶴見区 下末吉六丁目","","https://geoshape.ex.nii.ac.jp/nrct-poi/resource/14/140000044000.html"
"geoshape-nrct-poi:140000044400","松蔭寺","神奈川県 横浜市 鶴見区東寺尾一丁目18番","","https://geoshape.ex.nii.ac.jp/nrct-poi/resource/14/140000044400.html"
"geoshape-nrct-poi:140000044600","総持寺","神奈川県 横浜市 鶴見区鶴見二丁目1番","","https://geoshape.ex.nii.ac.jp/nrct-poi/resource/14/140000044600.html"
"geoshape-nrct-poi:140000044800","風早台貝塚","神奈川県 横浜市鶴見区 岸谷二丁目","","https://geoshape.ex.nii.ac.jp/nrct-poi/resource/14/140000044800.html"
"geoshape-nrct-poi:140000045600","神之木台遺跡","神奈川県 横浜市神奈川区 神之木台","","https://geoshape.ex.nii.ac.jp/nrct-poi/resource/14/140000045600.html"
"geoshape-nrct-poi:140000046200","成仏寺","神奈川県 横浜市 神奈川区神奈川本町10番地","","https://geoshape.ex.nii.ac.jp/nrct-poi/resource/14/140000046200.html"
"geoshape-nrct-poi:140000046300","慶雲寺","神奈川県 横浜市神奈川区 神奈川本町","","https://geoshape.ex.nii.ac.jp/nrct-poi/resource/14/140000046300.html"
"geoshape-nrct-poi:140000046500","本覚寺","神奈川県 横浜市 神奈川区高島台1番地","","https://geoshape.ex.nii.ac.jp/nrct-poi/resource/14/140000046500.html"
"geoshape-nrct-poi:140000046600","三ッ沢貝塚","神奈川県 横浜市神奈川区 三ツ沢東町","","https://geoshape.ex.nii.ac.jp/nrct-poi/resource/14/140000046600.html"
"geoshape-nrct-poi:140000048100","瀬戸ヶ谷古墳","神奈川県 横浜市保土ケ谷区 瀬戸ケ谷町","","https://geoshape.ex.nii.ac.jp/nrct-poi/resource/14/140000048100.html"
"geoshape-nrct-poi:140000048700","仏向貝塚","神奈川県 横浜市保土ケ谷区 仏向町","","https://geoshape.ex.nii.ac.jp/nrct-poi/resource/14/140000048700.html"
"geoshape-nrct-poi:140000050100","そとごう遺跡","神奈川県 横浜市戸塚区 上柏尾町","","https://geoshape.ex.nii.ac.jp/nrct-poi/resource/14/140000050100.html"
"geoshape-nrct-poi:140000050900","東野台古墳群","神奈川県 横浜市戸塚区 上矢部町","","https://geoshape.ex.nii.ac.jp/nrct-poi/resource/14/140000050900.html"
"geoshape-nrct-poi:140000051500","伝泉小次郎親衡館跡","神奈川県 横浜市泉区 和泉中央南四丁目","","https://geoshape.ex.nii.ac.jp/nrct-poi/resource/14/140000051500.html"
"geoshape-nrct-poi:140000053100","長尾台遺跡","神奈川県 横浜市栄区 長尾台町","","https://geoshape.ex.nii.ac.jp/nrct-poi/resource/14/140000053100.html"
"geoshape-nrct-poi:140000054000","証菩提寺","神奈川県 横浜市 栄区上郷町1864番地","","https://geoshape.ex.nii.ac.jp/nrct-poi/resource/14/140000054000.html"
"geoshape-nrct-poi:140000054900","矢上谷戸貝塚","神奈川県 横浜市港北区 日吉二丁目","","https://geoshape.ex.nii.ac.jp/nrct-poi/resource/14/140000054900.html"
"geoshape-nrct-poi:140000055000","日吉矢上古墳","神奈川県 横浜市港北区 日吉二丁目","","https://geoshape.ex.nii.ac.jp/nrct-poi/resource/14/140000055000.html"
"geoshape-nrct-poi:140000055100","観音松古墳","神奈川県 横浜市港北区 日吉三丁目","","https://geoshape.ex.nii.ac.jp/nrct-poi/resource/14/140000055100.html"
"geoshape-nrct-poi:140000055300","下組貝塚","神奈川県 横浜市港北区 下田町三丁目","","https://geoshape.ex.nii.ac.jp/nrct-poi/resource/14/140000055300.html"
"geoshape-nrct-poi:140000055500","森戸原遺跡","神奈川県 横浜市港北区 日吉本町六丁目","","https://geoshape.ex.nii.ac.jp/nrct-poi/resource/14/140000055500.html"
"geoshape-nrct-poi:140000055600","日吉台遺跡","神奈川県 横浜市港北区 日吉本町四丁目","","https://geoshape.ex.nii.ac.jp/nrct-poi/resource/14/140000055600.html"
"geoshape-nrct-poi:140000056200","太尾遺跡","神奈川県 横浜市港北区 大倉山七丁目","","https://geoshape.ex.nii.ac.jp/nrct-poi/resource/14/140000056200.html"
"geoshape-nrct-poi:140000056800","熊野神社","神奈川県 横浜市 港北区師岡町1137番地","","https://geoshape.ex.nii.ac.jp/nrct-poi/resource/14/140000056800.html"
"geoshape-nrct-poi:140000057100","三会寺","神奈川県 横浜市 港北区鳥山町730番地","","https://geoshape.ex.nii.ac.jp/nrct-poi/resource/14/140000057100.html"
"geoshape-nrct-poi:140000057300","雲松院","神奈川県 横浜市 港北区小机町1451番地","","https://geoshape.ex.nii.ac.jp/nrct-poi/resource/14/140000057300.html"
"geoshape-nrct-poi:140000057400","小机城跡","神奈川県 横浜市港北区 小机町","","https://geoshape.ex.nii.ac.jp/nrct-poi/resource/14/140000057400.html"
"geoshape-nrct-poi:140000057700","北川貝塚","神奈川県 横浜市都筑区 早渕三丁目","","https://geoshape.ex.nii.ac.jp/nrct-poi/resource/14/140000057700.html"
"geoshape-nrct-poi:140000057800","宮ノ原貝塚","神奈川県 横浜市港北区 新吉田町","","https://geoshape.ex.nii.ac.jp/nrct-poi/resource/14/140000057800.html"
"geoshape-nrct-poi:140000057900","神隠丸山遺跡","神奈川県 横浜市都筑区 早渕一丁目","","https://geoshape.ex.nii.ac.jp/nrct-poi/resource/14/140000057900.html"
"geoshape-nrct-poi:140000058300","南堀貝塚","神奈川県 横浜市都筑区 南山田三丁目","","https://geoshape.ex.nii.ac.jp/nrct-poi/resource/14/140000058300.html"
"geoshape-nrct-poi:140000058600","歳勝土遺跡","神奈川県 横浜市都筑区 大棚西","","https://geoshape.ex.nii.ac.jp/nrct-poi/resource/14/140000058600.html"
"geoshape-nrct-poi:140000058700","大塚遺跡","神奈川県 横浜市港北区 大倉山七丁目","","https://geoshape.ex.nii.ac.jp/nrct-poi/resource/14/140000058700.html"
"geoshape-nrct-poi:140000058900","茅ヶ崎貝塚","神奈川県 茅ヶ崎市 茅ヶ崎一丁目","","https://geoshape.ex.nii.ac.jp/nrct-poi/resource/14/140000058900.html"
"geoshape-nrct-poi:140000059000","綱崎山遺跡","神奈川県 横浜市都筑区 茅ケ崎町","","https://geoshape.ex.nii.ac.jp/nrct-poi/resource/14/140000059000.html"
"geoshape-nrct-poi:140000059100","茅ヶ崎城跡","神奈川県 横浜市都筑区 茅ケ崎東二丁目","","https://geoshape.ex.nii.ac.jp/nrct-poi/resource/14/140000059100.html"
"geoshape-nrct-poi:140000059800","大熊仲町遺跡","神奈川県 川崎市麻生区 片平三丁目","","https://geoshape.ex.nii.ac.jp/nrct-poi/resource/14/140000059800.html"
"geoshape-nrct-poi:140000060000","折本貝塚","神奈川県 横浜市都筑区 折本町","","https://geoshape.ex.nii.ac.jp/nrct-poi/resource/14/140000060000.html"
"geoshape-nrct-poi:140000060100","折本西原遺跡","神奈川県 横浜市都筑区 折本町","","https://geoshape.ex.nii.ac.jp/nrct-poi/resource/14/140000060100.html"
"geoshape-nrct-poi:140000060500","三の丸遺跡","神奈川県 横浜市都筑区 川和町","","https://geoshape.ex.nii.ac.jp/nrct-poi/resource/14/140000060500.html"
"geoshape-nrct-poi:140000060600","池辺第一四遺跡","神奈川県 横浜市都筑区 池辺町","","https://geoshape.ex.nii.ac.jp/nrct-poi/resource/14/140000060600.html"
"geoshape-nrct-poi:140000060900","花見山遺跡","神奈川県 横浜市都筑区 川和町","","https://geoshape.ex.nii.ac.jp/nrct-poi/resource/14/140000060900.html"
"geoshape-nrct-poi:140000061100","華蔵台遺跡","神奈川県 横浜市都筑区 荏田南五丁目","","https://geoshape.ex.nii.ac.jp/nrct-poi/resource/14/140000061100.html"
"geoshape-nrct-poi:140000061200","矢崎山古墳","神奈川県 横浜市都筑区 荏田東四丁目","","https://geoshape.ex.nii.ac.jp/nrct-poi/resource/14/140000061200.html"
"geoshape-nrct-poi:150000010100","市振関所跡","新潟県 糸魚川市 大字市振","","https://geoshape.ex.nii.ac.jp/nrct-poi/resource/15/150000010100.html"
"geoshape-nrct-poi:150000010400","大雲寺","新潟県 糸魚川市 大字田伏1208番地","","https://geoshape.ex.nii.ac.jp/nrct-poi/resource/15/150000010400.html"
"geoshape-nrct-poi:150000010700","勝山城跡","新潟県 糸魚川市 大字歌","","https://geoshape.ex.nii.ac.jp/nrct-poi/resource/15/150000010700.html"
"geoshape-nrct-poi:150000010900","青海神社","新潟県 糸魚川市 大字青海762番地","","https://geoshape.ex.nii.ac.jp/nrct-poi/resource/15/150000010900.html"
"geoshape-nrct-poi:150000011100","橋立金山跡","新潟県 糸魚川市 大字青海","","https://geoshape.ex.nii.ac.jp/nrct-poi/resource/15/150000011100.html"
"geoshape-nrct-poi:150000011300","松山城跡","新潟県 糸魚川市 大字青海","","https://geoshape.ex.nii.ac.jp/nrct-poi/resource/15/150000011300.html"
"geoshape-nrct-poi:150000011400","寺地遺跡","新潟県 糸魚川市 大字青海","","https://geoshape.ex.nii.ac.jp/nrct-poi/resource/15/150000011400.html"
"geoshape-nrct-poi:150000011800","大角地遺跡","新潟県 糸魚川市 大字今村新田","","https://geoshape.ex.nii.ac.jp/nrct-poi/resource/15/150000011800.html"
"geoshape-nrct-poi:150000013000","大神社","新潟県 糸魚川市 大字平1345番地","","https://geoshape.ex.nii.ac.jp/nrct-poi/resource/15/150000013000.html"
"geoshape-nrct-poi:150000015300","能生白山神社","新潟県 新潟市 中央区水道町二丁目808番地","","https://geoshape.ex.nii.ac.jp/nrct-poi/resource/15/150000015300.html"
"geoshape-nrct-poi:150000016000","徳合城跡","新潟県 糸魚川市 大字仙納","","https://geoshape.ex.nii.ac.jp/nrct-poi/resource/15/150000016000.html"
"geoshape-nrct-poi:150000016900","江野神社","新潟県 上越市 名立区名立大町1335番地","","https://geoshape.ex.nii.ac.jp/nrct-poi/resource/15/150000016900.html"
"geoshape-nrct-poi:150000017000","名立寺","新潟県 上越市 名立区名立大町270番地","","https://geoshape.ex.nii.ac.jp/nrct-poi/resource/15/150000017000.html"
"geoshape-nrct-poi:150000017100","岩屋堂観音","新潟県 上越市 名立区名立大町842番地","","https://geoshape.ex.nii.ac.jp/nrct-poi/resource/15/150000017100.html"
"geoshape-nrct-poi:150000020200","笛吹田遺跡","新潟県 糸魚川市 東寺町一丁目","","https://geoshape.ex.nii.ac.jp/nrct-poi/resource/15/150000020200.html"
"geoshape-nrct-poi:150000021100","糸魚川城跡","新潟県 糸魚川市 一の宮一丁目","","https://geoshape.ex.nii.ac.jp/nrct-poi/resource/15/150000021100.html"
"geoshape-nrct-poi:150000021200","天津神社","新潟県 上越市 大字東京田34番地1","","https://geoshape.ex.nii.ac.jp/nrct-poi/resource/15/150000021200.html"
"geoshape-nrct-poi:150000021300","天津神社祭祀遺跡","新潟県 糸魚川市 一の宮一丁目","","https://geoshape.ex.nii.ac.jp/nrct-poi/resource/15/150000021300.html"
"geoshape-nrct-poi:150000021400","長者ヶ原遺跡","新潟県 糸魚川市 大字一ノ宮","","https://geoshape.ex.nii.ac.jp/nrct-poi/resource/15/150000021400.html"
"geoshape-nrct-poi:150000022300","今井城跡","新潟県 糸魚川市 大谷内","","https://geoshape.ex.nii.ac.jp/nrct-poi/resource/15/150000022300.html"
"geoshape-nrct-poi:150000022500","虫川番所跡","新潟県 糸魚川市 大字大谷内","","https://geoshape.ex.nii.ac.jp/nrct-poi/resource/15/150000022500.html"
"geoshape-nrct-poi:150000023500","根知城跡","新潟県 糸魚川市 大字根小屋","","https://geoshape.ex.nii.ac.jp/nrct-poi/resource/15/150000023500.html"
"geoshape-nrct-poi:150000023700","仁王堂","新潟県 糸魚川市 大字東中","","https://geoshape.ex.nii.ac.jp/nrct-poi/resource/15/150000023700.html"
"geoshape-nrct-poi:150000025100","山口番所跡","新潟県 糸魚川市 大字杉之当","","https://geoshape.ex.nii.ac.jp/nrct-poi/resource/15/150000025100.html"
"geoshape-nrct-poi:150000025400","金蔵院","新潟県 糸魚川市 大字山寺149番地","","https://geoshape.ex.nii.ac.jp/nrct-poi/resource/15/150000025400.html"
"geoshape-nrct-poi:150000026000","耕文寺","新潟県 糸魚川市 大字羽生105番地","","https://geoshape.ex.nii.ac.jp/nrct-poi/resource/15/150000026000.html"
"geoshape-nrct-poi:150000027300","雲台寺","新潟県 糸魚川市 大字御前山","","https://geoshape.ex.nii.ac.jp/nrct-poi/resource/15/150000027300.html"
"geoshape-nrct-poi:150000027800","金山城跡","新潟県 糸魚川市 大字田伏","","https://geoshape.ex.nii.ac.jp/nrct-poi/resource/15/150000027800.html"
"geoshape-nrct-poi:150000028000","田伏玉作遺跡","新潟県 糸魚川市 大字田伏","","https://geoshape.ex.nii.ac.jp/nrct-poi/resource/15/150000028000.html"
"geoshape-nrct-poi:150000029200","日光寺","新潟県 東蒲原郡阿賀町 払川字西山1973番地","","https://geoshape.ex.nii.ac.jp/nrct-poi/resource/15/150000029200.html"
"geoshape-nrct-poi:150000029500","細池遺跡","新潟県 糸魚川市 大字滝川原","","https://geoshape.ex.nii.ac.jp/nrct-poi/resource/15/150000029500.html"
"geoshape-nrct-poi:150000030400","不動山城跡","新潟県 糸魚川市 大字越","","https://geoshape.ex.nii.ac.jp/nrct-poi/resource/15/150000030400.html"
"geoshape-nrct-poi:150000030600","剣神社","新潟県 上越市 大字劔165番地","","https://geoshape.ex.nii.ac.jp/nrct-poi/resource/15/150000030600.html"
"geoshape-nrct-poi:150000031900","善正寺","新潟県 長岡市 中野東3008番地","","https://geoshape.ex.nii.ac.jp/nrct-poi/resource/15/150000031900.html"
"geoshape-nrct-poi:150000033600","関川関所跡","新潟県 妙高市 大字関川","","https://geoshape.ex.nii.ac.jp/nrct-poi/resource/15/150000033600.html"
"geoshape-nrct-poi:150000034400","兼俣遺跡","新潟県 妙高市 大字兼俣","","https://geoshape.ex.nii.ac.jp/nrct-poi/resource/15/150000034400.html"
"geoshape-nrct-poi:150000035200","関山神社","新潟県 新潟市 中央区水道町二丁目808番地","","https://geoshape.ex.nii.ac.jp/nrct-poi/resource/15/150000035200.html"
"geoshape-nrct-poi:150000035600","宝蔵院跡","新潟県 妙高市 大字関山","","https://geoshape.ex.nii.ac.jp/nrct-poi/resource/15/150000035600.html"
"geoshape-nrct-poi:150000035700","興善寺","新潟県 妙高市 大字関山1036番地","","https://geoshape.ex.nii.ac.jp/nrct-poi/resource/15/150000035700.html"
"geoshape-nrct-poi:150000035800","宝海寺","新潟県 妙高市 大字関山5085番地甲","","https://geoshape.ex.nii.ac.jp/nrct-poi/resource/15/150000035800.html"
"geoshape-nrct-poi:150000036400","葎生遺跡","新潟県 妙高市 大字葎生","","https://geoshape.ex.nii.ac.jp/nrct-poi/resource/15/150000036400.html"
"geoshape-nrct-poi:150000038400","中古遺跡","新潟県 妙高市 大字大鹿","","https://geoshape.ex.nii.ac.jp/nrct-poi/resource/15/150000038400.html"
"geoshape-nrct-poi:150000039000","籠峰遺跡","新潟県 上越市 中郷区稲荷山","","https://geoshape.ex.nii.ac.jp/nrct-poi/resource/15/150000039000.html"
"geoshape-nrct-poi:150000039500","松ヶ峯遺跡","新潟県 魚沼市 江口新田","","https://geoshape.ex.nii.ac.jp/nrct-poi/resource/15/150000039500.html"
"geoshape-nrct-poi:150000041500","山寺薬師","新潟県 見附市 月見台一丁目","","https://geoshape.ex.nii.ac.jp/nrct-poi/resource/15/150000041500.html"
"geoshape-nrct-poi:150000043600","恵信尼廟所","新潟県 見附市 月見台一丁目","","https://geoshape.ex.nii.ac.jp/nrct-poi/resource/15/150000043600.html"
"geoshape-nrct-poi:150000046500","黒保遺跡","新潟県 見附市 月見台一丁目","","https://geoshape.ex.nii.ac.jp/nrct-poi/resource/15/150000046500.html"
"geoshape-nrct-poi:150000047000","菅原古墳群","新潟県 上越市 清里区菅原","","https://geoshape.ex.nii.ac.jp/nrct-poi/resource/15/150000047000.html"
"geoshape-nrct-poi:150000049200","水科古墳群","新潟県 上越市 三和区水科","","https://geoshape.ex.nii.ac.jp/nrct-poi/resource/15/150000049200.html"
"geoshape-nrct-poi:150000050800","風巻神社","新潟県 上越市 三和区岡田24番地","","https://geoshape.ex.nii.ac.jp/nrct-poi/resource/15/150000050800.html"
"geoshape-nrct-poi:150000054300","塔ヶ崎遺跡","新潟県 上越市 頸城区北四ツ屋","","https://geoshape.ex.nii.ac.jp/nrct-poi/resource/15/150000054300.html"
"geoshape-nrct-poi:150000066600","金谷塚群","新潟県 上越市柿崎区 金谷","","https://geoshape.ex.nii.ac.jp/nrct-poi/resource/15/150000066600.html"
"geoshape-nrct-poi:150000067000","鍋屋町遺跡","新潟県 見附市 月見台一丁目","","https://geoshape.ex.nii.ac.jp/nrct-poi/resource/15/150000067000.html"
"geoshape-nrct-poi:150000067100","大久保遺跡","新潟県 新潟市北区 大久保","","https://geoshape.ex.nii.ac.jp/nrct-poi/resource/15/150000067100.html"
"geoshape-nrct-poi:150000067200","浄福寺","新潟県 上越市 柿崎区柿崎6654番地","","https://geoshape.ex.nii.ac.jp/nrct-poi/resource/15/150000067200.html"
"geoshape-nrct-poi:150000067300","柿崎城跡","新潟県 上越市 柿崎区柿崎405-7","","https://geoshape.ex.nii.ac.jp/nrct-poi/resource/15/150000067300.html"
"geoshape-nrct-poi:150000067400","木崎山遺跡","新潟県 上越市 柿崎区柿崎","","https://geoshape.ex.nii.ac.jp/nrct-poi/resource/15/150000067400.html"
"geoshape-nrct-poi:150000068600","新保遺跡","新潟県 上越市 柿崎区上直海","","https://geoshape.ex.nii.ac.jp/nrct-poi/resource/15/150000068600.html"
"geoshape-nrct-poi:150000070800","楞厳寺","新潟県 上越市 柿崎区芋島2727番地","","https://geoshape.ex.nii.ac.jp/nrct-poi/resource/15/150000070800.html"
"geoshape-nrct-poi:150000071200","密藏院","新潟県 上越市 柿崎区下牧970番地","","https://geoshape.ex.nii.ac.jp/nrct-poi/resource/15/150000071200.html"
"geoshape-nrct-poi:150000071400","米山薬師堂","新潟県 上越市 柿崎区水野","","https://geoshape.ex.nii.ac.jp/nrct-poi/resource/15/150000071400.html"
"geoshape-nrct-poi:150000072100","猿毛城跡","新潟県 佐渡市 城腰","","https://geoshape.ex.nii.ac.jp/nrct-poi/resource/15/150000072100.html"
"geoshape-nrct-poi:150000073500","報恩寺","新潟県 上越市 吉川区山直海829番地","","https://geoshape.ex.nii.ac.jp/nrct-poi/resource/15/150000073500.html"
"geoshape-nrct-poi:150000075300","長峰遺跡","新潟県 見附市 月見台一丁目","","https://geoshape.ex.nii.ac.jp/nrct-poi/resource/15/150000075300.html"
"geoshape-nrct-poi:150000078200","古町B遺跡","新潟県 上越市 吉川区六万部","","https://geoshape.ex.nii.ac.jp/nrct-poi/resource/15/150000078200.html"
"geoshape-nrct-poi:150000080600","新井陣屋跡","新潟県 妙高市 白山町一丁目","","https://geoshape.ex.nii.ac.jp/nrct-poi/resource/15/150000080600.html"
"geoshape-nrct-poi:150000080700","新井別院","新潟県 妙高市 下町5番3号","","https://geoshape.ex.nii.ac.jp/nrct-poi/resource/15/150000080700.html"
"geoshape-nrct-poi:150000081000","照光寺","新潟県 妙高市 大字小出雲一丁目11番","","https://geoshape.ex.nii.ac.jp/nrct-poi/resource/15/150000081000.html"
"geoshape-nrct-poi:150000081500","正念寺","新潟県 新潟市 西蒲区巻甲2653番地","","https://geoshape.ex.nii.ac.jp/nrct-poi/resource/15/150000081500.html"
"geoshape-nrct-poi:150000081600","鳥坂城跡","新潟県 妙高市 大字姫川原","","https://geoshape.ex.nii.ac.jp/nrct-poi/resource/15/150000081600.html"
"geoshape-nrct-poi:150000082000","菓成寺","新潟県 妙高市 大字上堀之内638番地","","https://geoshape.ex.nii.ac.jp/nrct-poi/resource/15/150000082000.html"
"geoshape-nrct-poi:150000082200","願生寺","新潟県 燕市 吉田法花堂427番地","","https://geoshape.ex.nii.ac.jp/nrct-poi/resource/15/150000082200.html"
"geoshape-nrct-poi:150000082600","原通古墳群","新潟県 妙高市 大字大沢新田","","https://geoshape.ex.nii.ac.jp/nrct-poi/resource/15/150000082600.html"
"geoshape-nrct-poi:150000083000","吉木蝋点所跡","新潟県 妙高市 大字吉木","","https://geoshape.ex.nii.ac.jp/nrct-poi/resource/15/150000083000.html"
"geoshape-nrct-poi:150000083100","専念寺","新潟県 妙高市 大字吉木976番地","","https://geoshape.ex.nii.ac.jp/nrct-poi/resource/15/150000083100.html"
"geoshape-nrct-poi:150000083200","勝徳寺","新潟県 妙高市 大字吉木901番地","","https://geoshape.ex.nii.ac.jp/nrct-poi/resource/15/150000083200.html"
"geoshape-nrct-poi:150000084400","大貝遺跡","新潟県 妙高市 大字大貝","","https://geoshape.ex.nii.ac.jp/nrct-poi/resource/15/150000084400.html"
"geoshape-nrct-poi:150000086500","摩尼王寺","新潟県 妙高市 大字十日市846番地","","https://geoshape.ex.nii.ac.jp/nrct-poi/resource/15/150000086500.html"
"geoshape-nrct-poi:150000086900","斐太神社","新潟県 妙高市 大字飛田451番地","","https://geoshape.ex.nii.ac.jp/nrct-poi/resource/15/150000086900.html"
"geoshape-nrct-poi:150000087000","斐太遺跡","新潟県 妙高市 大字宮内","","https://geoshape.ex.nii.ac.jp/nrct-poi/resource/15/150000087000.html"
"geoshape-nrct-poi:150000087200","観音平・天神堂古墳群","新潟県 妙高市 大字籠町","","https://geoshape.ex.nii.ac.jp/nrct-poi/resource/15/150000087200.html"
"geoshape-nrct-poi:150000087600","鮫ヶ尾城跡","新潟県 妙高市 大字宮内","","https://geoshape.ex.nii.ac.jp/nrct-poi/resource/15/150000087600.html"
"geoshape-nrct-poi:150000088500","万五郎古墳","新潟県 妙高市 大字新保新田","","https://geoshape.ex.nii.ac.jp/nrct-poi/resource/15/150000088500.html"
"geoshape-nrct-poi:150000088900","小丸山古墳群","新潟県 妙高市 大字小丸山新田","","https://geoshape.ex.nii.ac.jp/nrct-poi/resource/15/150000088900.html"
"geoshape-nrct-poi:150000090100","松原館跡","新潟県 妙高市 大字両善寺","","https://geoshape.ex.nii.ac.jp/nrct-poi/resource/15/150000090100.html"
"geoshape-nrct-poi:150000092600","福島城跡","新潟県 上越市 港町二丁目","","https://geoshape.ex.nii.ac.jp/nrct-poi/resource/15/150000092600.html"
"geoshape-nrct-poi:150000092900","八坂神社","新潟県 東蒲原郡阿賀町 東山1190番地","","https://geoshape.ex.nii.ac.jp/nrct-poi/resource/15/150000092900.html"
"geoshape-nrct-poi:150000093100","御館跡","新潟県 上越市 五智一丁目","","https://geoshape.ex.nii.ac.jp/nrct-poi/resource/15/150000093100.html"
"geoshape-nrct-poi:150000093300","府中八幡宮","新潟県 上越市 西本町三丁目5番","","https://geoshape.ex.nii.ac.jp/nrct-poi/resource/15/150000093300.html"
"geoshape-nrct-poi:150000093500","至徳寺跡","新潟県 上越市 東町","","https://geoshape.ex.nii.ac.jp/nrct-poi/resource/15/150000093500.html"
"geoshape-nrct-poi:150000093700","安国寺跡","新潟県 上越市 西本町二丁目","","https://geoshape.ex.nii.ac.jp/nrct-poi/resource/15/150000093700.html"
"geoshape-nrct-poi:150000094100","善光寺浜遺跡","新潟県 上越市 五智二丁目","","https://geoshape.ex.nii.ac.jp/nrct-poi/resource/15/150000094100.html"
"geoshape-nrct-poi:150000094300","居多神社","新潟県 上越市 五智六丁目1番11号","","https://geoshape.ex.nii.ac.jp/nrct-poi/resource/15/150000094300.html"
"geoshape-nrct-poi:150000094400","国分寺","新潟県 上越市 五智三丁目20番21号","","https://geoshape.ex.nii.ac.jp/nrct-poi/resource/15/150000094400.html"
"geoshape-nrct-poi:150000094500","愛宕神社","新潟県 新潟市 西蒲区巻甲巻527番地","","https://geoshape.ex.nii.ac.jp/nrct-poi/resource/15/150000094500.html"
"geoshape-nrct-poi:150000094600","国府別院","新潟県 上越市 国府一丁目7番1号","","https://geoshape.ex.nii.ac.jp/nrct-poi/resource/15/150000094600.html"
"geoshape-nrct-poi:150000094700","光源寺","新潟県 妙高市 大字栗原三丁目3番15号","","https://geoshape.ex.nii.ac.jp/nrct-poi/resource/15/150000094700.html"
"geoshape-nrct-poi:150000094900","明静院","新潟県 上越市 大字五智国分2111番地","","https://geoshape.ex.nii.ac.jp/nrct-poi/resource/15/150000094900.html"
"geoshape-nrct-poi:150000095100","阿比多神社","新潟県 上越市 大字長浜904番地，878番地","","https://geoshape.ex.nii.ac.jp/nrct-poi/resource/15/150000095100.html"
"geoshape-nrct-poi:150000104600","高田城跡","新潟県 上越市 本城町","","https://geoshape.ex.nii.ac.jp/nrct-poi/resource/15/150000104600.html"
"geoshape-nrct-poi:150000105700","栄樹寺","新潟県 上越市 南本町二丁目南本町2丁目102番地1","","https://geoshape.ex.nii.ac.jp/nrct-poi/resource/15/150000105700.html"
"geoshape-nrct-poi:150000105900","春日神社","新潟県 新潟市 西蒲区津雲田137番地","","https://geoshape.ex.nii.ac.jp/nrct-poi/resource/15/150000105900.html"
"geoshape-nrct-poi:150000106000","瑞泉寺","新潟県 新発田市 松岡乙235番地1","","https://geoshape.ex.nii.ac.jp/nrct-poi/resource/15/150000106000.html"
"geoshape-nrct-poi:150000107800","直江八幡宮","新潟県 上越市 東本町四丁目3番100号","","https://geoshape.ex.nii.ac.jp/nrct-poi/resource/15/150000107800.html"
"geoshape-nrct-poi:150000109200","日枝神社","新潟県 三条市 帯織8828番地","","https://geoshape.ex.nii.ac.jp/nrct-poi/resource/15/150000109200.html"
"geoshape-nrct-poi:150000110600","惣持寺","新潟県 見附市 元町一丁目3番66号","","https://geoshape.ex.nii.ac.jp/nrct-poi/resource/15/150000110600.html"
"geoshape-nrct-poi:150000110700","高田別院","新潟県 上越市 大字寺町二丁目24番4号","","https://geoshape.ex.nii.ac.jp/nrct-poi/resource/15/150000110700.html"
"geoshape-nrct-poi:150000110800","天崇寺","新潟県 上越市 大字寺町二丁目19番5号","","https://geoshape.ex.nii.ac.jp/nrct-poi/resource/15/150000110800.html"
"geoshape-nrct-poi:150000110900","華園寺","新潟県 上越市 大字寺町二丁目13番9号","","https://geoshape.ex.nii.ac.jp/nrct-poi/resource/15/150000110900.html"
"geoshape-nrct-poi:150000111000","称念寺","新潟県 長岡市 与板町槙原1704番地","","https://geoshape.ex.nii.ac.jp/nrct-poi/resource/15/150000111000.html"
"geoshape-nrct-poi:150000111100","善導寺","新潟県 新潟市 中央区西堀通四番町823番地","","https://geoshape.ex.nii.ac.jp/nrct-poi/resource/15/150000111100.html"
"geoshape-nrct-poi:160000027200","境関所跡","富山県 下新川郡朝日町 境","","https://geoshape.ex.nii.ac.jp/nrct-poi/resource/16/160000027200.html"
"geoshape-nrct-poi:160000027300","境Ａ遺跡","富山県 下新川郡朝日町 境","","https://geoshape.ex.nii.ac.jp/nrct-poi/resource/16/160000027300.html"
"geoshape-nrct-poi:160000027600","宮崎城跡","富山県 下新川郡朝日町 宮崎","","https://geoshape.ex.nii.ac.jp/nrct-poi/resource/16/160000027600.html"
"geoshape-nrct-poi:160000027700","鹿島神社","富山県 下新川郡朝日町 宮崎1484番地","","https://geoshape.ex.nii.ac.jp/nrct-poi/resource/16/160000027700.html"
"geoshape-nrct-poi:160000027900","明石Ａ遺跡","富山県 下新川郡朝日町 宮崎","","https://geoshape.ex.nii.ac.jp/nrct-poi/resource/16/160000027900.html"
"geoshape-nrct-poi:160000028000","浜山玉つくり遺跡","富山県 下新川郡朝日町 境","","https://geoshape.ex.nii.ac.jp/nrct-poi/resource/16/160000028000.html"
"geoshape-nrct-poi:160000028800","脇子八幡宮","富山県 下新川郡朝日町 泊1156番地","","https://geoshape.ex.nii.ac.jp/nrct-poi/resource/16/160000028800.html"
"geoshape-nrct-poi:160000029200","道下遺跡","富山県 下新川郡朝日町 道下","","https://geoshape.ex.nii.ac.jp/nrct-poi/resource/16/160000029200.html"
"geoshape-nrct-poi:160000031300","南保館跡","富山県 下新川郡朝日町 桜町","","https://geoshape.ex.nii.ac.jp/nrct-poi/resource/16/160000031300.html"
"geoshape-nrct-poi:160000031500","柳田古墓","富山県 下新川郡朝日町 大家庄","","https://geoshape.ex.nii.ac.jp/nrct-poi/resource/16/160000031500.html"
"geoshape-nrct-poi:160000032100","不動堂遺跡","富山県 下新川郡朝日町 不動堂","","https://geoshape.ex.nii.ac.jp/nrct-poi/resource/16/160000032100.html"
"geoshape-nrct-poi:160000032800","下山新遺跡","富山県 下新川郡朝日町 下山新","","https://geoshape.ex.nii.ac.jp/nrct-poi/resource/16/160000032800.html"
"geoshape-nrct-poi:160000035300","舟見城跡","富山県 下新川郡入善町 舟見","","https://geoshape.ex.nii.ac.jp/nrct-poi/resource/16/160000035300.html"
"geoshape-nrct-poi:160000036800","じょうべのま遺跡","富山県 下新川郡入善町 田中","","https://geoshape.ex.nii.ac.jp/nrct-poi/resource/16/160000036800.html"
"geoshape-nrct-poi:160000040900","坪野遺跡","富山県 下新川郡入善町 下山","","https://geoshape.ex.nii.ac.jp/nrct-poi/resource/16/160000040900.html"
"geoshape-nrct-poi:160000041700","愛本新遺跡","富山県 黒部市 宇奈月町愛本新","","https://geoshape.ex.nii.ac.jp/nrct-poi/resource/16/160000041700.html"
"geoshape-nrct-poi:160000041900","明日山城跡","富山県 黒部市 宇奈月町明日","","https://geoshape.ex.nii.ac.jp/nrct-poi/resource/16/160000041900.html"
"geoshape-nrct-poi:160000042000","法福寺","富山県 黒部市 宇奈月町明日836番地","","https://geoshape.ex.nii.ac.jp/nrct-poi/resource/16/160000042000.html"
"geoshape-nrct-poi:160000042700","内山砦跡","富山県 黒部市 宇奈月町下立","","https://geoshape.ex.nii.ac.jp/nrct-poi/resource/16/160000042700.html"
"geoshape-nrct-poi:160000043000","浦山寺蔵遺跡","富山県 黒部市 宇奈月町浦山","","https://geoshape.ex.nii.ac.jp/nrct-poi/resource/16/160000043000.html"
"geoshape-nrct-poi:160000045100","若栗城跡","富山県 黒部市 若栗","","https://geoshape.ex.nii.ac.jp/nrct-poi/resource/16/160000045100.html"
"geoshape-nrct-poi:160000045200","若埜神社","富山県 黒部市 若栗3147番地","","https://geoshape.ex.nii.ac.jp/nrct-poi/resource/16/160000045200.html"
"geoshape-nrct-poi:160000045300","善念寺","富山県 黒部市 若栗615番地","","https://geoshape.ex.nii.ac.jp/nrct-poi/resource/16/160000045300.html"
"geoshape-nrct-poi:160000045400","長安寺","富山県 黒部市 若栗3520番地","","https://geoshape.ex.nii.ac.jp/nrct-poi/resource/16/160000045400.html"
"geoshape-nrct-poi:160000045900","吉祥寺","富山県 黒部市 山田新2115番地","","https://geoshape.ex.nii.ac.jp/nrct-poi/resource/16/160000045900.html"
"geoshape-nrct-poi:160000046100","前沢遺跡","富山県 黒部市 前沢","","https://geoshape.ex.nii.ac.jp/nrct-poi/resource/16/160000046100.html"
"geoshape-nrct-poi:160000046500","称名寺","富山県 黒部市 荻生2711番地","","https://geoshape.ex.nii.ac.jp/nrct-poi/resource/16/160000046500.html"
"geoshape-nrct-poi:160000047400","本伝寺","富山県 黒部市 沓掛113番地","","https://geoshape.ex.nii.ac.jp/nrct-poi/resource/16/160000047400.html"
"geoshape-nrct-poi:160000048700","浄永寺","富山県 黒部市 金屋131番地","","https://geoshape.ex.nii.ac.jp/nrct-poi/resource/16/160000048700.html"
"geoshape-nrct-poi:160000050700","生地台場跡","富山県 黒部市 生地芦崎","","https://geoshape.ex.nii.ac.jp/nrct-poi/resource/16/160000050700.html"
"geoshape-nrct-poi:160000051300","専念寺","富山県 黒部市 生地山新937番地","","https://geoshape.ex.nii.ac.jp/nrct-poi/resource/16/160000051300.html"
"geoshape-nrct-poi:160000051500","願楽寺","富山県 黒部市 生地185番地","","https://geoshape.ex.nii.ac.jp/nrct-poi/resource/16/160000051500.html"
"geoshape-nrct-poi:160000051600","前名寺","富山県 黒部市 生地1番地","","https://geoshape.ex.nii.ac.jp/nrct-poi/resource/16/160000051600.html"
"geoshape-nrct-poi:160000051700","新治神社","富山県 黒部市 生地716番地","","https://geoshape.ex.nii.ac.jp/nrct-poi/resource/16/160000051700.html"
"geoshape-nrct-poi:160000052100","辻徳法寺","富山県 黒部市 三日市3214番地","","https://geoshape.ex.nii.ac.jp/nrct-poi/resource/16/160000052100.html"
"geoshape-nrct-poi:160000052200","西徳寺","富山県 黒部市 三日市3220番地","","https://geoshape.ex.nii.ac.jp/nrct-poi/resource/16/160000052200.html"
"geoshape-nrct-poi:160000052300","八心大市比古神社","富山県 黒部市 三日市1036番地","","https://geoshape.ex.nii.ac.jp/nrct-poi/resource/16/160000052300.html"
"geoshape-nrct-poi:160000053500","堀切東館跡","富山県 黒部市 天神新","","https://geoshape.ex.nii.ac.jp/nrct-poi/resource/16/160000053500.html"
"geoshape-nrct-poi:160000053600","堀切西館跡","富山県 黒部市 立野","","https://geoshape.ex.nii.ac.jp/nrct-poi/resource/16/160000053600.html"
"geoshape-nrct-poi:160000054300","石田館跡","富山県 黒部市 岡","","https://geoshape.ex.nii.ac.jp/nrct-poi/resource/16/160000054300.html"
"geoshape-nrct-poi:160000055800","田家遺跡","富山県 黒部市 田家新","","https://geoshape.ex.nii.ac.jp/nrct-poi/resource/16/160000055800.html"
"geoshape-nrct-poi:160000057400","阿古屋野古墳群","富山県 黒部市 阿古屋野","","https://geoshape.ex.nii.ac.jp/nrct-poi/resource/16/160000057400.html"
"geoshape-nrct-poi:160000060900","魚津城跡","富山県 魚津市 本町一丁目","","https://geoshape.ex.nii.ac.jp/nrct-poi/resource/16/160000060900.html"
"geoshape-nrct-poi:160000062100","西願寺","富山県 魚津市 新角川二丁目2番28号","","https://geoshape.ex.nii.ac.jp/nrct-poi/resource/16/160000062100.html"
"geoshape-nrct-poi:160000064700","宮津八幡宮","富山県 魚津市 宮津1521番地","","https://geoshape.ex.nii.ac.jp/nrct-poi/resource/16/160000064700.html"
"geoshape-nrct-poi:160000065400","佐伯遺跡","富山県 魚津市 佐伯","","https://geoshape.ex.nii.ac.jp/nrct-poi/resource/16/160000065400.html"
"geoshape-nrct-poi:160000065700","早月上野遺跡","富山県 魚津市 上野","","https://geoshape.ex.nii.ac.jp/nrct-poi/resource/16/160000065700.html"
"geoshape-nrct-poi:160000066400","升形山城跡","富山県 魚津市 金山谷","","https://geoshape.ex.nii.ac.jp/nrct-poi/resource/16/160000066400.html"
"geoshape-nrct-poi:160000066500","水尾山城跡","富山県 魚津市 下椿","","https://geoshape.ex.nii.ac.jp/nrct-poi/resource/16/160000066500.html"
"geoshape-nrct-poi:160000067700","松倉城跡","富山県 魚津市 鹿熊","","https://geoshape.ex.nii.ac.jp/nrct-poi/resource/16/160000067700.html"
"geoshape-nrct-poi:160000069900","常泉寺","富山県 下新川郡朝日町 南保2267番地","","https://geoshape.ex.nii.ac.jp/nrct-poi/resource/16/160000069900.html"
"geoshape-nrct-poi:160000073500","雲門寺跡","富山県 魚津市 東山","","https://geoshape.ex.nii.ac.jp/nrct-poi/resource/16/160000073500.html"
"geoshape-nrct-poi:160000073800","千光寺跡","富山県 魚津市 小川寺","","https://geoshape.ex.nii.ac.jp/nrct-poi/resource/16/160000073800.html"
"geoshape-nrct-poi:160000073900","天神山城跡","富山県 魚津市 小川寺","","https://geoshape.ex.nii.ac.jp/nrct-poi/resource/16/160000073900.html"
"geoshape-nrct-poi:160000074000","天神山遺跡","富山県 魚津市 小川寺","","https://geoshape.ex.nii.ac.jp/nrct-poi/resource/16/160000074000.html"
"geoshape-nrct-poi:160000074400","布勢神社","富山県 魚津市 布施爪947番地","","https://geoshape.ex.nii.ac.jp/nrct-poi/resource/16/160000074400.html"
"geoshape-nrct-poi:160000074500","桜峠遺跡","富山県 魚津市 布施爪","","https://geoshape.ex.nii.ac.jp/nrct-poi/resource/16/160000074500.html"
"geoshape-nrct-poi:160000075400","常福寺","富山県 中新川郡上市町 南町48番地","","https://geoshape.ex.nii.ac.jp/nrct-poi/resource/16/160000075400.html"
"geoshape-nrct-poi:160000076800","正印新遺跡","富山県 中新川郡上市町 正印新","","https://geoshape.ex.nii.ac.jp/nrct-poi/resource/16/160000076800.html"
"geoshape-nrct-poi:160000077300","中小泉遺跡","富山県 中新川郡上市町 中小泉","","https://geoshape.ex.nii.ac.jp/nrct-poi/resource/16/160000077300.html"
"geoshape-nrct-poi:160000077800","江上Ａ遺跡","富山県 中新川郡上市町 上条沖","","https://geoshape.ex.nii.ac.jp/nrct-poi/resource/16/160000077800.html"
"geoshape-nrct-poi:160000077900","江上Ｂ遺跡","富山県 中新川郡上市町 上条沖","","https://geoshape.ex.nii.ac.jp/nrct-poi/resource/16/160000077900.html"
"geoshape-nrct-poi:160000078300","東江上遺跡","富山県 中新川郡上市町 東江上","","https://geoshape.ex.nii.ac.jp/nrct-poi/resource/16/160000078300.html"
"geoshape-nrct-poi:160000078500","神度神社","富山県 中新川郡上市町 森尻257番地","","https://geoshape.ex.nii.ac.jp/nrct-poi/resource/16/160000078500.html"
"geoshape-nrct-poi:160000080200","飯坂遺跡","富山県 中新川郡上市町 飯坂","","https://geoshape.ex.nii.ac.jp/nrct-poi/resource/16/160000080200.html"
"geoshape-nrct-poi:160000080800","神田遺跡","富山県 中新川郡上市町 神田","","https://geoshape.ex.nii.ac.jp/nrct-poi/resource/16/160000080800.html"
"geoshape-nrct-poi:160000082500","弓庄城跡","富山県 中新川郡上市町 舘","","https://geoshape.ex.nii.ac.jp/nrct-poi/resource/16/160000082500.html"
"geoshape-nrct-poi:160000083100","日石寺","富山県 中新川郡上市町 大岩163番地","","https://geoshape.ex.nii.ac.jp/nrct-poi/resource/16/160000083100.html"
"geoshape-nrct-poi:160000083200","京ヶ峯経塚","富山県 中新川郡上市町 大岩","","https://geoshape.ex.nii.ac.jp/nrct-poi/resource/16/160000083200.html"
"geoshape-nrct-poi:160000083300","茗荷谷山城跡","富山県 中新川郡上市町 大岩","","https://geoshape.ex.nii.ac.jp/nrct-poi/resource/16/160000083300.html"
"geoshape-nrct-poi:160000084300","極楽寺遺跡","富山県 中新川郡上市町 極楽寺","","https://geoshape.ex.nii.ac.jp/nrct-poi/resource/16/160000084300.html"
"geoshape-nrct-poi:160000084500","眼目新丸山遺跡","富山県 中新川郡上市町 眼目新","","https://geoshape.ex.nii.ac.jp/nrct-poi/resource/16/160000084500.html"
"geoshape-nrct-poi:160000084900","稲村城跡","富山県 中新川郡上市町 釈泉寺","","https://geoshape.ex.nii.ac.jp/nrct-poi/resource/16/160000084900.html"
"geoshape-nrct-poi:160000086600","立山寺","富山県 中新川郡上市町 眼目15番地","","https://geoshape.ex.nii.ac.jp/nrct-poi/resource/16/160000086600.html"
"geoshape-nrct-poi:160000087100","斉神新古墳群","富山県 中新川郡上市町 斉神新","","https://geoshape.ex.nii.ac.jp/nrct-poi/resource/16/160000087100.html"
"geoshape-nrct-poi:160000087700","郷柿沢館跡","富山県 中新川郡上市町 郷柿沢","","https://geoshape.ex.nii.ac.jp/nrct-poi/resource/16/160000087700.html"
"geoshape-nrct-poi:160000089100","室堂","富山県 中新川郡立山町 芦峅寺","","https://geoshape.ex.nii.ac.jp/nrct-poi/resource/16/160000089100.html"
"geoshape-nrct-poi:160000090000","芦峅寺跡・中宮寺跡","富山県 中新川郡立山町 芦峅寺","","https://geoshape.ex.nii.ac.jp/nrct-poi/resource/16/160000090000.html"
"geoshape-nrct-poi:160000090200","閻魔堂","富山県 中新川郡立山町 芦峅寺","","https://geoshape.ex.nii.ac.jp/nrct-poi/resource/16/160000090200.html"
"geoshape-nrct-poi:160000090400","【うば】堂跡","富山県 中新川郡立山町 芦峅寺","","https://geoshape.ex.nii.ac.jp/nrct-poi/resource/16/160000090400.html"
"geoshape-nrct-poi:160000091400","立山寺跡・岩峅寺跡","富山県 中新川郡立山町 芦峅寺","","https://geoshape.ex.nii.ac.jp/nrct-poi/resource/16/160000091400.html"
"geoshape-nrct-poi:160000091600","岩峅野遺跡","富山県 中新川郡立山町 岩峅野","","https://geoshape.ex.nii.ac.jp/nrct-poi/resource/16/160000091600.html"
"geoshape-nrct-poi:160000092700","善入寺","富山県 中新川郡立山町 米道12番地","","https://geoshape.ex.nii.ac.jp/nrct-poi/resource/16/160000092700.html"
"geoshape-nrct-poi:160000093900","白岩藪ノ上遺跡","富山県 中新川郡立山町 白岩","","https://geoshape.ex.nii.ac.jp/nrct-poi/resource/16/160000093900.html"
"geoshape-nrct-poi:160000094000","白岩尾掛遺跡","富山県 中新川郡立山町 白岩","","https://geoshape.ex.nii.ac.jp/nrct-poi/resource/16/160000094000.html"
"geoshape-nrct-poi:160000094600","辻遺跡","富山県 中新川郡立山町 辻","","https://geoshape.ex.nii.ac.jp/nrct-poi/resource/16/160000094600.html"
"geoshape-nrct-poi:160000095000","日置神社","富山県 中新川郡立山町 日中65番地","","https://geoshape.ex.nii.ac.jp/nrct-poi/resource/16/160000095000.html"
"geoshape-nrct-poi:160000095100","日置寺","富山県 中新川郡上市町 大岩163番地","","https://geoshape.ex.nii.ac.jp/nrct-poi/resource/16/160000095100.html"
"geoshape-nrct-poi:160000095200","日中砦跡","富山県 中新川郡立山町 日中","","https://geoshape.ex.nii.ac.jp/nrct-poi/resource/16/160000095200.html"
"geoshape-nrct-poi:160000095300","藤塚古墳","富山県 中新川郡立山町 日中","","https://geoshape.ex.nii.ac.jp/nrct-poi/resource/16/160000095300.html"
"geoshape-nrct-poi:160000097000","上末古窯跡群","富山県 中新川郡立山町 上末","","https://geoshape.ex.nii.ac.jp/nrct-poi/resource/16/160000097000.html"
"geoshape-nrct-poi:160000103200","二ッ塚遺跡","富山県 中新川郡立山町 前沢","","https://geoshape.ex.nii.ac.jp/nrct-poi/resource/16/160000103200.html"
"geoshape-nrct-poi:160000103400","山王神社","富山県 中新川郡立山町 浦田1075番地","","https://geoshape.ex.nii.ac.jp/nrct-poi/resource/16/160000103400.html"
"geoshape-nrct-poi:160000103500","照名寺","富山県 中新川郡立山町 浦田1059番地","","https://geoshape.ex.nii.ac.jp/nrct-poi/resource/16/160000103500.html"
"geoshape-nrct-poi:160000103600","浦田遺跡","富山県 中新川郡立山町 浦田","","https://geoshape.ex.nii.ac.jp/nrct-poi/resource/16/160000103600.html"
"geoshape-nrct-poi:160000103700","稚児塚古墳","富山県 中新川郡立山町 浦田","","https://geoshape.ex.nii.ac.jp/nrct-poi/resource/16/160000103700.html"
"geoshape-nrct-poi:160000105000","利田横枕遺跡","富山県 中新川郡立山町 利田","","https://geoshape.ex.nii.ac.jp/nrct-poi/resource/16/160000105000.html"
"geoshape-nrct-poi:160000106300","無量寺","富山県 中新川郡舟橋村 竹内323番地","","https://geoshape.ex.nii.ac.jp/nrct-poi/resource/16/160000106300.html"
"geoshape-nrct-poi:160000106400","竹内天神堂古墳","富山県 中新川郡舟橋村 竹内","","https://geoshape.ex.nii.ac.jp/nrct-poi/resource/16/160000106400.html"
"geoshape-nrct-poi:160000106900","仏生寺城跡","富山県 中新川郡舟橋村 佛生寺","","https://geoshape.ex.nii.ac.jp/nrct-poi/resource/16/160000106900.html"
"geoshape-nrct-poi:160000107100","等通寺","富山県 中新川郡舟橋村 海老江176番地","","https://geoshape.ex.nii.ac.jp/nrct-poi/resource/16/160000107100.html"
"geoshape-nrct-poi:160000110400","櫟原神社","富山県 滑川市 神明町1177番地","","https://geoshape.ex.nii.ac.jp/nrct-poi/resource/16/160000110400.html"
"geoshape-nrct-poi:160000111700","徳城寺","富山県 滑川市 四間町598番地","","https://geoshape.ex.nii.ac.jp/nrct-poi/resource/16/160000111700.html"
"geoshape-nrct-poi:160000113500","加茂神社","富山県 滑川市 高月町662番地","","https://geoshape.ex.nii.ac.jp/nrct-poi/resource/16/160000113500.html"
"geoshape-nrct-poi:160000114600","黄梅寺跡","富山県 滑川市 上梅沢","","https://geoshape.ex.nii.ac.jp/nrct-poi/resource/16/160000114600.html"
"geoshape-nrct-poi:160000115100","堀江城跡","富山県 滑川市 赤浜","","https://geoshape.ex.nii.ac.jp/nrct-poi/resource/16/160000115100.html"
"geoshape-nrct-poi:160000121200","東金屋たたら跡","富山県 滑川市 東金屋","","https://geoshape.ex.nii.ac.jp/nrct-poi/resource/16/160000121200.html"
"geoshape-nrct-poi:160000121500","森野新館跡","富山県 滑川市 森野新","","https://geoshape.ex.nii.ac.jp/nrct-poi/resource/16/160000121500.html"
"geoshape-nrct-poi:160000123100","本江遺跡","富山県 滑川市 本江","","https://geoshape.ex.nii.ac.jp/nrct-poi/resource/16/160000123100.html"
"geoshape-nrct-poi:160000123200","万年寺谷遺跡","富山県 滑川市 本江","","https://geoshape.ex.nii.ac.jp/nrct-poi/resource/16/160000123200.html"
"geoshape-nrct-poi:170000012200","医王寺","石川県 加賀市 山中温泉薬師町リ1番地","","https://geoshape.ex.nii.ac.jp/nrct-poi/resource/17/170000012200.html"
"geoshape-nrct-poi:170000012300","白山神社","石川県 白山市 東二口卯23番地","","https://geoshape.ex.nii.ac.jp/nrct-poi/resource/17/170000012300.html"
"geoshape-nrct-poi:170000012400","壽經寺","石川県 加賀市 山中温泉湯の出町タ34番地","","https://geoshape.ex.nii.ac.jp/nrct-poi/resource/17/170000012400.html"
"geoshape-nrct-poi:170000012500","恩栄寺","石川県 加賀市 山中温泉湯の出町レ山中温泉湯の出町35番地","","https://geoshape.ex.nii.ac.jp/nrct-poi/resource/17/170000012500.html"
"geoshape-nrct-poi:170000012600","灯明寺","石川県 金沢市 長坂ヲ203番地","","https://geoshape.ex.nii.ac.jp/nrct-poi/resource/17/170000012600.html"
"geoshape-nrct-poi:170000013000","黒谷城跡","石川県 加賀市 山中温泉東町一丁目","","https://geoshape.ex.nii.ac.jp/nrct-poi/resource/17/170000013000.html"
"geoshape-nrct-poi:170000013800","徳性寺","石川県 加賀市 山中温泉菅谷町ヘ92番地","","https://geoshape.ex.nii.ac.jp/nrct-poi/resource/17/170000013800.html"
"geoshape-nrct-poi:170000014300","大内番所跡","石川県 小松市 岩上町","","https://geoshape.ex.nii.ac.jp/nrct-poi/resource/17/170000014300.html"
"geoshape-nrct-poi:170000014800","日置神社","石川県 珠洲市 折戸町リ部4番地2","","https://geoshape.ex.nii.ac.jp/nrct-poi/resource/17/170000014800.html"
"geoshape-nrct-poi:170000015300","九谷古窯跡群","石川県 加賀市 山中温泉九谷町","","https://geoshape.ex.nii.ac.jp/nrct-poi/resource/17/170000015300.html"
"geoshape-nrct-poi:170000017700","大聖寺城跡","石川県 加賀市 大聖寺八間道","","https://geoshape.ex.nii.ac.jp/nrct-poi/resource/17/170000017700.html"
"geoshape-nrct-poi:170000017900","大聖寺藩邸跡","石川県 加賀市 大聖寺八間道","","https://geoshape.ex.nii.ac.jp/nrct-poi/resource/17/170000017900.html"
"geoshape-nrct-poi:170000018300","慶徳寺","石川県 加賀市 大聖寺本町59番地乙","","https://geoshape.ex.nii.ac.jp/nrct-poi/resource/17/170000018300.html"
"geoshape-nrct-poi:170000019100","毫摂寺","石川県 加賀市 大聖寺法華坊町77番地","","https://geoshape.ex.nii.ac.jp/nrct-poi/resource/17/170000019100.html"
"geoshape-nrct-poi:170000019400","願成寺","石川県 小松市 島町リ島町136番地","","https://geoshape.ex.nii.ac.jp/nrct-poi/resource/17/170000019400.html"
"geoshape-nrct-poi:170000019500","本善寺","石川県 加賀市 大聖寺鍛冶町11番地","","https://geoshape.ex.nii.ac.jp/nrct-poi/resource/17/170000019500.html"
"geoshape-nrct-poi:170000019900","専称寺","石川県 加賀市 大聖寺鉄砲町33番地","","https://geoshape.ex.nii.ac.jp/nrct-poi/resource/17/170000019900.html"
"geoshape-nrct-poi:170000020800","永町ガマノマガリ遺跡","石川県 加賀市 大聖寺永町","","https://geoshape.ex.nii.ac.jp/nrct-poi/resource/17/170000020800.html"
"geoshape-nrct-poi:170000023400","実性院","石川県 加賀市 大聖寺下屋敷町29番地","","https://geoshape.ex.nii.ac.jp/nrct-poi/resource/17/170000023400.html"
"geoshape-nrct-poi:170000023600","加賀神明宮","石川県 加賀市 大聖寺神明町16番","","https://geoshape.ex.nii.ac.jp/nrct-poi/resource/17/170000023600.html"
"geoshape-nrct-poi:170000023700","全昌寺","石川県 加賀市 大聖寺神明町1番地","","https://geoshape.ex.nii.ac.jp/nrct-poi/resource/17/170000023700.html"
"geoshape-nrct-poi:170000024800","菅生石部神社","石川県 加賀市 大聖寺敷地ル乙81番地","","https://geoshape.ex.nii.ac.jp/nrct-poi/resource/17/170000024800.html"
"geoshape-nrct-poi:170000024900","敷地天神山遺跡群","石川県 加賀市 大聖寺敷地","","https://geoshape.ex.nii.ac.jp/nrct-poi/resource/17/170000024900.html"
"geoshape-nrct-poi:170000027000","御木神社","石川県 加賀市 三木町34番地","","https://geoshape.ex.nii.ac.jp/nrct-poi/resource/17/170000027000.html"
"geoshape-nrct-poi:170000028000","日谷城跡","石川県 加賀市 日谷町","","https://geoshape.ex.nii.ac.jp/nrct-poi/resource/17/170000028000.html"
"geoshape-nrct-poi:170000028300","敷地鉄橋遺跡","石川県 加賀市 南郷町","","https://geoshape.ex.nii.ac.jp/nrct-poi/resource/17/170000028300.html"
"geoshape-nrct-poi:170000028400","吸坂丸山古墳群","石川県 加賀市 吸坂町","","https://geoshape.ex.nii.ac.jp/nrct-poi/resource/17/170000028400.html"
"geoshape-nrct-poi:170000028800","黒瀬瓦窯跡","石川県 加賀市 黒瀬町","","https://geoshape.ex.nii.ac.jp/nrct-poi/resource/17/170000028800.html"
"geoshape-nrct-poi:170000029700","薬王院","石川県 加賀市 山代温泉十八40番","","https://geoshape.ex.nii.ac.jp/nrct-poi/resource/17/170000029700.html"
"geoshape-nrct-poi:170000029800","服部神社","石川県 加賀市 山代温泉十八7番","","https://geoshape.ex.nii.ac.jp/nrct-poi/resource/17/170000029800.html"
"geoshape-nrct-poi:170000029900","専光寺","石川県 加賀市 山代温泉十七山代温泉17の226番地甲","","https://geoshape.ex.nii.ac.jp/nrct-poi/resource/17/170000029900.html"
"geoshape-nrct-poi:170000030000","大堰神社","石川県 加賀市 山代温泉十一山代温泉11の49戌1番地","","https://geoshape.ex.nii.ac.jp/nrct-poi/resource/17/170000030000.html"
"geoshape-nrct-poi:170000031300","篠生寺","石川県 加賀市 動橋町イ69番地","","https://geoshape.ex.nii.ac.jp/nrct-poi/resource/17/170000031300.html"
"geoshape-nrct-poi:170000032100","勝光寺","石川県 加賀市 打越町と21番地","","https://geoshape.ex.nii.ac.jp/nrct-poi/resource/17/170000032100.html"
"geoshape-nrct-poi:170000032400","分校古墳群","石川県 加賀市 分校町","","https://geoshape.ex.nii.ac.jp/nrct-poi/resource/17/170000032400.html"
"geoshape-nrct-poi:170000032700","松山城跡","石川県 加賀市 松山町","","https://geoshape.ex.nii.ac.jp/nrct-poi/resource/17/170000032700.html"
"geoshape-nrct-poi:170000033200","願成寺","石川県 小松市 島町リ島町136番地","","https://geoshape.ex.nii.ac.jp/nrct-poi/resource/17/170000033200.html"
"geoshape-nrct-poi:170000033300","法皇山横穴古墳群","石川県 加賀市 勅使町","","https://geoshape.ex.nii.ac.jp/nrct-poi/resource/17/170000033300.html"
"geoshape-nrct-poi:170000033800","狐山古墳","石川県 加賀市 二子塚町","","https://geoshape.ex.nii.ac.jp/nrct-poi/resource/17/170000033800.html"
"geoshape-nrct-poi:170000035300","山田光教寺跡","石川県 加賀市 山田町","","https://geoshape.ex.nii.ac.jp/nrct-poi/resource/17/170000035300.html"
"geoshape-nrct-poi:170000035800","忌浪神社","石川県 加賀市 弓波町イ弓波町1番地","","https://geoshape.ex.nii.ac.jp/nrct-poi/resource/17/170000035800.html"
"geoshape-nrct-poi:170000036300","片山津玉造遺跡","石川県 加賀市 片山津町","","https://geoshape.ex.nii.ac.jp/nrct-poi/resource/17/170000036300.html"
"geoshape-nrct-poi:170000036400","猫橋遺跡","石川県 加賀市 片山津町","","https://geoshape.ex.nii.ac.jp/nrct-poi/resource/17/170000036400.html"
"geoshape-nrct-poi:170000036700","潮津神社","石川県 加賀市 潮津町ユ潮津町の65番地","","https://geoshape.ex.nii.ac.jp/nrct-poi/resource/17/170000036700.html"
"geoshape-nrct-poi:170000037000","宮地廃寺","石川県 加賀市 宮地町","","https://geoshape.ex.nii.ac.jp/nrct-poi/resource/17/170000037000.html"
"geoshape-nrct-poi:170000037800","篠原神社","石川県 加賀市 篠原町ル1番地","","https://geoshape.ex.nii.ac.jp/nrct-poi/resource/17/170000037800.html"
"geoshape-nrct-poi:170000037900","実盛塚","石川県 加賀市 篠原新町","","https://geoshape.ex.nii.ac.jp/nrct-poi/resource/17/170000037900.html"
"geoshape-nrct-poi:170000038400","出水神社","石川県 加賀市 橋立町ホ1番甲地","","https://geoshape.ex.nii.ac.jp/nrct-poi/resource/17/170000038400.html"
"geoshape-nrct-poi:170000038700","貴船神社","石川県 加賀市 小塩町ケ小塩町137番地甲","","https://geoshape.ex.nii.ac.jp/nrct-poi/resource/17/170000038700.html"
"geoshape-nrct-poi:170000039000","高尾廃寺","石川県 加賀市 高尾町","","https://geoshape.ex.nii.ac.jp/nrct-poi/resource/17/170000039000.html"
"geoshape-nrct-poi:170000039300","称名寺","石川県 加賀市 深田町い90番地","","https://geoshape.ex.nii.ac.jp/nrct-poi/resource/17/170000039300.html"
"geoshape-nrct-poi:170000039400","宮村【いそ】部神社","石川県 加賀市 宮町","","https://geoshape.ex.nii.ac.jp/nrct-poi/resource/17/170000039400.html"
"geoshape-nrct-poi:170000042900","熊田神社","石川県 能美市 吉原町カ40番地","","https://geoshape.ex.nii.ac.jp/nrct-poi/resource/17/170000042900.html"
"geoshape-nrct-poi:170000043700","称仏寺","石川県 能美市 寺井町ラ154番地","","https://geoshape.ex.nii.ac.jp/nrct-poi/resource/17/170000043700.html"
"geoshape-nrct-poi:170000044600","狭野神社","石川県 能美市 佐野町ノ佐野町88番地2","","https://geoshape.ex.nii.ac.jp/nrct-poi/resource/17/170000044600.html"
"geoshape-nrct-poi:170000045000","和田山・末寺山古墳群","石川県 能美市 末寺町","","https://geoshape.ex.nii.ac.jp/nrct-poi/resource/17/170000045000.html"
"geoshape-nrct-poi:170000045100","和田山五号墳","石川県 能美市 末寺町","","https://geoshape.ex.nii.ac.jp/nrct-poi/resource/17/170000045100.html"
"geoshape-nrct-poi:170000045200","和田山城跡","石川県 能美市 和田町","","https://geoshape.ex.nii.ac.jp/nrct-poi/resource/17/170000045200.html"
"geoshape-nrct-poi:170000048100","湯屋古窯跡群","石川県 能美市 辰口町","","https://geoshape.ex.nii.ac.jp/nrct-poi/resource/17/170000048100.html"
"geoshape-nrct-poi:170000048600","下開発茶臼山古墳群","石川県 能美市 下開発町","","https://geoshape.ex.nii.ac.jp/nrct-poi/resource/17/170000048600.html"
"geoshape-nrct-poi:170000048800","西山古墳群","石川県 能美市 高座町","","https://geoshape.ex.nii.ac.jp/nrct-poi/resource/17/170000048800.html"
"geoshape-nrct-poi:170000050000","岩内遺跡","石川県 能美市 辰口町","","https://geoshape.ex.nii.ac.jp/nrct-poi/resource/17/170000050000.html"
"geoshape-nrct-poi:170000050200","莇生遺跡","石川県 能美市 辰口町","","https://geoshape.ex.nii.ac.jp/nrct-poi/resource/17/170000050200.html"
"geoshape-nrct-poi:170000050400","滝浪神社","石川県 能美市 長滝町ホ114番地","","https://geoshape.ex.nii.ac.jp/nrct-poi/resource/17/170000050400.html"
"geoshape-nrct-poi:170000050500","長滝経塚","石川県 能美市 長滝町","","https://geoshape.ex.nii.ac.jp/nrct-poi/resource/17/170000050500.html"
"geoshape-nrct-poi:170000050900","灯台笹遺跡","石川県 能美市 灯台笹町","","https://geoshape.ex.nii.ac.jp/nrct-poi/resource/17/170000050900.html"
"geoshape-nrct-poi:170000051700","虚空蔵山城跡","石川県 能美市 舘町","","https://geoshape.ex.nii.ac.jp/nrct-poi/resource/17/170000051700.html"
"geoshape-nrct-poi:170000052300","仏陀寺跡","石川県 能美市 仏大寺町","","https://geoshape.ex.nii.ac.jp/nrct-poi/resource/17/170000052300.html"
"geoshape-nrct-poi:170000053500","小松城跡","石川県 小松市 丸内町","","https://geoshape.ex.nii.ac.jp/nrct-poi/resource/17/170000053500.html"
"geoshape-nrct-poi:170000053700","多太神社","石川県 小松市 上本折町72番地","","https://geoshape.ex.nii.ac.jp/nrct-poi/resource/17/170000053700.html"
"geoshape-nrct-poi:170000053900","本折日吉神社","石川県 小松市 本折町1番地","","https://geoshape.ex.nii.ac.jp/nrct-poi/resource/17/170000053900.html"
"geoshape-nrct-poi:170000054800","本覚寺","石川県 小松市 寺町37番地","","https://geoshape.ex.nii.ac.jp/nrct-poi/resource/17/170000054800.html"
"geoshape-nrct-poi:170000055400","本蓮寺","石川県 小松市 細工町28番地","","https://geoshape.ex.nii.ac.jp/nrct-poi/resource/17/170000055400.html"
"geoshape-nrct-poi:170000056600","兎橋神社","石川県 小松市 浜田町イ233番地","","https://geoshape.ex.nii.ac.jp/nrct-poi/resource/17/170000056600.html"
"geoshape-nrct-poi:170000057100","八日市地方遺跡","石川県 小松市 日の出町一丁目","","https://geoshape.ex.nii.ac.jp/nrct-poi/resource/17/170000057100.html"
"geoshape-nrct-poi:170000058700","小松天満宮","石川県 小松市 天神町1番地","","https://geoshape.ex.nii.ac.jp/nrct-poi/resource/17/170000058700.html"
"geoshape-nrct-poi:170000059800","高堂遺跡","石川県 小松市 高堂町","","https://geoshape.ex.nii.ac.jp/nrct-poi/resource/17/170000059800.html"
"geoshape-nrct-poi:170000061200","佐々木アサバタケ遺跡","石川県 小松市 佐々木町","","https://geoshape.ex.nii.ac.jp/nrct-poi/resource/17/170000061200.html"
"geoshape-nrct-poi:170000061400","漆町遺跡群","石川県 小松市 漆町","","https://geoshape.ex.nii.ac.jp/nrct-poi/resource/17/170000061400.html"
"geoshape-nrct-poi:170000061600","八幡浄水寺遺跡","石川県 小松市 寺町","","https://geoshape.ex.nii.ac.jp/nrct-poi/resource/17/170000061600.html"
"geoshape-nrct-poi:170000062100","幡生神社","石川県 小松市 吉竹町ヘ253番地","","https://geoshape.ex.nii.ac.jp/nrct-poi/resource/17/170000062100.html"
"geoshape-nrct-poi:170000065300","御幸塚城跡","石川県 小松市 今江町六丁目","","https://geoshape.ex.nii.ac.jp/nrct-poi/resource/17/170000065300.html"
"geoshape-nrct-poi:170000066200","石部神社","石川県 小松市 古府町カ古府町169番地","","https://geoshape.ex.nii.ac.jp/nrct-poi/resource/17/170000066200.html"
"geoshape-nrct-poi:170000066400","古府遺跡","石川県 小松市 古府町","","https://geoshape.ex.nii.ac.jp/nrct-poi/resource/17/170000066400.html"
"geoshape-nrct-poi:170000066800","河田山古墳群","石川県 小松市 国府台三丁目","","https://geoshape.ex.nii.ac.jp/nrct-poi/resource/17/170000066800.html"
"geoshape-nrct-poi:170000067000","埴田古墳群","石川県 小松市 埴田町","","https://geoshape.ex.nii.ac.jp/nrct-poi/resource/17/170000067000.html"
"geoshape-nrct-poi:170000068100","滓上神社","石川県 小松市 中海町リ2番地","","https://geoshape.ex.nii.ac.jp/nrct-poi/resource/17/170000068100.html"
"geoshape-nrct-poi:170000068600","岩倉城跡","石川県 小松市 嵐町","","https://geoshape.ex.nii.ac.jp/nrct-poi/resource/17/170000068600.html"
"geoshape-nrct-poi:170000071100","波佐谷城跡","石川県 小松市 波佐谷町","","https://geoshape.ex.nii.ac.jp/nrct-poi/resource/17/170000071100.html"
"geoshape-nrct-poi:170000071200","松岡寺跡","石川県 小松市 波佐谷町","","https://geoshape.ex.nii.ac.jp/nrct-poi/resource/17/170000071200.html"
"geoshape-nrct-poi:170000072400","三湖台古墳群","石川県 小松市 月津町","","https://geoshape.ex.nii.ac.jp/nrct-poi/resource/17/170000072400.html"
"geoshape-nrct-poi:170000072500","南加賀古窯跡群","石川県 小松市 二ツ梨町","","https://geoshape.ex.nii.ac.jp/nrct-poi/resource/17/170000072500.html"
"geoshape-nrct-poi:170000073700","超勝寺跡","石川県 小松市 林町","","https://geoshape.ex.nii.ac.jp/nrct-poi/resource/17/170000073700.html"
"geoshape-nrct-poi:170000073900","戸津古窯跡群","石川県 小松市 戸津町","","https://geoshape.ex.nii.ac.jp/nrct-poi/resource/17/170000073900.html"
"geoshape-nrct-poi:170000074400","那谷寺","石川県 小松市 那谷町ユ122番地","","https://geoshape.ex.nii.ac.jp/nrct-poi/resource/17/170000074400.html"
"geoshape-nrct-poi:170000074500","那谷金比羅山古窯跡群","石川県 小松市 那谷町","","https://geoshape.ex.nii.ac.jp/nrct-poi/resource/17/170000074500.html"
"geoshape-nrct-poi:170000076500","白山山頂遺跡","石川県 白山市 白峰","","https://geoshape.ex.nii.ac.jp/nrct-poi/resource/17/170000076500.html"
"geoshape-nrct-poi:170000077000","象ヶ崎館跡","石川県 白山市 白峰","","https://geoshape.ex.nii.ac.jp/nrct-poi/resource/17/170000077000.html"
"geoshape-nrct-poi:170000079600","鳥越城跡","石川県 白山市 三坂町","","https://geoshape.ex.nii.ac.jp/nrct-poi/resource/17/170000079600.html"
"geoshape-nrct-poi:170000082500","木滑口留番所跡","石川県 白山市 木滑新","","https://geoshape.ex.nii.ac.jp/nrct-poi/resource/17/170000082500.html"
"geoshape-nrct-poi:170000084300","奥池銀山跡","石川県 小松市 岩上町","","https://geoshape.ex.nii.ac.jp/nrct-poi/resource/17/170000084300.html"
"geoshape-nrct-poi:170000084900","金剣宮","石川県 白山市 鶴来日詰町巳118番地","","https://geoshape.ex.nii.ac.jp/nrct-poi/resource/17/170000084900.html"
"geoshape-nrct-poi:170000085300","舟岡城跡","石川県 白山市 八幡町","","https://geoshape.ex.nii.ac.jp/nrct-poi/resource/17/170000085300.html"
"geoshape-nrct-poi:170000085500","白山比咩神社","石川県 鹿島郡中能登町 能登部下壱弐能登部下五甲部29番地","","https://geoshape.ex.nii.ac.jp/nrct-poi/resource/17/170000085500.html"
"geoshape-nrct-poi:170000086900","白山遺跡","石川県 白山市 鶴来日詰町","","https://geoshape.ex.nii.ac.jp/nrct-poi/resource/17/170000086900.html"
"geoshape-nrct-poi:170000091600","末松廃寺","石川県 野々市市 末松二丁目","","https://geoshape.ex.nii.ac.jp/nrct-poi/resource/17/170000091600.html"
"geoshape-nrct-poi:170000092700","御経塚遺跡","石川県 野々市市 御経塚一丁目","","https://geoshape.ex.nii.ac.jp/nrct-poi/resource/17/170000092700.html"
"geoshape-nrct-poi:170000092800","御経塚シンデン遺跡","石川県 野々市市 御経塚五丁目","","https://geoshape.ex.nii.ac.jp/nrct-poi/resource/17/170000092800.html"
"geoshape-nrct-poi:170000096400","松任城跡","石川県 白山市 古城町","","https://geoshape.ex.nii.ac.jp/nrct-poi/resource/17/170000096400.html"
"geoshape-nrct-poi:170000097200","本誓寺","石川県 白山市 東一番町12番地","","https://geoshape.ex.nii.ac.jp/nrct-poi/resource/17/170000097200.html"
"geoshape-nrct-poi:180000011700","後野遺跡","福井県 大野市 朝日前坂","","https://geoshape.ex.nii.ac.jp/nrct-poi/resource/18/180000011700.html"
"geoshape-nrct-poi:180000011900","角野前坂遺跡","福井県 大野市 角野前坂","","https://geoshape.ex.nii.ac.jp/nrct-poi/resource/18/180000011900.html"
"geoshape-nrct-poi:180000012100","小谷堂遺跡","福井県 大野市 小谷堂","","https://geoshape.ex.nii.ac.jp/nrct-poi/resource/18/180000012100.html"
"geoshape-nrct-poi:180000014900","大野城跡","福井県 大野市 城町","","https://geoshape.ex.nii.ac.jp/nrct-poi/resource/18/180000014900.html"
"geoshape-nrct-poi:180000015300","応行寺","福井県 大野市 明倫町2番27号","","https://geoshape.ex.nii.ac.jp/nrct-poi/resource/18/180000015300.html"
"geoshape-nrct-poi:180000015500","最勝寺","福井県 大野市 明倫町7番18号","","https://geoshape.ex.nii.ac.jp/nrct-poi/resource/18/180000015500.html"
"geoshape-nrct-poi:180000015700","徳巌寺","福井県 大野市 明倫町9番4号","","https://geoshape.ex.nii.ac.jp/nrct-poi/resource/18/180000015700.html"
"geoshape-nrct-poi:180000016200","恵光寺","福井県 大野市 日吉町4番2号","","https://geoshape.ex.nii.ac.jp/nrct-poi/resource/18/180000016200.html"
"geoshape-nrct-poi:180000016300","蓮光寺","福井県 大野市 日吉町4番5号","","https://geoshape.ex.nii.ac.jp/nrct-poi/resource/18/180000016300.html"
"geoshape-nrct-poi:180000016400","日吉神社","福井県 大野市 日吉町16番5号","","https://geoshape.ex.nii.ac.jp/nrct-poi/resource/18/180000016400.html"
"geoshape-nrct-poi:180000016500","土橋城跡","福井県 大野市 日吉町","","https://geoshape.ex.nii.ac.jp/nrct-poi/resource/18/180000016500.html"
"geoshape-nrct-poi:180000016600","大宝寺","福井県 大野市 錦町4番2号","","https://geoshape.ex.nii.ac.jp/nrct-poi/resource/18/180000016600.html"
"geoshape-nrct-poi:180000016700","善導寺","福井県 大野市 錦町4番11号","","https://geoshape.ex.nii.ac.jp/nrct-poi/resource/18/180000016700.html"
"geoshape-nrct-poi:180000016800","長勝寺","福井県 大野市 寺225号37番地","","https://geoshape.ex.nii.ac.jp/nrct-poi/resource/18/180000016800.html"
"geoshape-nrct-poi:180000017100","清滝神社","福井県 大野市 清瀧124番地","","https://geoshape.ex.nii.ac.jp/nrct-poi/resource/18/180000017100.html"
"geoshape-nrct-poi:180000017200","洞雲寺","福井県 大野市 清瀧124番地","","https://geoshape.ex.nii.ac.jp/nrct-poi/resource/18/180000017200.html"
"geoshape-nrct-poi:180000017500","篠座神社","福井県 大野市 篠座42番地","","https://geoshape.ex.nii.ac.jp/nrct-poi/resource/18/180000017500.html"
"geoshape-nrct-poi:180000019500","山ヶ鼻古墳群","福井県 大野市 牛ケ原","","https://geoshape.ex.nii.ac.jp/nrct-poi/resource/18/180000019500.html"
"geoshape-nrct-poi:180000019700","牛ヶ原城跡","福井県 大野市 牛ケ原","","https://geoshape.ex.nii.ac.jp/nrct-poi/resource/18/180000019700.html"
"geoshape-nrct-poi:180000020200","戌山城跡","福井県 大野市 犬山","","https://geoshape.ex.nii.ac.jp/nrct-poi/resource/18/180000020200.html"
"geoshape-nrct-poi:180000020400","洪泉寺","福井県 大野市 鍬掛11番地","","https://geoshape.ex.nii.ac.jp/nrct-poi/resource/18/180000020400.html"
"geoshape-nrct-poi:180000020900","右近次郎遺跡","福井県 大野市 右近次郎","","https://geoshape.ex.nii.ac.jp/nrct-poi/resource/18/180000020900.html"
"geoshape-nrct-poi:180000021100","黒谷観音堂","福井県 大野市 下黒谷","","https://geoshape.ex.nii.ac.jp/nrct-poi/resource/18/180000021100.html"
"geoshape-nrct-poi:180000021300","茶臼山城跡","福井県 大野市 上舌","","https://geoshape.ex.nii.ac.jp/nrct-poi/resource/18/180000021300.html"
"geoshape-nrct-poi:180000022400","木本城跡","福井県 大野市 木本","","https://geoshape.ex.nii.ac.jp/nrct-poi/resource/18/180000022400.html"
"geoshape-nrct-poi:180000022700","宝慶寺","福井県 大野市 寶慶寺1字笠松2番地","","https://geoshape.ex.nii.ac.jp/nrct-poi/resource/18/180000022700.html"
"geoshape-nrct-poi:180000023100","小山城跡","福井県 大野市 北御門","","https://geoshape.ex.nii.ac.jp/nrct-poi/resource/18/180000023100.html"
"geoshape-nrct-poi:180000023500","専福寺","福井県 大野市 友兼5番地","","https://geoshape.ex.nii.ac.jp/nrct-poi/resource/18/180000023500.html"
"geoshape-nrct-poi:180000024100","西応寺","福井県 大野市 今井15号13番地","","https://geoshape.ex.nii.ac.jp/nrct-poi/resource/18/180000024100.html"
"geoshape-nrct-poi:180000024400","神明山城跡","福井県 大野市 佐開","","https://geoshape.ex.nii.ac.jp/nrct-poi/resource/18/180000024400.html"
"geoshape-nrct-poi:180000026300","南専寺","福井県 大野市 富嶋22番地","","https://geoshape.ex.nii.ac.jp/nrct-poi/resource/18/180000026300.html"
"geoshape-nrct-poi:180000028100","松丸館跡","福井県 大野市 松丸","","https://geoshape.ex.nii.ac.jp/nrct-poi/resource/18/180000028100.html"
"geoshape-nrct-poi:180000028500","常興寺","福井県 大野市 伏石18号58番地","","https://geoshape.ex.nii.ac.jp/nrct-poi/resource/18/180000028500.html"
"geoshape-nrct-poi:180000031200","勝山城跡","福井県 勝山市 元町一丁目","","https://geoshape.ex.nii.ac.jp/nrct-poi/resource/18/180000031200.html"
"geoshape-nrct-poi:180000031400","大蓮寺","福井県 勝山市 沢町一丁目7番28号","","https://geoshape.ex.nii.ac.jp/nrct-poi/resource/18/180000031400.html"
"geoshape-nrct-poi:180000031600","神明神社","福井県 坂井市 春江町中庄２１字72番地","","https://geoshape.ex.nii.ac.jp/nrct-poi/resource/18/180000031600.html"
"geoshape-nrct-poi:180000031900","尊光寺","福井県 勝山市 本町二丁目9番4号","","https://geoshape.ex.nii.ac.jp/nrct-poi/resource/18/180000031900.html"
"geoshape-nrct-poi:180000032000","遅羽","福井県 勝山市 遅羽町蓬生","","https://geoshape.ex.nii.ac.jp/nrct-poi/resource/18/180000032000.html"
"geoshape-nrct-poi:180000032700","三室遺跡","福井県 勝山市 遅羽町嵭崎","","https://geoshape.ex.nii.ac.jp/nrct-poi/resource/18/180000032700.html"
"geoshape-nrct-poi:180000033200","白山神社","福井県 勝山市 平泉寺町平泉寺56番","","https://geoshape.ex.nii.ac.jp/nrct-poi/resource/18/180000033200.html"
"geoshape-nrct-poi:180000033300","平泉寺跡","福井県 勝山市 平泉寺町平泉寺","","https://geoshape.ex.nii.ac.jp/nrct-poi/resource/18/180000033300.html"
"geoshape-nrct-poi:180000036400","村岡山城跡","福井県 勝山市 村岡町郡","","https://geoshape.ex.nii.ac.jp/nrct-poi/resource/18/180000036400.html"
"geoshape-nrct-poi:180000036600","破入遺跡","福井県 勝山市 村岡町栃神谷","","https://geoshape.ex.nii.ac.jp/nrct-poi/resource/18/180000036600.html"
"geoshape-nrct-poi:180000036700","刀清水遺跡","福井県 勝山市 滝波町二丁目","","https://geoshape.ex.nii.ac.jp/nrct-poi/resource/18/180000036700.html"
"geoshape-nrct-poi:180000037200","古宮遺跡","福井県 勝山市 村岡町寺尾","","https://geoshape.ex.nii.ac.jp/nrct-poi/resource/18/180000037200.html"
"geoshape-nrct-poi:180000038500","谷城跡","福井県 勝山市 北谷町谷","","https://geoshape.ex.nii.ac.jp/nrct-poi/resource/18/180000038500.html"
"geoshape-nrct-poi:180000040800","壇ヶ城跡","福井県 勝山市 荒土町堀名中清水","","https://geoshape.ex.nii.ac.jp/nrct-poi/resource/18/180000040800.html"
"geoshape-nrct-poi:180000041900","蓮照寺","福井県 勝山市 北郷町東野第17号7番地","","https://geoshape.ex.nii.ac.jp/nrct-poi/resource/18/180000041900.html"
"geoshape-nrct-poi:180000042800","本郷遺跡","福井県 勝山市 鹿谷町本郷","","https://geoshape.ex.nii.ac.jp/nrct-poi/resource/18/180000042800.html"
"geoshape-nrct-poi:180000045000","三国湊口留番所跡","福井県 坂井市 三国町三国","","https://geoshape.ex.nii.ac.jp/nrct-poi/resource/18/180000045000.html"
"geoshape-nrct-poi:180000045100","平野氏館跡","福井県 坂井市 三国町三国","","https://geoshape.ex.nii.ac.jp/nrct-poi/resource/18/180000045100.html"
"geoshape-nrct-poi:180000045200","湊城跡","福井県 坂井市 三国町三国","","https://geoshape.ex.nii.ac.jp/nrct-poi/resource/18/180000045200.html"
"geoshape-nrct-poi:180000045300","三国神社","福井県 坂井市 三国町山王六丁目2番80号","","https://geoshape.ex.nii.ac.jp/nrct-poi/resource/18/180000045300.html"
"geoshape-nrct-poi:180000045400","性海寺","福井県 坂井市 三国町南本町四丁目4番8号","","https://geoshape.ex.nii.ac.jp/nrct-poi/resource/18/180000045400.html"
"geoshape-nrct-poi:180000045500","唯称寺","福井県 坂井市 三国町山王二丁目3番3号","","https://geoshape.ex.nii.ac.jp/nrct-poi/resource/18/180000045500.html"
"geoshape-nrct-poi:180000045600","浄願寺","福井県 坂井市 三国町山王二丁目5番34号","","https://geoshape.ex.nii.ac.jp/nrct-poi/resource/18/180000045600.html"
"geoshape-nrct-poi:180000045700","氷川神社","福井県 坂井市 三国町北本町一丁目4番30号","","https://geoshape.ex.nii.ac.jp/nrct-poi/resource/18/180000045700.html"
"geoshape-nrct-poi:180000045800","勝授寺","福井県 坂井市 三国町南本町二丁目3番26号","","https://geoshape.ex.nii.ac.jp/nrct-poi/resource/18/180000045800.html"
"geoshape-nrct-poi:180000046100","滝谷寺","福井県 坂井市 三国町滝谷一丁目7番15号","","https://geoshape.ex.nii.ac.jp/nrct-poi/resource/18/180000046100.html"
"geoshape-nrct-poi:180000046300","姥ヶ谷古墳","福井県 坂井市 三国町滝谷三丁目","","https://geoshape.ex.nii.ac.jp/nrct-poi/resource/18/180000046300.html"
"geoshape-nrct-poi:180000046600","春日神社","福井県 坂井市 三国町新保18番地","","https://geoshape.ex.nii.ac.jp/nrct-poi/resource/18/180000046600.html"
"geoshape-nrct-poi:180000047000","常楽寺","福井県 坂井市 三国町加戸93番地","","https://geoshape.ex.nii.ac.jp/nrct-poi/resource/18/180000047000.html"
"geoshape-nrct-poi:180000047100","本流院","福井県 坂井市 三国町加戸56番地","","https://geoshape.ex.nii.ac.jp/nrct-poi/resource/18/180000047100.html"
"geoshape-nrct-poi:180000047200","杓子谷遺跡","福井県 坂井市 三国町加戸","","https://geoshape.ex.nii.ac.jp/nrct-poi/resource/18/180000047200.html"
"geoshape-nrct-poi:180000047400","西谷城跡","福井県 坂井市 三国町西谷","","https://geoshape.ex.nii.ac.jp/nrct-poi/resource/18/180000047400.html"
"geoshape-nrct-poi:180000047500","西谷遺跡","福井県 坂井市 三国町西谷","","https://geoshape.ex.nii.ac.jp/nrct-poi/resource/18/180000047500.html"
"geoshape-nrct-poi:180000048100","西光寺","福井県 坂井市 三国町南本町二丁目4番40号","","https://geoshape.ex.nii.ac.jp/nrct-poi/resource/18/180000048100.html"
"geoshape-nrct-poi:180000048500","白崎遺跡","福井県 坂井市 三国町安島","","https://geoshape.ex.nii.ac.jp/nrct-poi/resource/18/180000048500.html"
"geoshape-nrct-poi:180000048700","大湊神社","福井県 坂井市 三国町安島23番地","","https://geoshape.ex.nii.ac.jp/nrct-poi/resource/18/180000048700.html"
"geoshape-nrct-poi:180000049500","称名寺","福井県 坂井市 三国町黒目2番地","","https://geoshape.ex.nii.ac.jp/nrct-poi/resource/18/180000049500.html"
"geoshape-nrct-poi:180000051300","専光寺跡","福井県 あわら市 角屋","","https://geoshape.ex.nii.ac.jp/nrct-poi/resource/18/180000051300.html"
"geoshape-nrct-poi:180000052200","堀江氏館跡","福井県 あわら市 御簾尾","","https://geoshape.ex.nii.ac.jp/nrct-poi/resource/18/180000052200.html"
"geoshape-nrct-poi:180000052300","春日神社","福井県 福井市 菖蒲谷町47号17番地","","https://geoshape.ex.nii.ac.jp/nrct-poi/resource/18/180000052300.html"
"geoshape-nrct-poi:180000052900","浄光寺","福井県 福井市 石橋町第10号39番地の1","","https://geoshape.ex.nii.ac.jp/nrct-poi/resource/18/180000052900.html"
"geoshape-nrct-poi:180000053900","井江葭古墳群","福井県 あわら市 井江葭","","https://geoshape.ex.nii.ac.jp/nrct-poi/resource/18/180000053900.html"
"geoshape-nrct-poi:180000054700","安楽寺","福井県 福井市 上莇生田町3番地","","https://geoshape.ex.nii.ac.jp/nrct-poi/resource/18/180000054700.html"
"geoshape-nrct-poi:180000055200","大溝春日神社","福井県 大野市 春日一丁目","","https://geoshape.ex.nii.ac.jp/nrct-poi/resource/18/180000055200.html"
"geoshape-nrct-poi:180000055500","溝江館跡","福井県 あわら市 大溝一丁目","","https://geoshape.ex.nii.ac.jp/nrct-poi/resource/18/180000055500.html"
"geoshape-nrct-poi:180000055600","永宮寺","福井県 あわら市 市姫2丁目26-8","","https://geoshape.ex.nii.ac.jp/nrct-poi/resource/18/180000055600.html"
"geoshape-nrct-poi:180000056600","春日神社","福井県 福井市 菖蒲谷町47号17番地","","https://geoshape.ex.nii.ac.jp/nrct-poi/resource/18/180000056600.html"
"geoshape-nrct-poi:180000056800","川口城跡","福井県 あわら市 指中","","https://geoshape.ex.nii.ac.jp/nrct-poi/resource/18/180000056800.html"
"geoshape-nrct-poi:180000057000","照厳寺","福井県 あわら市 清王36号1番地の1","","https://geoshape.ex.nii.ac.jp/nrct-poi/resource/18/180000057000.html"
"geoshape-nrct-poi:180000057200","細呂木製鉄遺跡群","福井県 あわら市 指中","","https://geoshape.ex.nii.ac.jp/nrct-poi/resource/18/180000057200.html"
"geoshape-nrct-poi:180000057400","多賀谷氏館跡","福井県 あわら市 山十楽","","https://geoshape.ex.nii.ac.jp/nrct-poi/resource/18/180000057400.html"
"geoshape-nrct-poi:180000057900","細呂木館跡","福井県 あわら市 細呂木","","https://geoshape.ex.nii.ac.jp/nrct-poi/resource/18/180000057900.html"
"geoshape-nrct-poi:180000058000","細呂木関跡","福井県 あわら市 細呂木","","https://geoshape.ex.nii.ac.jp/nrct-poi/resource/18/180000058000.html"
"geoshape-nrct-poi:180000058200","檜山城跡","福井県 あわら市 樋山","","https://geoshape.ex.nii.ac.jp/nrct-poi/resource/18/180000058200.html"
"geoshape-nrct-poi:180000058500","吉崎御坊跡","福井県 あわら市 吉崎","","https://geoshape.ex.nii.ac.jp/nrct-poi/resource/18/180000058500.html"
"geoshape-nrct-poi:180000060100","桑原館跡","福井県 越前市 西尾町","","https://geoshape.ex.nii.ac.jp/nrct-poi/resource/18/180000060100.html"
"geoshape-nrct-poi:180000060300","長福寺跡","福井県 あわら市 古屋石塚","","https://geoshape.ex.nii.ac.jp/nrct-poi/resource/18/180000060300.html"
"geoshape-nrct-poi:180000060700","瓜生城跡","福井県 あわら市 瓜生","","https://geoshape.ex.nii.ac.jp/nrct-poi/resource/18/180000060700.html"
"geoshape-nrct-poi:180000061000","小布施氏館跡","福井県 あわら市 御簾尾","","https://geoshape.ex.nii.ac.jp/nrct-poi/resource/18/180000061000.html"
"geoshape-nrct-poi:180000061100","龍沢寺","福井県 三方郡美浜町 金山2番地","","https://geoshape.ex.nii.ac.jp/nrct-poi/resource/18/180000061100.html"
"geoshape-nrct-poi:180000061300","今村氏館跡","福井県 越前市 西尾町","","https://geoshape.ex.nii.ac.jp/nrct-poi/resource/18/180000061300.html"
"geoshape-nrct-poi:180000061800","横山古墳群","福井県 越前市 西尾町","","https://geoshape.ex.nii.ac.jp/nrct-poi/resource/18/180000061800.html"
"geoshape-nrct-poi:180000062000","帝釈堂","福井県 あわら市 中川１１−２","","https://geoshape.ex.nii.ac.jp/nrct-poi/resource/18/180000062000.html"
"geoshape-nrct-poi:180000062300","熊坂専修寺跡","福井県 あわら市 熊坂","","https://geoshape.ex.nii.ac.jp/nrct-poi/resource/18/180000062300.html"
"geoshape-nrct-poi:180000063300","槶山城跡","福井県 あわら市 椚","","https://geoshape.ex.nii.ac.jp/nrct-poi/resource/18/180000063300.html"
"geoshape-nrct-poi:180000064400","春日神社","福井県 坂井市 坂井町東荒井13号13番地","","https://geoshape.ex.nii.ac.jp/nrct-poi/resource/18/180000064400.html"
"geoshape-nrct-poi:180000064800","春日神社","福井県 坂井市 坂井町下兵庫25番地","","https://geoshape.ex.nii.ac.jp/nrct-poi/resource/18/180000064800.html"
"geoshape-nrct-poi:180000066000","演仙寺","福井県 坂井市 坂井町御油田8番地","","https://geoshape.ex.nii.ac.jp/nrct-poi/resource/18/180000066000.html"
"geoshape-nrct-poi:180000066200","長屋遺跡","福井県 坂井市 坂井町長屋","","https://geoshape.ex.nii.ac.jp/nrct-poi/resource/18/180000066200.html"
"geoshape-nrct-poi:180000066400","河和田遺跡","福井県 坂井市 坂井町河和田","","https://geoshape.ex.nii.ac.jp/nrct-poi/resource/18/180000066400.html"
"geoshape-nrct-poi:180000068300","海神城跡","福井県 坂井市 春江町井向","","https://geoshape.ex.nii.ac.jp/nrct-poi/resource/18/180000068300.html"
"geoshape-nrct-poi:180000069000","紀倍神社","福井県 坂井市 春江町木部西方寺5番地","","https://geoshape.ex.nii.ac.jp/nrct-poi/resource/18/180000069000.html"
"geoshape-nrct-poi:180000071400","春近城跡","福井県 坂井市 春江町針原","","https://geoshape.ex.nii.ac.jp/nrct-poi/resource/18/180000071400.html"
"geoshape-nrct-poi:180000071900","正蓮華館跡","福井県 坂井市 春江町正蓮花","","https://geoshape.ex.nii.ac.jp/nrct-poi/resource/18/180000071900.html"
"geoshape-nrct-poi:180000073700","浄応寺","福井県 坂井市 丸岡町本町一丁目19番地","","https://geoshape.ex.nii.ac.jp/nrct-poi/resource/18/180000073700.html"
"geoshape-nrct-poi:180000074200","国神神社","福井県 坂井市 丸岡町石城戸町一丁目丸岡町石城戸町1丁目2番地","","https://geoshape.ex.nii.ac.jp/nrct-poi/resource/18/180000074200.html"
"geoshape-nrct-poi:180000074300","白道寺","福井県 坂井市 丸岡町石城戸町三丁目22番地","","https://geoshape.ex.nii.ac.jp/nrct-poi/resource/18/180000074300.html"
"geoshape-nrct-poi:190000016700","箭弓神社","山梨県 北都留郡小菅村 4641番地","","https://geoshape.ex.nii.ac.jp/nrct-poi/resource/19/190000016700.html"
"geoshape-nrct-poi:190000017500","内城館跡","山梨県 上野原市 上野原","","https://geoshape.ex.nii.ac.jp/nrct-poi/resource/19/190000017500.html"
"geoshape-nrct-poi:190000017600","牛倉神社","山梨県 上野原市 上野原1602番地","","https://geoshape.ex.nii.ac.jp/nrct-poi/resource/19/190000017600.html"
"geoshape-nrct-poi:190000017700","保福寺","山梨県 上野原市 上野原","","https://geoshape.ex.nii.ac.jp/nrct-poi/resource/19/190000017700.html"
"geoshape-nrct-poi:190000017800","関山遺跡","山梨県 上野原市 上野原","","https://geoshape.ex.nii.ac.jp/nrct-poi/resource/19/190000017800.html"
"geoshape-nrct-poi:190000018100","一宮神社","山梨県 上野原市 西原5461番地","","https://geoshape.ex.nii.ac.jp/nrct-poi/resource/19/190000018100.html"
"geoshape-nrct-poi:190000018200","宝珠寺","山梨県 上野原市 西原4316番地","","https://geoshape.ex.nii.ac.jp/nrct-poi/resource/19/190000018200.html"
"geoshape-nrct-poi:190000018500","法性寺","山梨県 上野原市 鶴島1351番地","","https://geoshape.ex.nii.ac.jp/nrct-poi/resource/19/190000018500.html"
"geoshape-nrct-poi:190000018900","四方津館跡","山梨県 上野原市 四方津","","https://geoshape.ex.nii.ac.jp/nrct-poi/resource/19/190000018900.html"
"geoshape-nrct-poi:190000019400","長峰砦跡","山梨県 上野原市 大椚","","https://geoshape.ex.nii.ac.jp/nrct-poi/resource/19/190000019400.html"
"geoshape-nrct-poi:190000020400","仲大地遺跡","山梨県 上野原市 大野","","https://geoshape.ex.nii.ac.jp/nrct-poi/resource/19/190000020400.html"
"geoshape-nrct-poi:190000021900","三島神社","山梨県 大月市 猿橋町殿上5番地","","https://geoshape.ex.nii.ac.jp/nrct-poi/resource/19/190000021900.html"
"geoshape-nrct-poi:190000022200","大月遺跡","山梨県 大月市 大月一丁目","","https://geoshape.ex.nii.ac.jp/nrct-poi/resource/19/190000022200.html"
"geoshape-nrct-poi:190000023000","外ガイド遺跡","山梨県 大月市 初狩町下初狩","","https://geoshape.ex.nii.ac.jp/nrct-poi/resource/19/190000023000.html"
"geoshape-nrct-poi:190000023100","原平遺跡","山梨県 大月市 初狩町中初狩","","https://geoshape.ex.nii.ac.jp/nrct-poi/resource/19/190000023100.html"
"geoshape-nrct-poi:190000024200","強瀬子の神古墳","山梨県 大月市 賑岡町強瀬","","https://geoshape.ex.nii.ac.jp/nrct-poi/resource/19/190000024200.html"
"geoshape-nrct-poi:190000024400","岩殿城跡","山梨県 大月市 賑岡町畑倉","","https://geoshape.ex.nii.ac.jp/nrct-poi/resource/19/190000024400.html"
"geoshape-nrct-poi:190000024500","円通寺跡","山梨県 大月市 賑岡町岩殿","","https://geoshape.ex.nii.ac.jp/nrct-poi/resource/19/190000024500.html"
"geoshape-nrct-poi:190000025400","駒宮砦跡","山梨県 大月市 七保町駒宮","","https://geoshape.ex.nii.ac.jp/nrct-poi/resource/19/190000025400.html"
"geoshape-nrct-poi:190000026000","宮谷遺跡","山梨県 大月市 富浜町宮谷","","https://geoshape.ex.nii.ac.jp/nrct-poi/resource/19/190000026000.html"
"geoshape-nrct-poi:190000026100","金山古墳","山梨県 大月市 富浜町宮谷","","https://geoshape.ex.nii.ac.jp/nrct-poi/resource/19/190000026100.html"
"geoshape-nrct-poi:190000030300","城屋敷遺跡","山梨県 南都留郡西桂町 下暮地","","https://geoshape.ex.nii.ac.jp/nrct-poi/resource/19/190000030300.html"
"geoshape-nrct-poi:190000030400","宮の前遺跡","山梨県 南都留郡西桂町 下暮地","","https://geoshape.ex.nii.ac.jp/nrct-poi/resource/19/190000030400.html"
"geoshape-nrct-poi:190000031300","河口浅間神社","山梨県 南都留郡富士河口湖町 河口1番地","","https://geoshape.ex.nii.ac.jp/nrct-poi/resource/19/190000031300.html"
"geoshape-nrct-poi:190000031700","妙法寺","山梨県 南都留郡富士河口湖町 小立692番地","","https://geoshape.ex.nii.ac.jp/nrct-poi/resource/19/190000031700.html"
"geoshape-nrct-poi:190000031800","常在寺","山梨県 南都留郡富士河口湖町 小立139番地","","https://geoshape.ex.nii.ac.jp/nrct-poi/resource/19/190000031800.html"
"geoshape-nrct-poi:190000032500","富士御室浅間神社","山梨県 南都留郡富士河口湖町 勝山富士山2合目3953番地","","https://geoshape.ex.nii.ac.jp/nrct-poi/resource/19/190000032500.html"
"geoshape-nrct-poi:190000032900","蓮華寺","山梨県 中央市 乙黒624番地","","https://geoshape.ex.nii.ac.jp/nrct-poi/resource/19/190000032900.html"
"geoshape-nrct-poi:190000034700","谷村城跡","山梨県 都留市 上谷一丁目","","https://geoshape.ex.nii.ac.jp/nrct-poi/resource/19/190000034700.html"
"geoshape-nrct-poi:190000035200","谷村陣屋跡","山梨県 都留市 中央二丁目","","https://geoshape.ex.nii.ac.jp/nrct-poi/resource/19/190000035200.html"
"geoshape-nrct-poi:190000035700","三ノ側遺跡","山梨県 都留市 田原二丁目","","https://geoshape.ex.nii.ac.jp/nrct-poi/resource/19/190000035700.html"
"geoshape-nrct-poi:190000035900","長生寺","山梨県 都留市 下谷2954番地","","https://geoshape.ex.nii.ac.jp/nrct-poi/resource/19/190000035900.html"
"geoshape-nrct-poi:190000036000","円通院","山梨県 都留市 中央三丁目5番1号","","https://geoshape.ex.nii.ac.jp/nrct-poi/resource/19/190000036000.html"
"geoshape-nrct-poi:190000036300","一杯窪遺跡","山梨県 都留市 大野","","https://geoshape.ex.nii.ac.jp/nrct-poi/resource/19/190000036300.html"
"geoshape-nrct-poi:190000037000","尾咲原遺跡","山梨県 都留市 朝日馬場","","https://geoshape.ex.nii.ac.jp/nrct-poi/resource/19/190000037000.html"
"geoshape-nrct-poi:190000037300","生出神社","山梨県 都留市 四日市場1066番地","","https://geoshape.ex.nii.ac.jp/nrct-poi/resource/19/190000037300.html"
"geoshape-nrct-poi:190000037400","生出山山頂遺跡","山梨県 都留市 四日市場","","https://geoshape.ex.nii.ac.jp/nrct-poi/resource/19/190000037400.html"
"geoshape-nrct-poi:190000037900","中溝遺跡","山梨県 都留市 小形山","","https://geoshape.ex.nii.ac.jp/nrct-poi/resource/19/190000037900.html"
"geoshape-nrct-poi:190000038000","中谷遺跡","山梨県 都留市 小形山","","https://geoshape.ex.nii.ac.jp/nrct-poi/resource/19/190000038000.html"
"geoshape-nrct-poi:190000038100","堀之内原遺跡","山梨県 都留市 小形山","","https://geoshape.ex.nii.ac.jp/nrct-poi/resource/19/190000038100.html"
"geoshape-nrct-poi:190000038400","勝山城跡","山梨県 都留市 川棚","","https://geoshape.ex.nii.ac.jp/nrct-poi/resource/19/190000038400.html"
"geoshape-nrct-poi:190000038700","牛石遺跡","山梨県 都留市 厚原","","https://geoshape.ex.nii.ac.jp/nrct-poi/resource/19/190000038700.html"
"geoshape-nrct-poi:190000039100","中津森館跡","山梨県 都留市 金井","","https://geoshape.ex.nii.ac.jp/nrct-poi/resource/19/190000039100.html"
"geoshape-nrct-poi:190000039200","桂林寺","山梨県 都留市 金井397番地","","https://geoshape.ex.nii.ac.jp/nrct-poi/resource/19/190000039200.html"
"geoshape-nrct-poi:190000039300","用津院","山梨県 都留市 金井294番地","","https://geoshape.ex.nii.ac.jp/nrct-poi/resource/19/190000039300.html"
"geoshape-nrct-poi:190000039600","広教寺","山梨県 都留市 大幡1541番地","","https://geoshape.ex.nii.ac.jp/nrct-poi/resource/19/190000039600.html"
"geoshape-nrct-poi:190000039700","久保地遺跡","山梨県 都留市 大幡","","https://geoshape.ex.nii.ac.jp/nrct-poi/resource/19/190000039700.html"
"geoshape-nrct-poi:190000040000","宝鏡寺","山梨県 都留市 桂町1047番地","","https://geoshape.ex.nii.ac.jp/nrct-poi/resource/19/190000040000.html"
"geoshape-nrct-poi:190000040100","山梨原遺跡","山梨県 都留市 夏狩","","https://geoshape.ex.nii.ac.jp/nrct-poi/resource/19/190000040100.html"
"geoshape-nrct-poi:190000041200","北口本宮冨士浅間神社","山梨県 富士吉田市 上吉田5558番地","","https://geoshape.ex.nii.ac.jp/nrct-poi/resource/19/190000041200.html"
"geoshape-nrct-poi:190000041400","西念寺","山梨県 富士吉田市 上吉田七丁目7番1号","","https://geoshape.ex.nii.ac.jp/nrct-poi/resource/19/190000041400.html"
"geoshape-nrct-poi:190000042000","小室浅間神社","山梨県 富士吉田市 下吉田三丁目32番18号","","https://geoshape.ex.nii.ac.jp/nrct-poi/resource/19/190000042000.html"
"geoshape-nrct-poi:190000042100","月江寺","山梨県 富士吉田市 下吉田三丁目26番18号","","https://geoshape.ex.nii.ac.jp/nrct-poi/resource/19/190000042100.html"
"geoshape-nrct-poi:190000042400","池之元遺跡","山梨県 富士吉田市 旭四丁目","","https://geoshape.ex.nii.ac.jp/nrct-poi/resource/19/190000042400.html"
"geoshape-nrct-poi:190000042600","古屋敷遺跡","山梨県 富士吉田市 大明見一丁目","","https://geoshape.ex.nii.ac.jp/nrct-poi/resource/19/190000042600.html"
"geoshape-nrct-poi:190000042800","西方寺","山梨県 富士吉田市 小明見二丁目18番","","https://geoshape.ex.nii.ac.jp/nrct-poi/resource/19/190000042800.html"
"geoshape-nrct-poi:190000045000","浄居寺","山梨県 山梨市 牧丘町窪平154番地","","https://geoshape.ex.nii.ac.jp/nrct-poi/resource/19/190000045000.html"
"geoshape-nrct-poi:190000045200","浄居寺城跡","山梨県 山梨市 牧丘町城古寺","","https://geoshape.ex.nii.ac.jp/nrct-poi/resource/19/190000045200.html"
"geoshape-nrct-poi:190000045500","金桜神社","山梨県 山梨市 牧丘町杣口2919番地","","https://geoshape.ex.nii.ac.jp/nrct-poi/resource/19/190000045500.html"
"geoshape-nrct-poi:190000046200","小田野城跡","山梨県 山梨市 牧丘町西保下","","https://geoshape.ex.nii.ac.jp/nrct-poi/resource/19/190000046200.html"
"geoshape-nrct-poi:190000046400","古宿道上遺跡","山梨県 山梨市 牧丘町西保中","","https://geoshape.ex.nii.ac.jp/nrct-poi/resource/19/190000046400.html"
"geoshape-nrct-poi:190000046700","洞雲寺","山梨県 山梨市 牧丘町北原1117番地","","https://geoshape.ex.nii.ac.jp/nrct-poi/resource/19/190000046700.html"
"geoshape-nrct-poi:190000047500","賀茂春日神社","山梨県 笛吹市 春日居町加茂319番地","","https://geoshape.ex.nii.ac.jp/nrct-poi/resource/19/190000047500.html"
"geoshape-nrct-poi:190000047700","寺本廃寺","山梨県 笛吹市 春日居町寺本","","https://geoshape.ex.nii.ac.jp/nrct-poi/resource/19/190000047700.html"
"geoshape-nrct-poi:190000048100","清水家陣屋跡","山梨県 笛吹市 春日居町下岩下","","https://geoshape.ex.nii.ac.jp/nrct-poi/resource/19/190000048100.html"
"geoshape-nrct-poi:190000048400","山梨岡神社","山梨県 笛吹市 春日居町鎮目1696番地","","https://geoshape.ex.nii.ac.jp/nrct-poi/resource/19/190000048400.html"
"geoshape-nrct-poi:190000048800","寺の前古墳","山梨県 笛吹市 春日居町鎮目","","https://geoshape.ex.nii.ac.jp/nrct-poi/resource/19/190000048800.html"
"geoshape-nrct-poi:190000048900","笹原塚三号墳","山梨県 笛吹市 春日居町鎮目","","https://geoshape.ex.nii.ac.jp/nrct-poi/resource/19/190000048900.html"
"geoshape-nrct-poi:190000049000","天神のこし古墳","山梨県 笛吹市 春日居町鎮目","","https://geoshape.ex.nii.ac.jp/nrct-poi/resource/19/190000049000.html"
"geoshape-nrct-poi:190000049300","国府遺跡","山梨県 笛吹市 春日居町国府","","https://geoshape.ex.nii.ac.jp/nrct-poi/resource/19/190000049300.html"
"geoshape-nrct-poi:190000050000","勝沼氏館跡","山梨県 甲州市 勝沼町勝沼","","https://geoshape.ex.nii.ac.jp/nrct-poi/resource/19/190000050000.html"
"geoshape-nrct-poi:190000050100","宮之上遺跡","山梨県 甲州市 勝沼町勝沼","","https://geoshape.ex.nii.ac.jp/nrct-poi/resource/19/190000050100.html"
"geoshape-nrct-poi:190000050300","大善寺","山梨県 甲州市 勝沼町勝沼3565番地","","https://geoshape.ex.nii.ac.jp/nrct-poi/resource/19/190000050300.html"
"geoshape-nrct-poi:190000050400","白山平経塚","山梨県 甲州市 勝沼町勝沼","","https://geoshape.ex.nii.ac.jp/nrct-poi/resource/19/190000050400.html"
"geoshape-nrct-poi:190000050700","万福寺","山梨県 甲州市 勝沼町等々力1289番地","","https://geoshape.ex.nii.ac.jp/nrct-poi/resource/19/190000050700.html"
"geoshape-nrct-poi:190000051000","立正寺","山梨県 甲州市 勝沼町休息1713番地","","https://geoshape.ex.nii.ac.jp/nrct-poi/resource/19/190000051000.html"
"geoshape-nrct-poi:190000051400","三光寺","山梨県 甲州市 勝沼町菱山928番地","","https://geoshape.ex.nii.ac.jp/nrct-poi/resource/19/190000051400.html"
"geoshape-nrct-poi:190000051800","岩崎氏館跡","山梨県 甲州市 勝沼町下岩崎","","https://geoshape.ex.nii.ac.jp/nrct-poi/resource/19/190000051800.html"
"geoshape-nrct-poi:190000052800","景徳院","山梨県 甲州市 大和町田野389番地","","https://geoshape.ex.nii.ac.jp/nrct-poi/resource/19/190000052800.html"
"geoshape-nrct-poi:190000053000","棲雲寺","山梨県 甲州市 大和町木賊122番地","","https://geoshape.ex.nii.ac.jp/nrct-poi/resource/19/190000053000.html"
"geoshape-nrct-poi:190000054200","甘草屋敷跡","山梨県 甲州市 塩山上於曽","","https://geoshape.ex.nii.ac.jp/nrct-poi/resource/19/190000054200.html"
"geoshape-nrct-poi:190000054300","菅田天神社","山梨県 甲州市 塩山上於曽1054番地","","https://geoshape.ex.nii.ac.jp/nrct-poi/resource/19/190000054300.html"
"geoshape-nrct-poi:190000054400","向嶽寺","山梨県 甲州市 塩山上於曽2026番地","","https://geoshape.ex.nii.ac.jp/nrct-poi/resource/19/190000054400.html"
"geoshape-nrct-poi:190000054600","町田遺跡","山梨県 笛吹市 春日居町鎮目","","https://geoshape.ex.nii.ac.jp/nrct-poi/resource/19/190000054600.html"
"geoshape-nrct-poi:190000054700","於曾屋敷跡","山梨県 笛吹市 春日居町鎮目","","https://geoshape.ex.nii.ac.jp/nrct-poi/resource/19/190000054700.html"
"geoshape-nrct-poi:190000055300","武田信春館跡","山梨県 甲州市 塩山千野","","https://geoshape.ex.nii.ac.jp/nrct-poi/resource/19/190000055300.html"
"geoshape-nrct-poi:190000055400","獅子之前遺跡","山梨県 笛吹市 春日居町鎮目","","https://geoshape.ex.nii.ac.jp/nrct-poi/resource/19/190000055400.html"
"geoshape-nrct-poi:190000056200","熊野神社","山梨県 甲州市 塩山熊野174番地","","https://geoshape.ex.nii.ac.jp/nrct-poi/resource/19/190000056200.html"
"geoshape-nrct-poi:190000056800","十組屋敷跡","山梨県 甲州市 塩山三日市場","","https://geoshape.ex.nii.ac.jp/nrct-poi/resource/19/190000056800.html"
"geoshape-nrct-poi:190000057100","恵林寺","山梨県 甲州市 塩山小屋敷2280番地","","https://geoshape.ex.nii.ac.jp/nrct-poi/resource/19/190000057100.html"
"geoshape-nrct-poi:190000057500","松尾神社","山梨県 甲州市 塩山小屋敷2256番地","","https://geoshape.ex.nii.ac.jp/nrct-poi/resource/19/190000057500.html"
"geoshape-nrct-poi:190000057700","放光寺","山梨県 甲州市 塩山藤木2438番地","","https://geoshape.ex.nii.ac.jp/nrct-poi/resource/19/190000057700.html"
"geoshape-nrct-poi:190000058000","乙木田遺跡","山梨県 笛吹市 春日居町鎮目","","https://geoshape.ex.nii.ac.jp/nrct-poi/resource/19/190000058000.html"
"geoshape-nrct-poi:190000058100","玉諸神社","山梨県 甲州市 塩山竹森3048番地","","https://geoshape.ex.nii.ac.jp/nrct-poi/resource/19/190000058100.html"
"geoshape-nrct-poi:190000058600","安道寺遺跡","山梨県 甲州市 塩山下粟生野","","https://geoshape.ex.nii.ac.jp/nrct-poi/resource/19/190000058600.html"
"geoshape-nrct-poi:190000058800","重郎原遺跡","山梨県 甲州市 塩山中萩原","","https://geoshape.ex.nii.ac.jp/nrct-poi/resource/19/190000058800.html"
"geoshape-nrct-poi:190000058900","慈雲寺","山梨県 甲州市 塩山中萩原352番地","","https://geoshape.ex.nii.ac.jp/nrct-poi/resource/19/190000058900.html"
"geoshape-nrct-poi:190000059100","神部神社","山梨県 甲州市 塩山上萩原1415番地","","https://geoshape.ex.nii.ac.jp/nrct-poi/resource/19/190000059100.html"
"geoshape-nrct-poi:190000059200","雲峰寺","山梨県 山梨市 牧丘町杣口2076番地","","https://geoshape.ex.nii.ac.jp/nrct-poi/resource/19/190000059200.html"
"geoshape-nrct-poi:190000059300","雲峰寺遺跡","山梨県 甲州市 塩山上萩原","","https://geoshape.ex.nii.ac.jp/nrct-poi/resource/19/190000059300.html"
"geoshape-nrct-poi:190000059500","原ノ京遺跡","山梨県 笛吹市 春日居町鎮目","","https://geoshape.ex.nii.ac.jp/nrct-poi/resource/19/190000059500.html"
"geoshape-nrct-poi:190000059800","黒川金山跡","山梨県 甲州市 塩山一ノ瀬高橋","","https://geoshape.ex.nii.ac.jp/nrct-poi/resource/19/190000059800.html"
"geoshape-nrct-poi:190000061100","永昌院","山梨県 山梨市 矢坪1088番地","","https://geoshape.ex.nii.ac.jp/nrct-poi/resource/19/190000061100.html"
"geoshape-nrct-poi:190000061700","金桜神社","山梨県 山梨市 万力3557番地","","https://geoshape.ex.nii.ac.jp/nrct-poi/resource/19/190000061700.html"
"geoshape-nrct-poi:190000062200","大井俣窪八幡神社","山梨県 山梨市 北654番地","","https://geoshape.ex.nii.ac.jp/nrct-poi/resource/19/190000062200.html"
"geoshape-nrct-poi:190000062300","清水家陣屋跡","山梨県 山梨市 北","","https://geoshape.ex.nii.ac.jp/nrct-poi/resource/19/190000062300.html"
"geoshape-nrct-poi:190000063300","信盛院","山梨県 山梨市 東2190番地","","https://geoshape.ex.nii.ac.jp/nrct-poi/resource/19/190000063300.html"
"geoshape-nrct-poi:190000063500","七日子神社","山梨県 山梨市 七日市場1068番地","","https://geoshape.ex.nii.ac.jp/nrct-poi/resource/19/190000063500.html"
"geoshape-nrct-poi:190000063600","七日子遺跡","山梨県 山梨市 七日市場","","https://geoshape.ex.nii.ac.jp/nrct-poi/resource/19/190000063600.html"
"geoshape-nrct-poi:190000063800","雲光寺","山梨県 山梨市 下井尻673番地","","https://geoshape.ex.nii.ac.jp/nrct-poi/resource/19/190000063800.html"
"geoshape-nrct-poi:200000014500","大深山遺跡","長野県 南佐久郡川上村 大字大深山","","https://geoshape.ex.nii.ac.jp/nrct-poi/resource/20/200000014500.html"
"geoshape-nrct-poi:200000015600","馬場平遺跡","長野県 南佐久郡川上村 大字御所平","","https://geoshape.ex.nii.ac.jp/nrct-poi/resource/20/200000015600.html"
"geoshape-nrct-poi:200000016200","矢出川遺跡","長野県 南佐久郡南牧村 大字野辺山","","https://geoshape.ex.nii.ac.jp/nrct-poi/resource/20/200000016200.html"
"geoshape-nrct-poi:200000016500","海ノ口城跡","長野県 南佐久郡南牧村 大字海ノ口","","https://geoshape.ex.nii.ac.jp/nrct-poi/resource/20/200000016500.html"
"geoshape-nrct-poi:200000016800","海尻城跡","長野県 南佐久郡南牧村 大字海尻","","https://geoshape.ex.nii.ac.jp/nrct-poi/resource/20/200000016800.html"
"geoshape-nrct-poi:200000017600","諏訪神社","長野県 長野市 上駒沢大字字宮下1239番地","","https://geoshape.ex.nii.ac.jp/nrct-poi/resource/20/200000017600.html"
"geoshape-nrct-poi:200000017700","神光寺跡","長野県 南佐久郡小海町 大字豊里","","https://geoshape.ex.nii.ac.jp/nrct-poi/resource/20/200000017700.html"
"geoshape-nrct-poi:200000018800","諏訪神社","長野県 長野市 上駒沢大字字宮下1239番地","","https://geoshape.ex.nii.ac.jp/nrct-poi/resource/20/200000018800.html"
"geoshape-nrct-poi:200000019100","相木城跡","長野県 南佐久郡北相木村 −","","https://geoshape.ex.nii.ac.jp/nrct-poi/resource/20/200000019100.html"
"geoshape-nrct-poi:200000019200","栃原岩陰遺跡","長野県 南佐久郡北相木村 −","","https://geoshape.ex.nii.ac.jp/nrct-poi/resource/20/200000019200.html"
"geoshape-nrct-poi:200000020800","高野町陣屋跡","長野県 南佐久郡佐久穂町 大字高野町","","https://geoshape.ex.nii.ac.jp/nrct-poi/resource/20/200000020800.html"
"geoshape-nrct-poi:200000021100","館氏館跡","長野県 南佐久郡佐久穂町 大字海瀬","","https://geoshape.ex.nii.ac.jp/nrct-poi/resource/20/200000021100.html"
"geoshape-nrct-poi:200000021300","自成寺","長野県 南佐久郡佐久穂町 大字余地1060番地","","https://geoshape.ex.nii.ac.jp/nrct-poi/resource/20/200000021300.html"
"geoshape-nrct-poi:200000021600","海瀬上ノ原遺跡","長野県 南佐久郡佐久穂町 大字海瀬","","https://geoshape.ex.nii.ac.jp/nrct-poi/resource/20/200000021600.html"
"geoshape-nrct-poi:200000022200","千手院","長野県 南佐久郡佐久穂町 大字平林263番地","","https://geoshape.ex.nii.ac.jp/nrct-poi/resource/20/200000022200.html"
"geoshape-nrct-poi:200000022700","稲荷山城跡","長野県 佐久市 臼田","","https://geoshape.ex.nii.ac.jp/nrct-poi/resource/20/200000022700.html"
"geoshape-nrct-poi:200000022800","医王寺山城跡","長野県 佐久市 臼田","","https://geoshape.ex.nii.ac.jp/nrct-poi/resource/20/200000022800.html"
"geoshape-nrct-poi:200000022900","稲荷神社","長野県 千曲市 大字稲荷山2280番地1","","https://geoshape.ex.nii.ac.jp/nrct-poi/resource/20/200000022900.html"
"geoshape-nrct-poi:200000023300","田口城跡","長野県 佐久市 田口","","https://geoshape.ex.nii.ac.jp/nrct-poi/resource/20/200000023300.html"
"geoshape-nrct-poi:200000023400","竜岡城跡","長野県 佐久市 臼田","","https://geoshape.ex.nii.ac.jp/nrct-poi/resource/20/200000023400.html"
"geoshape-nrct-poi:200000023600","新海神社","長野県 佐久市 大字春日4561番地","","https://geoshape.ex.nii.ac.jp/nrct-poi/resource/20/200000023600.html"
"geoshape-nrct-poi:200000024400","湯原城跡","長野県 佐久市 湯原","","https://geoshape.ex.nii.ac.jp/nrct-poi/resource/20/200000024400.html"
"geoshape-nrct-poi:200000024600","入沢城跡","長野県 佐久市 臼田","","https://geoshape.ex.nii.ac.jp/nrct-poi/resource/20/200000024600.html"
"geoshape-nrct-poi:200000025900","大井城跡","長野県 佐久市 岩村田","","https://geoshape.ex.nii.ac.jp/nrct-poi/resource/20/200000025900.html"
"geoshape-nrct-poi:200000026000","竜雲寺","長野県 佐久市 大字岩村田415番地","","https://geoshape.ex.nii.ac.jp/nrct-poi/resource/20/200000026000.html"
"geoshape-nrct-poi:200000026100","西念寺","長野県 長野市 松代町松代898番地","","https://geoshape.ex.nii.ac.jp/nrct-poi/resource/20/200000026100.html"
"geoshape-nrct-poi:200000026200","円満寺","長野県 中野市 大字永江376番地","","https://geoshape.ex.nii.ac.jp/nrct-poi/resource/20/200000026200.html"
"geoshape-nrct-poi:200000026300","法華堂","長野県 佐久市 岩村田","","https://geoshape.ex.nii.ac.jp/nrct-poi/resource/20/200000026300.html"
"geoshape-nrct-poi:200000026400","上ノ城遺跡","長野県 佐久市 岩村田","","https://geoshape.ex.nii.ac.jp/nrct-poi/resource/20/200000026400.html"
"geoshape-nrct-poi:200000027100","志賀城跡","長野県 佐久市 志賀","","https://geoshape.ex.nii.ac.jp/nrct-poi/resource/20/200000027100.html"
"geoshape-nrct-poi:200000027300","明泉寺","長野県 佐久市 大字香坂2772番地","","https://geoshape.ex.nii.ac.jp/nrct-poi/resource/20/200000027300.html"
"geoshape-nrct-poi:200000027800","安養寺","長野県 佐久市 大字安原安原98番地","","https://geoshape.ex.nii.ac.jp/nrct-poi/resource/20/200000027800.html"
"geoshape-nrct-poi:200000027900","英多神社","長野県 佐久市 大字安原安原字英多沢1669番地","","https://geoshape.ex.nii.ac.jp/nrct-poi/resource/20/200000027900.html"
"geoshape-nrct-poi:200000028000","安原大塚古墳","長野県 佐久市 安原","","https://geoshape.ex.nii.ac.jp/nrct-poi/resource/20/200000028000.html"
"geoshape-nrct-poi:200000028600","駒形神社","長野県 佐久市 大字布施444番地","","https://geoshape.ex.nii.ac.jp/nrct-poi/resource/20/200000028600.html"
"geoshape-nrct-poi:200000028700","妙楽寺","長野県 佐久市 塚原1897番地","","https://geoshape.ex.nii.ac.jp/nrct-poi/resource/20/200000028700.html"
"geoshape-nrct-poi:200000029100","根々井館跡","長野県 佐久市 根々井","","https://geoshape.ex.nii.ac.jp/nrct-poi/resource/20/200000029100.html"
"geoshape-nrct-poi:200000029200","正法寺","長野県 下伊那郡阿南町 東條1363番地","","https://geoshape.ex.nii.ac.jp/nrct-poi/resource/20/200000029200.html"
"geoshape-nrct-poi:200000029800","岩尾城跡","長野県 佐久市 鳴瀬","","https://geoshape.ex.nii.ac.jp/nrct-poi/resource/20/200000029800.html"
"geoshape-nrct-poi:200000029900","桃源院","長野県 佐久市 大字鳴瀬1053番地","","https://geoshape.ex.nii.ac.jp/nrct-poi/resource/20/200000029900.html"
"geoshape-nrct-poi:200000030200","三河田大塚古墳","長野県 佐久市 中込","","https://geoshape.ex.nii.ac.jp/nrct-poi/resource/20/200000030200.html"
"geoshape-nrct-poi:200000030500","旧中込学校舎","長野県 佐久市 中込","","https://geoshape.ex.nii.ac.jp/nrct-poi/resource/20/200000030500.html"
"geoshape-nrct-poi:200000030700","内山城跡","長野県 佐久市 内山","","https://geoshape.ex.nii.ac.jp/nrct-poi/resource/20/200000030700.html"
"geoshape-nrct-poi:200000030800","正安寺","長野県 佐久市 内山7864番地","","https://geoshape.ex.nii.ac.jp/nrct-poi/resource/20/200000030800.html"
"geoshape-nrct-poi:200000031400","平賀城跡","長野県 佐久市 平賀","","https://geoshape.ex.nii.ac.jp/nrct-poi/resource/20/200000031400.html"
"geoshape-nrct-poi:200000031500","平賀陣屋跡","長野県 佐久市 平賀","","https://geoshape.ex.nii.ac.jp/nrct-poi/resource/20/200000031500.html"
"geoshape-nrct-poi:200000031800","和田上遺跡","長野県 佐久市 瀬戸","","https://geoshape.ex.nii.ac.jp/nrct-poi/resource/20/200000031800.html"
"geoshape-nrct-poi:200000032100","山田神社","長野県 佐久市 大字常和常和字宮平1528番地","","https://geoshape.ex.nii.ac.jp/nrct-poi/resource/20/200000032100.html"
"geoshape-nrct-poi:200000032300","町田遺跡","長野県 佐久市 野沢","","https://geoshape.ex.nii.ac.jp/nrct-poi/resource/20/200000032300.html"
"geoshape-nrct-poi:200000033600","日向城跡","長野県 佐久市 根岸","","https://geoshape.ex.nii.ac.jp/nrct-poi/resource/20/200000033600.html"
"geoshape-nrct-poi:200000034100","後沢遺跡","長野県 佐久市 小宮山","","https://geoshape.ex.nii.ac.jp/nrct-poi/resource/20/200000034100.html"
"geoshape-nrct-poi:200000034300","前山城跡","長野県 佐久市 前山","","https://geoshape.ex.nii.ac.jp/nrct-poi/resource/20/200000034300.html"
"geoshape-nrct-poi:200000034400","貞祥寺","長野県 佐久市 前山1380番地","","https://geoshape.ex.nii.ac.jp/nrct-poi/resource/20/200000034400.html"
"geoshape-nrct-poi:200000034900","荒山城跡","長野県 佐久市 大沢","","https://geoshape.ex.nii.ac.jp/nrct-poi/resource/20/200000034900.html"
"geoshape-nrct-poi:200000035000","長命寺","長野県 長野市 大字南堀346番地","","https://geoshape.ex.nii.ac.jp/nrct-poi/resource/20/200000035000.html"
"geoshape-nrct-poi:200000035800","伴野城跡","長野県 佐久市 野沢","","https://geoshape.ex.nii.ac.jp/nrct-poi/resource/20/200000035800.html"
"geoshape-nrct-poi:200000035900","金台寺","長野県 佐久市 大字野沢106番地","","https://geoshape.ex.nii.ac.jp/nrct-poi/resource/20/200000035900.html"
"geoshape-nrct-poi:200000039000","入山峠遺跡","長野県 北佐久郡軽井沢町 長倉","","https://geoshape.ex.nii.ac.jp/nrct-poi/resource/20/200000039000.html"
"geoshape-nrct-poi:200000039200","熊野皇太神社","群馬県 安中市松井田町 峠","","https://geoshape.ex.nii.ac.jp/nrct-poi/resource/20/200000039200.html"
"geoshape-nrct-poi:200000040500","南石堂遺跡","長野県 北佐久郡軽井沢町 大字茂沢","","https://geoshape.ex.nii.ac.jp/nrct-poi/resource/20/200000040500.html"
"geoshape-nrct-poi:200000041500","小田井城跡","長野県 北佐久郡御代田町 大字御代田","","https://geoshape.ex.nii.ac.jp/nrct-poi/resource/20/200000041500.html"
"geoshape-nrct-poi:200000042000","真楽寺","長野県 北佐久郡御代田町 大字塩野142番地","","https://geoshape.ex.nii.ac.jp/nrct-poi/resource/20/200000042000.html"
"geoshape-nrct-poi:200000043000","八幡神社","長野県 長野市 大字小鍋4209番地","","https://geoshape.ex.nii.ac.jp/nrct-poi/resource/20/200000043000.html"
"geoshape-nrct-poi:200000043800","望月城跡","長野県 佐久市 望月","","https://geoshape.ex.nii.ac.jp/nrct-poi/resource/20/200000043800.html"
"geoshape-nrct-poi:200000044000","大伴神社","長野県 佐久市 大字望月227番地","","https://geoshape.ex.nii.ac.jp/nrct-poi/resource/20/200000044000.html"
"geoshape-nrct-poi:200000044100","城光院","長野県 佐久市 大字望月1347番地","","https://geoshape.ex.nii.ac.jp/nrct-poi/resource/20/200000044100.html"
"geoshape-nrct-poi:200000044400","瓜生坂遺跡","長野県 佐久市 望月","","https://geoshape.ex.nii.ac.jp/nrct-poi/resource/20/200000044400.html"
"geoshape-nrct-poi:200000045500","福王寺","長野県 佐久市 協和1054番地","","https://geoshape.ex.nii.ac.jp/nrct-poi/resource/20/200000045500.html"
"geoshape-nrct-poi:200000045700","春日城跡","長野県 佐久市 望月","","https://geoshape.ex.nii.ac.jp/nrct-poi/resource/20/200000045700.html"
"geoshape-nrct-poi:200000046500","芦田城跡","長野県 北佐久郡立科町 大字茂田井","","https://geoshape.ex.nii.ac.jp/nrct-poi/resource/20/200000046500.html"
"geoshape-nrct-poi:200000046900","蓼科神社","長野県 北佐久郡立科町 大字芦田424番地","","https://geoshape.ex.nii.ac.jp/nrct-poi/resource/20/200000046900.html"
"geoshape-nrct-poi:200000047100","雨境峠遺跡","長野県 北佐久郡立科町 大字芦田八ケ野","","https://geoshape.ex.nii.ac.jp/nrct-poi/resource/20/200000047100.html"
"geoshape-nrct-poi:200000047400","津金寺","長野県 北佐久郡立科町 大字山部279番地","","https://geoshape.ex.nii.ac.jp/nrct-poi/resource/20/200000047400.html"
"geoshape-nrct-poi:200000048400","両羽神社","長野県 東御市 下之城169番地","","https://geoshape.ex.nii.ac.jp/nrct-poi/resource/20/200000048400.html"
"geoshape-nrct-poi:200000050400","小諸城","長野県 小諸市 丁","","https://geoshape.ex.nii.ac.jp/nrct-poi/resource/20/200000050400.html"
"geoshape-nrct-poi:200000050600","成就寺","長野県 小諸市 六供二丁目4番","","https://geoshape.ex.nii.ac.jp/nrct-poi/resource/20/200000050600.html"
"geoshape-nrct-poi:200000050900","光岳寺","長野県 小諸市 荒町一丁目3番","","https://geoshape.ex.nii.ac.jp/nrct-poi/resource/20/200000050900.html"
"geoshape-nrct-poi:200000051200","加増古墳群","長野県 小諸市 大字加増","","https://geoshape.ex.nii.ac.jp/nrct-poi/resource/20/200000051200.html"
"geoshape-nrct-poi:200000052100","寺の浦遺跡","長野県 小諸市 相生町三丁目","","https://geoshape.ex.nii.ac.jp/nrct-poi/resource/20/200000052100.html"
"geoshape-nrct-poi:200000052500","楽巌寺城跡","長野県 小諸市 大字大久保","","https://geoshape.ex.nii.ac.jp/nrct-poi/resource/20/200000052500.html"
"geoshape-nrct-poi:200000052600","釈尊寺","長野県 上水内郡信濃町 大字大井257番地","","https://geoshape.ex.nii.ac.jp/nrct-poi/resource/20/200000052600.html"
"geoshape-nrct-poi:200000052700","氷遺跡","長野県 小諸市 相生町三丁目","","https://geoshape.ex.nii.ac.jp/nrct-poi/resource/20/200000052700.html"
"geoshape-nrct-poi:200000053100","耳取城跡","長野県 小諸市 大字耳取","","https://geoshape.ex.nii.ac.jp/nrct-poi/resource/20/200000053100.html"
"geoshape-nrct-poi:200000053200","玄江院","長野県 小諸市 大字耳取1922番地","","https://geoshape.ex.nii.ac.jp/nrct-poi/resource/20/200000053200.html"
"geoshape-nrct-poi:200000053300","耳取大塚古墳","長野県 小諸市 大字耳取","","https://geoshape.ex.nii.ac.jp/nrct-poi/resource/20/200000053300.html"
"geoshape-nrct-poi:200000053600","御影陣屋跡","長野県 小諸市 大字御影新田","","https://geoshape.ex.nii.ac.jp/nrct-poi/resource/20/200000053600.html"
"geoshape-nrct-poi:200000053800","平原城跡","長野県 小諸市 大字八満","","https://geoshape.ex.nii.ac.jp/nrct-poi/resource/20/200000053800.html"
"geoshape-nrct-poi:200000054000","石神遺跡","長野県 小諸市 大字八満","","https://geoshape.ex.nii.ac.jp/nrct-poi/resource/20/200000054000.html"
"geoshape-nrct-poi:200000056500","加沢番所","長野県 東御市 加沢","","https://geoshape.ex.nii.ac.jp/nrct-poi/resource/20/200000056500.html"
"geoshape-nrct-poi:200000057200","海野館跡","長野県 東御市 本海野","","https://geoshape.ex.nii.ac.jp/nrct-poi/resource/20/200000057200.html"
"geoshape-nrct-poi:200000057300","白鳥神社","長野県 長野市 松代町西条字東六工3674番地","","https://geoshape.ex.nii.ac.jp/nrct-poi/resource/20/200000057300.html"
"geoshape-nrct-poi:200000057600","禰津館跡","長野県 東御市 祢津","","https://geoshape.ex.nii.ac.jp/nrct-poi/resource/20/200000057600.html"
"geoshape-nrct-poi:200000057700","定津院","長野県 東御市 祢津1734番地","","https://geoshape.ex.nii.ac.jp/nrct-poi/resource/20/200000057700.html"
"geoshape-nrct-poi:200000059800","丸山塚","長野県 東御市 和丸山1104","","https://geoshape.ex.nii.ac.jp/nrct-poi/resource/20/200000059800.html"
"geoshape-nrct-poi:200000060500","御屋敷跡","長野県 上田市 真田町本原","","https://geoshape.ex.nii.ac.jp/nrct-poi/resource/20/200000060500.html"
"geoshape-nrct-poi:200000061300","山家神社","長野県 上田市 真田町長4473番地","","https://geoshape.ex.nii.ac.jp/nrct-poi/resource/20/200000061300.html"
"geoshape-nrct-poi:200000061400","長谷寺","長野県 上水内郡飯綱町 大字黒川1826番地","","https://geoshape.ex.nii.ac.jp/nrct-poi/resource/20/200000061400.html"
"geoshape-nrct-poi:200000061500","松尾城","長野県 上田市 真田町長","","https://geoshape.ex.nii.ac.jp/nrct-poi/resource/20/200000061500.html"
"geoshape-nrct-poi:200000061900","大日向番所","長野県 上田市 真田町長","","https://geoshape.ex.nii.ac.jp/nrct-poi/resource/20/200000061900.html"
"geoshape-nrct-poi:200000062400","唐沢岩陰遺跡","長野県 上田市 真田町本原","","https://geoshape.ex.nii.ac.jp/nrct-poi/resource/20/200000062400.html"
"geoshape-nrct-poi:200000062500","唐沢Ｂ遺跡","長野県 上田市 菅平高原","","https://geoshape.ex.nii.ac.jp/nrct-poi/resource/20/200000062500.html"
"geoshape-nrct-poi:200000062600","陣の岩岩陰遺跡","長野県 上田市 真田町本原","","https://geoshape.ex.nii.ac.jp/nrct-poi/resource/20/200000062600.html"
"geoshape-nrct-poi:200000062800","信綱寺","長野県 上田市 真田町長8101番地","","https://geoshape.ex.nii.ac.jp/nrct-poi/resource/20/200000062800.html"
"geoshape-nrct-poi:200000062900","横尾城","長野県 上田市 真田町本原","","https://geoshape.ex.nii.ac.jp/nrct-poi/resource/20/200000062900.html"
"geoshape-nrct-poi:200000063200","実相院","長野県 上田市 真田町傍陽字表5921番地","","https://geoshape.ex.nii.ac.jp/nrct-poi/resource/20/200000063200.html"
"geoshape-nrct-poi:200000063600","軽井沢番所","長野県 北佐久郡軽井沢町 大字長倉","","https://geoshape.ex.nii.ac.jp/nrct-poi/resource/20/200000063600.html"
"geoshape-nrct-poi:200000064700","日吉神社","長野県 諏訪郡原村 字家裏405番地","","https://geoshape.ex.nii.ac.jp/nrct-poi/resource/20/200000064700.html"
"geoshape-nrct-poi:200000066000","子檀嶺神社","長野県 上田市 武石小沢根230番地","","https://geoshape.ex.nii.ac.jp/nrct-poi/resource/20/200000066000.html"
"geoshape-nrct-poi:200000066400","大法寺","長野県 小県郡青木村 大字当郷2052番地","","https://geoshape.ex.nii.ac.jp/nrct-poi/resource/20/200000066400.html"
"geoshape-nrct-poi:200000068000","長瀬館跡","長野県 上田市 長瀬","","https://geoshape.ex.nii.ac.jp/nrct-poi/resource/20/200000068000.html"
"geoshape-nrct-poi:200000068300","長津瀬神社","長野県 上田市 長瀬2375番地","","https://geoshape.ex.nii.ac.jp/nrct-poi/resource/20/200000068300.html"
"geoshape-nrct-poi:200000068500","飯沼館跡","長野県 塩尻市 大字洗馬","","https://geoshape.ex.nii.ac.jp/nrct-poi/resource/20/200000068500.html"
"geoshape-nrct-poi:200000068600","竹ノ花遺跡","長野県 塩尻市 大字洗馬","","https://geoshape.ex.nii.ac.jp/nrct-poi/resource/20/200000068600.html"
"geoshape-nrct-poi:200000068800","尾野山城跡","長野県 塩尻市 大字洗馬","","https://geoshape.ex.nii.ac.jp/nrct-poi/resource/20/200000068800.html"
"geoshape-nrct-poi:200000069000","依田城跡","長野県 上田市 御嶽堂","","https://geoshape.ex.nii.ac.jp/nrct-poi/resource/20/200000069000.html"
"geoshape-nrct-poi:200000069100","御嶽神社","長野県 佐久市 大字岩村田1925番地","","https://geoshape.ex.nii.ac.jp/nrct-poi/resource/20/200000069100.html"
"geoshape-nrct-poi:200000069700","丸子館跡","長野県 上田市 腰越","","https://geoshape.ex.nii.ac.jp/nrct-poi/resource/20/200000069700.html"
"geoshape-nrct-poi:200000069800","鳥羽山洞穴遺跡","長野県 上田市 腰越","","https://geoshape.ex.nii.ac.jp/nrct-poi/resource/20/200000069800.html"
"geoshape-nrct-poi:200000070600","法住寺","長野県 上田市 東内4313番地","","https://geoshape.ex.nii.ac.jp/nrct-poi/resource/20/200000070600.html"
"geoshape-nrct-poi:200000070800","霊泉寺","長野県 上田市 平井2542番地","","https://geoshape.ex.nii.ac.jp/nrct-poi/resource/20/200000070800.html"
"geoshape-nrct-poi:200000071900","長窪城跡","長野県 小県郡長和町 古町3770","","https://geoshape.ex.nii.ac.jp/nrct-poi/resource/20/200000071900.html"
"geoshape-nrct-poi:200000072000","松尾神社","長野県 北安曇郡池田町 大字広津7351番地","","https://geoshape.ex.nii.ac.jp/nrct-poi/resource/20/200000072000.html"
"geoshape-nrct-poi:200000072400","入大門","長野県 塩尻市 大字大門","","https://geoshape.ex.nii.ac.jp/nrct-poi/resource/20/200000072400.html"
"geoshape-nrct-poi:200000072800","鷹山遺跡","長野県 長野市 大字長野","","https://geoshape.ex.nii.ac.jp/nrct-poi/resource/20/200000072800.html"
"geoshape-nrct-poi:200000073300","東餅屋","長野県 小県郡長和町 和田","","https://geoshape.ex.nii.ac.jp/nrct-poi/resource/20/200000073300.html"
"geoshape-nrct-poi:200000073700","男女倉遺跡群","長野県 小県郡長和町 和田","","https://geoshape.ex.nii.ac.jp/nrct-poi/resource/20/200000073700.html"
"geoshape-nrct-poi:200000074400","鳥屋城跡","長野県 上田市 東内","","https://geoshape.ex.nii.ac.jp/nrct-poi/resource/20/200000074400.html"
"geoshape-nrct-poi:200000074600","上の平遺跡","長野県 上田市 下武石","","https://geoshape.ex.nii.ac.jp/nrct-poi/resource/20/200000074600.html"
"geoshape-nrct-poi:200000076900","上田城","長野県 上田市 二の丸","","https://geoshape.ex.nii.ac.jp/nrct-poi/resource/20/200000076900.html"
"geoshape-nrct-poi:200000077300","願行寺","長野県 上田市 中央二丁目16番14号","","https://geoshape.ex.nii.ac.jp/nrct-poi/resource/20/200000077300.html"
"geoshape-nrct-poi:200000077500","本陽寺","長野県 上田市 中央六丁目3番3号","","https://geoshape.ex.nii.ac.jp/nrct-poi/resource/20/200000077500.html"
"geoshape-nrct-poi:200000078600","科野大宮社","長野県 上田市 常田二丁目22番25号","","https://geoshape.ex.nii.ac.jp/nrct-poi/resource/20/200000078600.html"
"geoshape-nrct-poi:200000078900","信州大学繊維学部遺跡","長野県 上田市 常田三丁目","","https://geoshape.ex.nii.ac.jp/nrct-poi/resource/20/200000078900.html"
"geoshape-nrct-poi:200000079100","大星神社","長野県 北佐久郡御代田町 大字面替601番地","","https://geoshape.ex.nii.ac.jp/nrct-poi/resource/20/200000079100.html"
"geoshape-nrct-poi:200000079200","大輪寺","長野県 上田市 中央北一丁目5番7号","","https://geoshape.ex.nii.ac.jp/nrct-poi/resource/20/200000079200.html"
"geoshape-nrct-poi:200000079300","海禅寺","長野県 上田市 中央北二丁目7番55号","","https://geoshape.ex.nii.ac.jp/nrct-poi/resource/20/200000079300.html"
"geoshape-nrct-poi:200000079400","呈蓮寺","長野県 上田市 中央北二丁目7番3号","","https://geoshape.ex.nii.ac.jp/nrct-poi/resource/20/200000079400.html"
"geoshape-nrct-poi:200000079900","草創神社","長野県 上田市 上田258番地イ","","https://geoshape.ex.nii.ac.jp/nrct-poi/resource/20/200000079900.html"
"geoshape-nrct-poi:200000080000","二子塚古墳","長野県 上田市 上田","","https://geoshape.ex.nii.ac.jp/nrct-poi/resource/20/200000080000.html"
"geoshape-nrct-poi:200000080300","向源寺","長野県 上田市 常磐城二丁目9番2号","","https://geoshape.ex.nii.ac.jp/nrct-poi/resource/20/200000080300.html"
"geoshape-nrct-poi:200000080600","芳泉寺","長野県 上田市 常磐城三丁目7番48号","","https://geoshape.ex.nii.ac.jp/nrct-poi/resource/20/200000080600.html"
"geoshape-nrct-poi:200000081300","下塩尻番所","長野県 上田市 下塩尻","","https://geoshape.ex.nii.ac.jp/nrct-poi/resource/20/200000081300.html"
"geoshape-nrct-poi:200000082300","矢沢館","長野県 上田市 殿城","","https://geoshape.ex.nii.ac.jp/nrct-poi/resource/20/200000082300.html"
"geoshape-nrct-poi:200000082400","良泉寺","長野県 上田市 殿城1362番地","","https://geoshape.ex.nii.ac.jp/nrct-poi/resource/20/200000082400.html"
"geoshape-nrct-poi:200000083500","竜洞院","長野県 千曲市 大字桑原2136番地","","https://geoshape.ex.nii.ac.jp/nrct-poi/resource/20/200000083500.html"
"geoshape-nrct-poi:200000084200","信濃国分寺跡","長野県 上田市 国分","","https://geoshape.ex.nii.ac.jp/nrct-poi/resource/20/200000084200.html"
"geoshape-nrct-poi:200000084300","国分寺","長野県 上田市 国分1049番地","","https://geoshape.ex.nii.ac.jp/nrct-poi/resource/20/200000084300.html"
"geoshape-nrct-poi:200000084400","国分神社","長野県 上田市 国分字仁王堂1166番地","","https://geoshape.ex.nii.ac.jp/nrct-poi/resource/20/200000084400.html"
"geoshape-nrct-poi:200000084600","信濃国府跡","長野県 上田市 古里","","https://geoshape.ex.nii.ac.jp/nrct-poi/resource/20/200000084600.html"
"geoshape-nrct-poi:200000085400","戸石城跡","長野県 上田市 上野","","https://geoshape.ex.nii.ac.jp/nrct-poi/resource/20/200000085400.html"
"geoshape-nrct-poi:200000087500","上田原古戦場","長野県 上田市 上田原","","https://geoshape.ex.nii.ac.jp/nrct-poi/resource/20/200000087500.html"
"geoshape-nrct-poi:200000088700","岡城跡","長野県 上田市 岡1302","","https://geoshape.ex.nii.ac.jp/nrct-poi/resource/20/200000088700.html"
"geoshape-nrct-poi:200000088900","馬背神社","長野県 上田市 浦野","","https://geoshape.ex.nii.ac.jp/nrct-poi/resource/20/200000088900.html"
"geoshape-nrct-poi:200000089000","東昌寺","長野県 上田市 浦野751番地","","https://geoshape.ex.nii.ac.jp/nrct-poi/resource/20/200000089000.html"
"geoshape-nrct-poi:200000089100","浦野館跡","長野県 上田市 浦野","","https://geoshape.ex.nii.ac.jp/nrct-poi/resource/20/200000089100.html"
"geoshape-nrct-poi:210000033300","中野遺跡","岐阜県 不破郡関ケ原町 大字関ケ原","","https://geoshape.ex.nii.ac.jp/nrct-poi/resource/21/210000033300.html"
"geoshape-nrct-poi:210000033700","不破関跡","岐阜県 不破郡関ケ原町 大字松尾","","https://geoshape.ex.nii.ac.jp/nrct-poi/resource/21/210000033700.html"
"geoshape-nrct-poi:210000034200","井上神社","岐阜県 不破郡関ケ原町 大字松尾389番地","","https://geoshape.ex.nii.ac.jp/nrct-poi/resource/21/210000034200.html"
"geoshape-nrct-poi:210000035100","妙応寺","岐阜県 不破郡関ケ原町 大字今須2591番地の1","","https://geoshape.ex.nii.ac.jp/nrct-poi/resource/21/210000035100.html"
"geoshape-nrct-poi:210000035800","宮処寺跡","岐阜県 不破郡垂井町 −","","https://geoshape.ex.nii.ac.jp/nrct-poi/resource/21/210000035800.html"
"geoshape-nrct-poi:210000036100","金蓮寺","岐阜県 不破郡垂井町 1609番地の1","","https://geoshape.ex.nii.ac.jp/nrct-poi/resource/21/210000036100.html"
"geoshape-nrct-poi:210000036200","専精寺","岐阜県 不破郡垂井町 1349番地","","https://geoshape.ex.nii.ac.jp/nrct-poi/resource/21/210000036200.html"
"geoshape-nrct-poi:210000036400","南宮神社","岐阜県 加茂郡川辺町 下吉田220番地","","https://geoshape.ex.nii.ac.jp/nrct-poi/resource/21/210000036400.html"
"geoshape-nrct-poi:210000037000","真禅院","岐阜県 不破郡垂井町 宮代2006番地","","https://geoshape.ex.nii.ac.jp/nrct-poi/resource/21/210000037000.html"
"geoshape-nrct-poi:210000037100","大領神社","岐阜県 不破郡垂井町 宮代765番地","","https://geoshape.ex.nii.ac.jp/nrct-poi/resource/21/210000037100.html"
"geoshape-nrct-poi:210000037200","宮代廃寺","岐阜県 不破郡垂井町 宮代","","https://geoshape.ex.nii.ac.jp/nrct-poi/resource/21/210000037200.html"
"geoshape-nrct-poi:210000037300","兜塚古墳","岐阜県 不破郡垂井町 宮代","","https://geoshape.ex.nii.ac.jp/nrct-poi/resource/21/210000037300.html"
"geoshape-nrct-poi:210000038100","願証寺","岐阜県 不破郡垂井町 平尾1番地","","https://geoshape.ex.nii.ac.jp/nrct-poi/resource/21/210000038100.html"
"geoshape-nrct-poi:210000038300","清塚古墳","岐阜県 不破郡垂井町 市之尾","","https://geoshape.ex.nii.ac.jp/nrct-poi/resource/21/210000038300.html"
"geoshape-nrct-poi:210000038400","親ヶ谷古墳","岐阜県 不破郡垂井町 梅谷","","https://geoshape.ex.nii.ac.jp/nrct-poi/resource/21/210000038400.html"
"geoshape-nrct-poi:210000039000","南大塚古墳","岐阜県 不破郡垂井町 大石","","https://geoshape.ex.nii.ac.jp/nrct-poi/resource/21/210000039000.html"
"geoshape-nrct-poi:210000039200","菩提山城跡","岐阜県 不破郡垂井町 岩手","","https://geoshape.ex.nii.ac.jp/nrct-poi/resource/21/210000039200.html"
"geoshape-nrct-poi:210000039300","竹中陣屋跡","岐阜県 不破郡垂井町 岩手","","https://geoshape.ex.nii.ac.jp/nrct-poi/resource/21/210000039300.html"
"geoshape-nrct-poi:210000039400","菩提寺","岐阜県 不破郡垂井町 岩手1番地","","https://geoshape.ex.nii.ac.jp/nrct-poi/resource/21/210000039400.html"
"geoshape-nrct-poi:210000039600","伊富岐神社","岐阜県 不破郡垂井町 伊吹1484番地の1","","https://geoshape.ex.nii.ac.jp/nrct-poi/resource/21/210000039600.html"
"geoshape-nrct-poi:210000041000","田代神社","岐阜県 養老郡養老町 高田259番地の1","","https://geoshape.ex.nii.ac.jp/nrct-poi/resource/21/210000041000.html"
"geoshape-nrct-poi:210000041100","荘福寺","岐阜県 養老郡養老町 押越725番地の1","","https://geoshape.ex.nii.ac.jp/nrct-poi/resource/21/210000041100.html"
"geoshape-nrct-poi:210000042000","養老寺","岐阜県 養老郡養老町 養老公園1276番地","","https://geoshape.ex.nii.ac.jp/nrct-poi/resource/21/210000042000.html"
"geoshape-nrct-poi:210000042100","養老神社","岐阜県 養老郡養老町 養老公園1288番地の1","","https://geoshape.ex.nii.ac.jp/nrct-poi/resource/21/210000042100.html"
"geoshape-nrct-poi:210000043100","久々美雄彦神社","岐阜県 養老郡養老町 沢田1341番地","","https://geoshape.ex.nii.ac.jp/nrct-poi/resource/21/210000043100.html"
"geoshape-nrct-poi:210000043500","御井神社","岐阜県 養老郡養老町 金屋237番地","","https://geoshape.ex.nii.ac.jp/nrct-poi/resource/21/210000043500.html"
"geoshape-nrct-poi:210000043700","多岐神社","岐阜県 養老郡養老町 三神町406番地の1","","https://geoshape.ex.nii.ac.jp/nrct-poi/resource/21/210000043700.html"
"geoshape-nrct-poi:210000043800","妙徳院跡","岐阜県 養老郡養老町 三神町","","https://geoshape.ex.nii.ac.jp/nrct-poi/resource/21/210000043800.html"
"geoshape-nrct-poi:210000044500","象鼻山古墳群","岐阜県 養老郡養老町 橋爪","","https://geoshape.ex.nii.ac.jp/nrct-poi/resource/21/210000044500.html"
"geoshape-nrct-poi:210000044800","福源寺","岐阜県 養老郡養老町 室原614番地","","https://geoshape.ex.nii.ac.jp/nrct-poi/resource/21/210000044800.html"
"geoshape-nrct-poi:210000046200","福地神社","岐阜県 養老郡養老町 栗笠26番地","","https://geoshape.ex.nii.ac.jp/nrct-poi/resource/21/210000046200.html"
"geoshape-nrct-poi:210000046800","浄誓寺","岐阜県 養老郡養老町 下笠763番地","","https://geoshape.ex.nii.ac.jp/nrct-poi/resource/21/210000046800.html"
"geoshape-nrct-poi:210000048200","大巻薩摩工事役館跡","岐阜県 養老郡養老町 大巻","","https://geoshape.ex.nii.ac.jp/nrct-poi/resource/21/210000048200.html"
"geoshape-nrct-poi:210000049200","二又一号墳","岐阜県 大垣市 上石津町牧田","","https://geoshape.ex.nii.ac.jp/nrct-poi/resource/21/210000049200.html"
"geoshape-nrct-poi:210000049500","長彦神社","岐阜県 大垣市 上石津町一之瀬2288番地1","","https://geoshape.ex.nii.ac.jp/nrct-poi/resource/21/210000049500.html"
"geoshape-nrct-poi:210000049600","天喜寺","岐阜県 大垣市 上石津町一之瀬1316番地1","","https://geoshape.ex.nii.ac.jp/nrct-poi/resource/21/210000049600.html"
"geoshape-nrct-poi:210000049700","桑原家住宅","岐阜県 大垣市 上石津町一之瀬","","https://geoshape.ex.nii.ac.jp/nrct-poi/resource/21/210000049700.html"
"geoshape-nrct-poi:210000050900","浄徳寺","岐阜県 大垣市 上石津町上原360番地","","https://geoshape.ex.nii.ac.jp/nrct-poi/resource/21/210000050900.html"
"geoshape-nrct-poi:210000051100","大神神社","岐阜県 養老郡養老町 上之郷字西ノ切130番地","","https://geoshape.ex.nii.ac.jp/nrct-poi/resource/21/210000051100.html"
"geoshape-nrct-poi:210000051200","高木家屋敷跡","岐阜県 大垣市 上石津町宮","","https://geoshape.ex.nii.ac.jp/nrct-poi/resource/21/210000051200.html"
"geoshape-nrct-poi:210000051500","観音寺経塚","岐阜県 大垣市 上石津町宮８２９","","https://geoshape.ex.nii.ac.jp/nrct-poi/resource/21/210000051500.html"
"geoshape-nrct-poi:210000053100","唯願寺","岐阜県 大垣市 上石津町下山577番地の1","","https://geoshape.ex.nii.ac.jp/nrct-poi/resource/21/210000053100.html"
"geoshape-nrct-poi:210000053400","湯葉神社","岐阜県 大垣市 上石津町堂之上1210番地","","https://geoshape.ex.nii.ac.jp/nrct-poi/resource/21/210000053400.html"
"geoshape-nrct-poi:210000054500","駒野城跡","岐阜県 海津市 南濃町駒野","","https://geoshape.ex.nii.ac.jp/nrct-poi/resource/21/210000054500.html"
"geoshape-nrct-poi:210000055000","円満寺山古墳","岐阜県 海津市 南濃町駒野","","https://geoshape.ex.nii.ac.jp/nrct-poi/resource/21/210000055000.html"
"geoshape-nrct-poi:210000055100","庭田貝塚","岐阜県 海津市 南濃町庭田","","https://geoshape.ex.nii.ac.jp/nrct-poi/resource/21/210000055100.html"
"geoshape-nrct-poi:210000055500","羽沢貝塚","岐阜県 海津市 南濃町羽沢","","https://geoshape.ex.nii.ac.jp/nrct-poi/resource/21/210000055500.html"
"geoshape-nrct-poi:210000055700","行基寺","岐阜県 海津市 南濃町上野河戸南濃町大字上野河戸1024番地の1","","https://geoshape.ex.nii.ac.jp/nrct-poi/resource/21/210000055700.html"
"geoshape-nrct-poi:210000057300","高須城跡","岐阜県 海津市 海津町高須町","","https://geoshape.ex.nii.ac.jp/nrct-poi/resource/21/210000057300.html"
"geoshape-nrct-poi:210000062500","今尾城跡","岐阜県 海津市 平田町今尾","","https://geoshape.ex.nii.ac.jp/nrct-poi/resource/21/210000062500.html"
"geoshape-nrct-poi:210000065800","江翁寺","岐阜県 安八郡輪之内町 楡俣新田410番地","","https://geoshape.ex.nii.ac.jp/nrct-poi/resource/21/210000065800.html"
"geoshape-nrct-poi:210000066300","四郷遺跡","岐阜県 安八郡輪之内町 四郷","","https://geoshape.ex.nii.ac.jp/nrct-poi/resource/21/210000066300.html"
"geoshape-nrct-poi:210000066500","心巌院","岐阜県 安八郡輪之内町 下大榑13024番地","","https://geoshape.ex.nii.ac.jp/nrct-poi/resource/21/210000066500.html"
"geoshape-nrct-poi:210000066600","加毛神社","岐阜県 安八郡輪之内町 下大榑東井堰13017番地","","https://geoshape.ex.nii.ac.jp/nrct-poi/resource/21/210000066600.html"
"geoshape-nrct-poi:210000069600","結神社","岐阜県 安八郡安八町 西結697番地の2","","https://geoshape.ex.nii.ac.jp/nrct-poi/resource/21/210000069600.html"
"geoshape-nrct-poi:210000069700","覚成寺","岐阜県 安八郡安八町 西結701番地","","https://geoshape.ex.nii.ac.jp/nrct-poi/resource/21/210000069700.html"
"geoshape-nrct-poi:210000070400","墨俣城跡","岐阜県 大垣市 墨俣町墨俣","","https://geoshape.ex.nii.ac.jp/nrct-poi/resource/21/210000070400.html"
"geoshape-nrct-poi:210000070500","津島神社","岐阜県 岐阜市 石原一丁目132番地","","https://geoshape.ex.nii.ac.jp/nrct-poi/resource/21/210000070500.html"
"geoshape-nrct-poi:210000070600","明台寺","岐阜県 大垣市 墨俣町墨俣226番地","","https://geoshape.ex.nii.ac.jp/nrct-poi/resource/21/210000070600.html"
"geoshape-nrct-poi:210000071400","日吉神社","岐阜県 山県市 小倉666番地","","https://geoshape.ex.nii.ac.jp/nrct-poi/resource/21/210000071400.html"
"geoshape-nrct-poi:210000071500","善学院","岐阜県 安八郡神戸町 大字神戸978番地","","https://geoshape.ex.nii.ac.jp/nrct-poi/resource/21/210000071500.html"
"geoshape-nrct-poi:210000071600","瑠璃光寺","岐阜県 安八郡神戸町 大字神戸313番地","","https://geoshape.ex.nii.ac.jp/nrct-poi/resource/21/210000071600.html"
"geoshape-nrct-poi:210000071800","日吉神社","岐阜県 本巣市 十四条895番地","","https://geoshape.ex.nii.ac.jp/nrct-poi/resource/21/210000071800.html"
"geoshape-nrct-poi:210000071900","勧学院","岐阜県 安八郡神戸町 下宮1844番地の1","","https://geoshape.ex.nii.ac.jp/nrct-poi/resource/21/210000071900.html"
"geoshape-nrct-poi:210000072200","長久寺","岐阜県 安八郡神戸町 大字川西527番地","","https://geoshape.ex.nii.ac.jp/nrct-poi/resource/21/210000072200.html"
"geoshape-nrct-poi:210000072500","性顕寺","岐阜県 安八郡神戸町 大字末守486番地","","https://geoshape.ex.nii.ac.jp/nrct-poi/resource/21/210000072500.html"
"geoshape-nrct-poi:210000072600","信願寺","岐阜県 安八郡神戸町 大字末守518番地","","https://geoshape.ex.nii.ac.jp/nrct-poi/resource/21/210000072600.html"
"geoshape-nrct-poi:210000073800","瑞雲寺","岐阜県 美濃加茂市 加茂野町加茂野321番地","","https://geoshape.ex.nii.ac.jp/nrct-poi/resource/21/210000073800.html"
"geoshape-nrct-poi:210000074500","永徳寺","岐阜県 安八郡神戸町 大字横井138番地","","https://geoshape.ex.nii.ac.jp/nrct-poi/resource/21/210000074500.html"
"geoshape-nrct-poi:210000077500","大垣城跡","岐阜県 大垣市 郭町二丁目","","https://geoshape.ex.nii.ac.jp/nrct-poi/resource/21/210000077500.html"
"geoshape-nrct-poi:210000078000","常葉神社","岐阜県 大垣市 郭町一丁目96番地","","https://geoshape.ex.nii.ac.jp/nrct-poi/resource/21/210000078000.html"
"geoshape-nrct-poi:210000078700","大垣別院","岐阜県 大垣市 久瀬川町一丁目1番地","","https://geoshape.ex.nii.ac.jp/nrct-poi/resource/21/210000078700.html"
"geoshape-nrct-poi:210000079200","全昌寺","岐阜県 大垣市 船町二丁目21番地","","https://geoshape.ex.nii.ac.jp/nrct-poi/resource/21/210000079200.html"
"geoshape-nrct-poi:210000079300","正覚寺","岐阜県 大垣市 船町七丁目1番地","","https://geoshape.ex.nii.ac.jp/nrct-poi/resource/21/210000079300.html"
"geoshape-nrct-poi:210000079600","等覚坊","岐阜県 大垣市 新町二丁目45番地","","https://geoshape.ex.nii.ac.jp/nrct-poi/resource/21/210000079600.html"
"geoshape-nrct-poi:210000080000","八幡神社","岐阜県 大垣市 西外側町一丁目1番地","","https://geoshape.ex.nii.ac.jp/nrct-poi/resource/21/210000080000.html"
"geoshape-nrct-poi:210000080100","円通寺","岐阜県 大垣市 西外側町一丁目32番地","","https://geoshape.ex.nii.ac.jp/nrct-poi/resource/21/210000080100.html"
"geoshape-nrct-poi:210000082500","遮那院跡","岐阜県 大垣市 清水町","","https://geoshape.ex.nii.ac.jp/nrct-poi/resource/21/210000082500.html"
"geoshape-nrct-poi:210000083400","星晨寺","岐阜県 大垣市 見取町三丁目38番地","","https://geoshape.ex.nii.ac.jp/nrct-poi/resource/21/210000083400.html"
"geoshape-nrct-poi:210000085300","曾根城跡","岐阜県 大垣市 曽根町一丁目","","https://geoshape.ex.nii.ac.jp/nrct-poi/resource/21/210000085300.html"
"geoshape-nrct-poi:210000089200","南一色遺跡","岐阜県 大垣市 南一色町","","https://geoshape.ex.nii.ac.jp/nrct-poi/resource/21/210000089200.html"
"geoshape-nrct-poi:210000089400","受円寺","岐阜県 大垣市 笠縫町553番地","","https://geoshape.ex.nii.ac.jp/nrct-poi/resource/21/210000089400.html"
"geoshape-nrct-poi:210000089800","池尻城跡","岐阜県 大垣市 池尻町","","https://geoshape.ex.nii.ac.jp/nrct-poi/resource/21/210000089800.html"
"geoshape-nrct-poi:210000090000","菅野神社","岐阜県 大垣市 興福地町四丁目664番地","","https://geoshape.ex.nii.ac.jp/nrct-poi/resource/21/210000090000.html"
"geoshape-nrct-poi:210000090400","西円寺","岐阜県 大垣市 草道島町685番地","","https://geoshape.ex.nii.ac.jp/nrct-poi/resource/21/210000090400.html"
"geoshape-nrct-poi:210000090800","徳勝寺","岐阜県 大垣市 青柳町一丁目40番地","","https://geoshape.ex.nii.ac.jp/nrct-poi/resource/21/210000090800.html"
"geoshape-nrct-poi:210000092600","永寿寺","岐阜県 大垣市 多芸島二丁目417番地","","https://geoshape.ex.nii.ac.jp/nrct-poi/resource/21/210000092600.html"
"geoshape-nrct-poi:210000092700","八幡神社","岐阜県 大垣市 多芸島二丁目1番地","","https://geoshape.ex.nii.ac.jp/nrct-poi/resource/21/210000092700.html"
"geoshape-nrct-poi:210000093300","宝光院","岐阜県 大垣市 野口一丁目39番地","","https://geoshape.ex.nii.ac.jp/nrct-poi/resource/21/210000093300.html"
"geoshape-nrct-poi:210000093500","報恩寺","岐阜県 大垣市 綾野一丁目2720番地","","https://geoshape.ex.nii.ac.jp/nrct-poi/resource/21/210000093500.html"
"geoshape-nrct-poi:210000094600","御首神社","岐阜県 大垣市 荒尾町1283番地","","https://geoshape.ex.nii.ac.jp/nrct-poi/resource/21/210000094600.html"
"geoshape-nrct-poi:210000095200","お茶屋屋敷跡","岐阜県 大垣市 赤坂町","","https://geoshape.ex.nii.ac.jp/nrct-poi/resource/21/210000095200.html"
"geoshape-nrct-poi:210000095400","子安神社","岐阜県 大垣市 赤坂町4026番地","","https://geoshape.ex.nii.ac.jp/nrct-poi/resource/21/210000095400.html"
"geoshape-nrct-poi:210000095500","明星輪寺","岐阜県 大垣市 赤坂町4610番地","","https://geoshape.ex.nii.ac.jp/nrct-poi/resource/21/210000095500.html"
"geoshape-nrct-poi:210000095600","安楽寺","岐阜県 大垣市 赤坂町756番地","","https://geoshape.ex.nii.ac.jp/nrct-poi/resource/21/210000095600.html"
"geoshape-nrct-poi:210000095900","牧野遺跡","岐阜県 大垣市 昼飯町","","https://geoshape.ex.nii.ac.jp/nrct-poi/resource/21/210000095900.html"
"geoshape-nrct-poi:210000096000","昼飯大塚古墳","岐阜県 大垣市 昼飯町","","https://geoshape.ex.nii.ac.jp/nrct-poi/resource/21/210000096000.html"
"geoshape-nrct-poi:210000096100","花岡山古墳群","岐阜県 大垣市 昼飯町","","https://geoshape.ex.nii.ac.jp/nrct-poi/resource/21/210000096100.html"
"geoshape-nrct-poi:210000096500","円興寺","岐阜県 大垣市 青墓町五丁目880番地","","https://geoshape.ex.nii.ac.jp/nrct-poi/resource/21/210000096500.html"
"geoshape-nrct-poi:210000096600","遊塚古墳群","岐阜県 大垣市 青墓町","","https://geoshape.ex.nii.ac.jp/nrct-poi/resource/21/210000096600.html"
"geoshape-nrct-poi:210000096700","遊塚古窯跡","岐阜県 大垣市 青墓町","","https://geoshape.ex.nii.ac.jp/nrct-poi/resource/21/210000096700.html"
"geoshape-nrct-poi:210000097000","美濃国分寺跡","岐阜県 大垣市 青野町","","https://geoshape.ex.nii.ac.jp/nrct-poi/resource/21/210000097000.html"
"geoshape-nrct-poi:210000097100","青野藩陣屋跡","岐阜県 大垣市 青野町","","https://geoshape.ex.nii.ac.jp/nrct-poi/resource/21/210000097100.html"
"geoshape-nrct-poi:210000097400","長塚古墳","岐阜県 大垣市 矢道町一丁目","","https://geoshape.ex.nii.ac.jp/nrct-poi/resource/21/210000097400.html"
"geoshape-nrct-poi:210000097600","長松城跡","岐阜県 大垣市 長松町","","https://geoshape.ex.nii.ac.jp/nrct-poi/resource/21/210000097600.html"
"geoshape-nrct-poi:210000097700","平林荘跡","岐阜県 大垣市 長松町","","https://geoshape.ex.nii.ac.jp/nrct-poi/resource/21/210000097700.html"
"geoshape-nrct-poi:210000100100","安国寺","岐阜県 揖斐郡池田町 小寺304番地","","https://geoshape.ex.nii.ac.jp/nrct-poi/resource/21/210000100100.html"
"geoshape-nrct-poi:210000100300","本郷城跡","岐阜県 揖斐郡池田町 本郷","","https://geoshape.ex.nii.ac.jp/nrct-poi/resource/21/210000100300.html"
"geoshape-nrct-poi:210000100400","龍徳寺","岐阜県 揖斐郡池田町 本郷1343番地","","https://geoshape.ex.nii.ac.jp/nrct-poi/resource/21/210000100400.html"
"geoshape-nrct-poi:210000100900","願成寺古墳群","岐阜県 揖斐郡池田町 願成寺","","https://geoshape.ex.nii.ac.jp/nrct-poi/resource/21/210000100900.html"
"geoshape-nrct-poi:210000101600","養基神社","岐阜県 揖斐郡池田町 田中80番地","","https://geoshape.ex.nii.ac.jp/nrct-poi/resource/21/210000101600.html"
"geoshape-nrct-poi:210000102900","揖斐城跡","岐阜県 揖斐郡揖斐川町 上南方","","https://geoshape.ex.nii.ac.jp/nrct-poi/resource/21/210000102900.html"
"geoshape-nrct-poi:210000103000","揖斐陣屋跡","岐阜県 揖斐郡揖斐川町 三輪","","https://geoshape.ex.nii.ac.jp/nrct-poi/resource/21/210000103000.html"
"geoshape-nrct-poi:210000103100","三輪神社","岐阜県 中津川市 付知町410番地2","","https://geoshape.ex.nii.ac.jp/nrct-poi/resource/21/210000103100.html"
"geoshape-nrct-poi:210000103300","大興寺","岐阜県 揖斐郡揖斐川町 大光寺120番地","","https://geoshape.ex.nii.ac.jp/nrct-poi/resource/21/210000103300.html"
"geoshape-nrct-poi:210000104100","月桂院","岐阜県 揖斐郡揖斐川町 長良72番地","","https://geoshape.ex.nii.ac.jp/nrct-poi/resource/21/210000104100.html"
"geoshape-nrct-poi:210000105600","白樫城跡","岐阜県 揖斐郡揖斐川町 白樫","","https://geoshape.ex.nii.ac.jp/nrct-poi/resource/21/210000105600.html"
"geoshape-nrct-poi:210000105900","瑞巌寺","岐阜県 揖斐郡揖斐川町 瑞岩寺192番地","","https://geoshape.ex.nii.ac.jp/nrct-poi/resource/21/210000105900.html"
"geoshape-nrct-poi:210000107900","小島城跡","岐阜県 揖斐郡揖斐川町 春日六合","","https://geoshape.ex.nii.ac.jp/nrct-poi/resource/21/210000107900.html"
"geoshape-nrct-poi:210000111500","宮ヶ原遺跡","岐阜県 揖斐郡揖斐川町 塚","","https://geoshape.ex.nii.ac.jp/nrct-poi/resource/21/210000111500.html"
"geoshape-nrct-poi:210000111900","はいづめ遺跡","岐阜県 揖斐郡揖斐川町 門入","","https://geoshape.ex.nii.ac.jp/nrct-poi/resource/21/210000111900.html"
"geoshape-nrct-poi:210000112400","華厳寺","岐阜県 揖斐郡揖斐川町 谷汲徳積23番地","","https://geoshape.ex.nii.ac.jp/nrct-poi/resource/21/210000112400.html"
"geoshape-nrct-poi:210000113200","花長上神社","岐阜県 揖斐郡揖斐川町 谷汲名礼1211番地の1","","https://geoshape.ex.nii.ac.jp/nrct-poi/resource/21/210000113200.html"
"geoshape-nrct-poi:210000113300","花長下神社","岐阜県 揖斐郡揖斐川町 谷汲名礼848番地の1","","https://geoshape.ex.nii.ac.jp/nrct-poi/resource/21/210000113300.html"
"geoshape-nrct-poi:210000113600","末福遺跡","岐阜県 岐阜市 深坂一丁目","","https://geoshape.ex.nii.ac.jp/nrct-poi/resource/21/210000113600.html"
"geoshape-nrct-poi:210000114700","横蔵寺","岐阜県 揖斐郡揖斐川町 谷汲神原1160番地","","https://geoshape.ex.nii.ac.jp/nrct-poi/resource/21/210000114700.html"
"geoshape-nrct-poi:210000115700","相羽城跡","岐阜県 揖斐郡大野町 大字相羽","","https://geoshape.ex.nii.ac.jp/nrct-poi/resource/21/210000115700.html"
"geoshape-nrct-poi:210000116300","野古墳群","岐阜県 揖斐郡大野町 大字野","","https://geoshape.ex.nii.ac.jp/nrct-poi/resource/21/210000116300.html"
"geoshape-nrct-poi:210000117100","来振神社","岐阜県 揖斐郡大野町 大字稲富字井口山2544番地の1の5","","https://geoshape.ex.nii.ac.jp/nrct-poi/resource/21/210000117100.html"
"geoshape-nrct-poi:210000118200","大隆寺跡","岐阜県 揖斐郡大野町 大字小衣斐","","https://geoshape.ex.nii.ac.jp/nrct-poi/resource/21/210000118200.html"
"geoshape-nrct-poi:210000119500","上磯古墳群","岐阜県 揖斐郡大野町 大字上磯","","https://geoshape.ex.nii.ac.jp/nrct-poi/resource/21/210000119500.html"
"geoshape-nrct-poi:210000121000","光沢寺","岐阜県 岐阜市 柳津町本郷二丁目17番地","","https://geoshape.ex.nii.ac.jp/nrct-poi/resource/21/210000121000.html"
"geoshape-nrct-poi:210000121900","法伝寺","岐阜県 羽島郡笠松町 上本町42番地","","https://geoshape.ex.nii.ac.jp/nrct-poi/resource/21/210000121900.html"
"geoshape-nrct-poi:210000122100","笠松陣屋跡","岐阜県 羽島郡笠松町 司町","","https://geoshape.ex.nii.ac.jp/nrct-poi/resource/21/210000122100.html"
"geoshape-nrct-poi:210000127200","竹鼻城跡","岐阜県 羽島市 竹鼻町","","https://geoshape.ex.nii.ac.jp/nrct-poi/resource/21/210000127200.html"
"geoshape-nrct-poi:210000127300","竹鼻別院","岐阜県 羽島市 竹鼻町2802番地","","https://geoshape.ex.nii.ac.jp/nrct-poi/resource/21/210000127300.html"
"geoshape-nrct-poi:210000127400","八剣神社","岐阜県 羽島市 竹鼻町3298番地","","https://geoshape.ex.nii.ac.jp/nrct-poi/resource/21/210000127400.html"
"geoshape-nrct-poi:210000127500","本覚寺","岐阜県 羽島市 竹鼻町2434番地","","https://geoshape.ex.nii.ac.jp/nrct-poi/resource/21/210000127500.html"
"geoshape-nrct-poi:210000129000","阿遅加神社","岐阜県 羽島市 足近町直道1088番地","","https://geoshape.ex.nii.ac.jp/nrct-poi/resource/21/210000129000.html"
"geoshape-nrct-poi:210000129100","西方寺","岐阜県 羽島市 足近町直道601番地","","https://geoshape.ex.nii.ac.jp/nrct-poi/resource/21/210000129100.html"
"geoshape-nrct-poi:210000130700","起渡船場石灯台","岐阜県 羽島市 正木町新井","","https://geoshape.ex.nii.ac.jp/nrct-poi/resource/21/210000130700.html"
"geoshape-nrct-poi:210000132400","加賀野井城跡","岐阜県 羽島市 下中町加賀野井","","https://geoshape.ex.nii.ac.jp/nrct-poi/resource/21/210000132400.html"
"geoshape-nrct-poi:210000133000","八神城跡","岐阜県 羽島市 桑原町八神","","https://geoshape.ex.nii.ac.jp/nrct-poi/resource/21/210000133000.html"
"geoshape-nrct-poi:210000133300","真福寺跡","岐阜県 羽島市 桑原町大須","","https://geoshape.ex.nii.ac.jp/nrct-poi/resource/21/210000133300.html"
"geoshape-nrct-poi:210000133400","徳林寺","岐阜県 山県市 伊佐美979番地","","https://geoshape.ex.nii.ac.jp/nrct-poi/resource/21/210000133400.html"
"geoshape-nrct-poi:210000136800","五六閘門","岐阜県 瑞穂市 穂積","","https://geoshape.ex.nii.ac.jp/nrct-poi/resource/21/210000136800.html"
"geoshape-nrct-poi:210000137600","本田代官所跡","岐阜県 瑞穂市 穂積","","https://geoshape.ex.nii.ac.jp/nrct-poi/resource/21/210000137600.html"
"geoshape-nrct-poi:210000140600","十七条城跡","岐阜県 瑞穂市 十七条","","https://geoshape.ex.nii.ac.jp/nrct-poi/resource/21/210000140600.html"
"geoshape-nrct-poi:210000141300","西順寺","岐阜県 本巣郡北方町 清水一丁目21番地","","https://geoshape.ex.nii.ac.jp/nrct-poi/resource/21/210000141300.html"
"geoshape-nrct-poi:210000141400","円鏡寺","岐阜県 本巣郡北方町 北方1345番地","","https://geoshape.ex.nii.ac.jp/nrct-poi/resource/21/210000141400.html"
"geoshape-nrct-poi:210000142400","物部神社","岐阜県 本巣市 上真桑331番地","","https://geoshape.ex.nii.ac.jp/nrct-poi/resource/21/210000142400.html"
"geoshape-nrct-poi:210000142600","教念寺","岐阜県 本巣市 下真桑548番地","","https://geoshape.ex.nii.ac.jp/nrct-poi/resource/21/210000142600.html"
"geoshape-nrct-poi:210000142900","軽海西城跡","岐阜県 本巣市 軽海","","https://geoshape.ex.nii.ac.jp/nrct-poi/resource/21/210000142900.html"
"geoshape-nrct-poi:210000143100","八幡神社","岐阜県 岐阜市 前一色二丁目1番6号","","https://geoshape.ex.nii.ac.jp/nrct-poi/resource/21/210000143100.html"
"geoshape-nrct-poi:210000143300","宗慶大塚古墳","岐阜県 本巣市 宗慶","","https://geoshape.ex.nii.ac.jp/nrct-poi/resource/21/210000143300.html"
"geoshape-nrct-poi:210000144800","席田廃寺","岐阜県 本巣市 石原","","https://geoshape.ex.nii.ac.jp/nrct-poi/resource/21/210000144800.html"
"geoshape-nrct-poi:210000145000","智勝院","岐阜県 本巣市 郡府452番地","","https://geoshape.ex.nii.ac.jp/nrct-poi/resource/21/210000145000.html"
"geoshape-nrct-poi:210000145100","船木山二四号墳","岐阜県 本巣市 郡府","","https://geoshape.ex.nii.ac.jp/nrct-poi/resource/21/210000145100.html"
"geoshape-nrct-poi:210000147500","文殊陣屋跡","岐阜県 本巣市 文殊","","https://geoshape.ex.nii.ac.jp/nrct-poi/resource/21/210000147500.html"
"geoshape-nrct-poi:210000147600","善永寺","岐阜県 本巣市 文殊1370番地","","https://geoshape.ex.nii.ac.jp/nrct-poi/resource/21/210000147600.html"
"geoshape-nrct-poi:210000147800","祐向山城跡","岐阜県 岐阜市 奥","","https://geoshape.ex.nii.ac.jp/nrct-poi/resource/21/210000147800.html"
"geoshape-nrct-poi:210000148000","梅英寺","岐阜県 本巣市 曽井中島663番地1","","https://geoshape.ex.nii.ac.jp/nrct-poi/resource/21/210000148000.html"
"geoshape-nrct-poi:210000150500","根尾城跡","岐阜県 本巣市 根尾神所","","https://geoshape.ex.nii.ac.jp/nrct-poi/resource/21/210000150500.html"
"geoshape-nrct-poi:210000150600","春日神社","岐阜県 本巣市 根尾神所550番地1","","https://geoshape.ex.nii.ac.jp/nrct-poi/resource/21/210000150600.html"
"geoshape-nrct-poi:210000152300","白山神社","岐阜県 本巣市 根尾能郷162番地","","https://geoshape.ex.nii.ac.jp/nrct-poi/resource/21/210000152300.html"
"geoshape-nrct-poi:210000153300","浄光寺","岐阜県 安八郡輪之内町 福束56番地","","https://geoshape.ex.nii.ac.jp/nrct-poi/resource/21/210000153300.html"
"geoshape-nrct-poi:210000153500","須佐之男神社","岐阜県 山県市 高富1452番地","","https://geoshape.ex.nii.ac.jp/nrct-poi/resource/21/210000153500.html"
"geoshape-nrct-poi:210000153800","高木神社","岐阜県 山県市 高木114番地","","https://geoshape.ex.nii.ac.jp/nrct-poi/resource/21/210000153800.html"
"geoshape-nrct-poi:210000154100","慈明院","岐阜県 山県市 西深瀬1722番地","","https://geoshape.ex.nii.ac.jp/nrct-poi/resource/21/210000154100.html"
"geoshape-nrct-poi:210000154300","白山神社","岐阜県 岐阜市 大字日野日野字舟伏山3967番地の2","","https://geoshape.ex.nii.ac.jp/nrct-poi/resource/21/210000154300.html"
"geoshape-nrct-poi:210000155000","大桑城跡","岐阜県 山県市 大桑","","https://geoshape.ex.nii.ac.jp/nrct-poi/resource/21/210000155000.html"
"geoshape-nrct-poi:210000155100","十五社神社","岐阜県 山県市 大桑2281番地","","https://geoshape.ex.nii.ac.jp/nrct-poi/resource/21/210000155100.html"
"geoshape-nrct-poi:210000155200","南泉寺","岐阜県 山県市 大桑2358番地","","https://geoshape.ex.nii.ac.jp/nrct-poi/resource/21/210000155200.html"
"geoshape-nrct-poi:210000155500","加茂神社","岐阜県 岐阜市 城田寺3250番地","","https://geoshape.ex.nii.ac.jp/nrct-poi/resource/21/210000155500.html"
"geoshape-nrct-poi:210000156000","東光寺","岐阜県 揖斐郡揖斐川町 若松83番地","","https://geoshape.ex.nii.ac.jp/nrct-poi/resource/21/210000156000.html"
"geoshape-nrct-poi:210000157100","甘南美寺","岐阜県 山県市 長滝27番地の11","","https://geoshape.ex.nii.ac.jp/nrct-poi/resource/21/210000157100.html"
"geoshape-nrct-poi:210000157200","七社神社","岐阜県 揖斐郡揖斐川町 谷汲長瀬字宮ノ下1094番地","","https://geoshape.ex.nii.ac.jp/nrct-poi/resource/21/210000157200.html"
"geoshape-nrct-poi:210000157700","善導寺","岐阜県 山県市 谷合1451番地","","https://geoshape.ex.nii.ac.jp/nrct-poi/resource/21/210000157700.html"
"geoshape-nrct-poi:210000157800","九合洞窟遺跡","岐阜県 山県市 谷合","","https://geoshape.ex.nii.ac.jp/nrct-poi/resource/21/210000157800.html"
"geoshape-nrct-poi:210000158000","篠座神社","岐阜県 山県市 葛原4593番地","","https://geoshape.ex.nii.ac.jp/nrct-poi/resource/21/210000158000.html"
"geoshape-nrct-poi:210000158100","蓮華寺","岐阜県 大垣市 鶴見町64番地","","https://geoshape.ex.nii.ac.jp/nrct-poi/resource/21/210000158100.html"
"geoshape-nrct-poi:210000159100","大円寺跡","岐阜県 恵那市 岩村町富田","","https://geoshape.ex.nii.ac.jp/nrct-poi/resource/21/210000159100.html"
"geoshape-nrct-poi:210000159400","垣野神社","岐阜県 山県市 柿野字向山787番地","","https://geoshape.ex.nii.ac.jp/nrct-poi/resource/21/210000159400.html"
"geoshape-nrct-poi:210000161100","岐阜城跡","岐阜県 岐阜市 米廩谷洞","","https://geoshape.ex.nii.ac.jp/nrct-poi/resource/21/210000161100.html"
"geoshape-nrct-poi:210000161300","織田信長居館跡","岐阜県 岐阜市 千畳敷下","","https://geoshape.ex.nii.ac.jp/nrct-poi/resource/21/210000161300.html"
"geoshape-nrct-poi:210000162300","常在寺","岐阜県 岐阜市 梶川町9番地","","https://geoshape.ex.nii.ac.jp/nrct-poi/resource/21/210000162300.html"
"geoshape-nrct-poi:210000164900","岐阜奉行所跡","岐阜県 岐阜市 伊奈波通一丁目","","https://geoshape.ex.nii.ac.jp/nrct-poi/resource/21/210000164900.html"
"geoshape-nrct-poi:210000165300","伊奈波神社","岐阜県 岐阜市 伊奈波通一丁目1番地","","https://geoshape.ex.nii.ac.jp/nrct-poi/resource/21/210000165300.html"
"geoshape-nrct-poi:210000167800","御鮨所跡","岐阜県 岐阜市 益屋町","","https://geoshape.ex.nii.ac.jp/nrct-poi/resource/21/210000167800.html"
"geoshape-nrct-poi:210000167900","正法寺","岐阜県 岐阜市 大仏町8番地","","https://geoshape.ex.nii.ac.jp/nrct-poi/resource/21/210000167900.html"
"geoshape-nrct-poi:210000168000","妙照寺","岐阜県 岐阜市 梶川町14番地","","https://geoshape.ex.nii.ac.jp/nrct-poi/resource/21/210000168000.html"
"geoshape-nrct-poi:210000168200","長良川役所跡","岐阜県 岐阜市 湊町","","https://geoshape.ex.nii.ac.jp/nrct-poi/resource/21/210000168200.html"
"geoshape-nrct-poi:210000168400","岐阜別院","岐阜県 岐阜市 大門町1番地","","https://geoshape.ex.nii.ac.jp/nrct-poi/resource/21/210000168400.html"
"geoshape-nrct-poi:210000168600","美江寺","岐阜県 岐阜市 美江寺町二丁目3番地","","https://geoshape.ex.nii.ac.jp/nrct-poi/resource/21/210000168600.html"
"geoshape-nrct-poi:210000168700","本願寺岐阜別院","岐阜県 岐阜市 西野町三丁目1番地","","https://geoshape.ex.nii.ac.jp/nrct-poi/resource/21/210000168700.html"
"geoshape-nrct-poi:210000169800","加納城跡","岐阜県 岐阜市 加納丸之内","","https://geoshape.ex.nii.ac.jp/nrct-poi/resource/21/210000169800.html"
"geoshape-nrct-poi:210000171600","加納天満宮","岐阜県 岐阜市 加納天神町四丁目1番地","","https://geoshape.ex.nii.ac.jp/nrct-poi/resource/21/210000171600.html"
"geoshape-nrct-poi:210000172700","専福寺","岐阜県 岐阜市 加納新町47番地","","https://geoshape.ex.nii.ac.jp/nrct-poi/resource/21/210000172700.html"
"geoshape-nrct-poi:210000174800","円徳寺","岐阜県 岐阜市 神田町六丁目24番地","","https://geoshape.ex.nii.ac.jp/nrct-poi/resource/21/210000174800.html"
"geoshape-nrct-poi:210000174900","瑞龍寺","岐阜県 岐阜市 寺町19番地","","https://geoshape.ex.nii.ac.jp/nrct-poi/resource/21/210000174900.html"
"geoshape-nrct-poi:210000175000","厚見寺跡","岐阜県 岐阜市 寺町","","https://geoshape.ex.nii.ac.jp/nrct-poi/resource/21/210000175000.html"
"geoshape-nrct-poi:210000175100","瑞龍寺山山頂遺跡","岐阜県 岐阜市 上加納山","","https://geoshape.ex.nii.ac.jp/nrct-poi/resource/21/210000175100.html"
"geoshape-nrct-poi:210000175200","篠ヶ谷遺跡","岐阜県 岐阜市 梅林","","https://geoshape.ex.nii.ac.jp/nrct-poi/resource/21/210000175200.html"
"geoshape-nrct-poi:210000175300","梅林遺跡","岐阜県 岐阜市 梅林","","https://geoshape.ex.nii.ac.jp/nrct-poi/resource/21/210000175300.html"
"geoshape-nrct-poi:210000175900","江東遺跡","岐阜県 岐阜市 六条江東二丁目","","https://geoshape.ex.nii.ac.jp/nrct-poi/resource/21/210000175900.html"
"geoshape-nrct-poi:210000176200","乙津寺","岐阜県 岐阜市 鏡島中二丁目8番1号","","https://geoshape.ex.nii.ac.jp/nrct-poi/resource/21/210000176200.html"
"geoshape-nrct-poi:210000176500","立政寺","岐阜県 岐阜市 大字西荘三丁目7番11号","","https://geoshape.ex.nii.ac.jp/nrct-poi/resource/21/210000176500.html"
"geoshape-nrct-poi:210000177700","茜部神社","岐阜県 岐阜市 茜部寺屋敷三丁目135番地","","https://geoshape.ex.nii.ac.jp/nrct-poi/resource/21/210000177700.html"
"geoshape-nrct-poi:210000178000","正法寺跡","岐阜県 岐阜市 薬師町","","https://geoshape.ex.nii.ac.jp/nrct-poi/resource/21/210000178000.html"
"geoshape-nrct-poi:210000178600","切通陣屋跡","岐阜県 岐阜市 切通六丁目","","https://geoshape.ex.nii.ac.jp/nrct-poi/resource/21/210000178600.html"
"geoshape-nrct-poi:210000179700","琴塚古墳","岐阜県 岐阜市 琴塚三丁目","","https://geoshape.ex.nii.ac.jp/nrct-poi/resource/21/210000179700.html"
"geoshape-nrct-poi:210000180300","日野遺跡","岐阜県 岐阜市 日野北三丁目","","https://geoshape.ex.nii.ac.jp/nrct-poi/resource/21/210000180300.html"
"geoshape-nrct-poi:210000182500","天神神社","岐阜県 岐阜市 大字長良1972番地","","https://geoshape.ex.nii.ac.jp/nrct-poi/resource/21/210000182500.html"
"geoshape-nrct-poi:210000182600","龍門寺一号墳","岐阜県 岐阜市 石谷","","https://geoshape.ex.nii.ac.jp/nrct-poi/resource/21/210000182600.html"
"geoshape-nrct-poi:210000182700","西山四号墳","岐阜県 岐阜市 長良","","https://geoshape.ex.nii.ac.jp/nrct-poi/resource/21/210000182700.html"
"geoshape-nrct-poi:210000182900","崇福寺","岐阜県 岐阜市 大字長良福光2403番地","","https://geoshape.ex.nii.ac.jp/nrct-poi/resource/21/210000182900.html"
"geoshape-nrct-poi:210000183000","方県津神社","岐阜県 岐阜市 八代三丁目13番1号","","https://geoshape.ex.nii.ac.jp/nrct-poi/resource/21/210000183000.html"
"geoshape-nrct-poi:210000183200","護国之寺","岐阜県 岐阜市 大字長良雄総194番地","","https://geoshape.ex.nii.ac.jp/nrct-poi/resource/21/210000183200.html"
"geoshape-nrct-poi:210000183800","大龍寺","岐阜県 岐阜市 粟野2339番地","","https://geoshape.ex.nii.ac.jp/nrct-poi/resource/21/210000183800.html"
"geoshape-nrct-poi:210000184000","済法寺","岐阜県 岐阜市 粟野西八丁目175番地","","https://geoshape.ex.nii.ac.jp/nrct-poi/resource/21/210000184000.html"
"geoshape-nrct-poi:210000184200","椿洞遺跡","岐阜県 岐阜市 椿洞","","https://geoshape.ex.nii.ac.jp/nrct-poi/resource/21/210000184200.html"
"geoshape-nrct-poi:210000184700","舎衛寺","岐阜県 岐阜市 城田寺1821番地","","https://geoshape.ex.nii.ac.jp/nrct-poi/resource/21/210000184700.html"
"geoshape-nrct-poi:210000184800","坂尻古墳","岐阜県 岐阜市 城田寺","","https://geoshape.ex.nii.ac.jp/nrct-poi/resource/21/210000184800.html"
"geoshape-nrct-poi:210000185300","鷺山城跡","岐阜県 岐阜市 正木","","https://geoshape.ex.nii.ac.jp/nrct-poi/resource/21/210000185300.html"
"geoshape-nrct-poi:210000186200","津神社","岐阜県 羽島郡笠松町 長池58番地","","https://geoshape.ex.nii.ac.jp/nrct-poi/resource/21/210000186200.html"
"geoshape-nrct-poi:210000187300","若江神社","岐阜県 岐阜市 西改田東改田入会地1番地","","https://geoshape.ex.nii.ac.jp/nrct-poi/resource/21/210000187300.html"
"geoshape-nrct-poi:210000187500","教徳寺","岐阜県 岐阜市 大字西改田村前61番地","","https://geoshape.ex.nii.ac.jp/nrct-poi/resource/21/210000187500.html"
"geoshape-nrct-poi:210000188200","正法寺","岐阜県 岐阜市 大字小野小野598番地の1","","https://geoshape.ex.nii.ac.jp/nrct-poi/resource/21/210000188200.html"
"geoshape-nrct-poi:210000188700","黒野城跡","岐阜県 岐阜市 黒野","","https://geoshape.ex.nii.ac.jp/nrct-poi/resource/21/210000188700.html"
"geoshape-nrct-poi:210000188800","本願寺黒野別院","岐阜県 岐阜市 黒野","","https://geoshape.ex.nii.ac.jp/nrct-poi/resource/21/210000188800.html"
"geoshape-nrct-poi:210000189500","深坂神社","岐阜県 岐阜市 洞726番地","","https://geoshape.ex.nii.ac.jp/nrct-poi/resource/21/210000189500.html"
"geoshape-nrct-poi:210000189700","御望遺跡","岐阜県 岐阜市 御望五丁目","","https://geoshape.ex.nii.ac.jp/nrct-poi/resource/21/210000189700.html"
"geoshape-nrct-poi:210000191000","宇田遺跡","岐阜県 岐阜市 則松三丁目","","https://geoshape.ex.nii.ac.jp/nrct-poi/resource/21/210000191000.html"
"geoshape-nrct-poi:210000191900","延算寺","岐阜県 岐阜市 岩井二丁目1番25号","","https://geoshape.ex.nii.ac.jp/nrct-poi/resource/21/210000191900.html"
"geoshape-nrct-poi:210000192300","内山古墳","岐阜県 岐阜市 太郎丸北郷","","https://geoshape.ex.nii.ac.jp/nrct-poi/resource/21/210000192300.html"
"geoshape-nrct-poi:210000192700","大智寺","岐阜県 岐阜市 山県北野668番地","","https://geoshape.ex.nii.ac.jp/nrct-poi/resource/21/210000192700.html"
"geoshape-nrct-poi:210000192800","獅子庵","岐阜県 岐阜市 山県北野","","https://geoshape.ex.nii.ac.jp/nrct-poi/resource/21/210000192800.html"
"geoshape-nrct-poi:210000193000","三輪神社","岐阜県 岐阜市 三輪965番地","","https://geoshape.ex.nii.ac.jp/nrct-poi/resource/21/210000193000.html"
"geoshape-nrct-poi:210000193200","真長寺","岐阜県 岐阜市 三輪778番地","","https://geoshape.ex.nii.ac.jp/nrct-poi/resource/21/210000193200.html"
"geoshape-nrct-poi:210000194400","老洞・朝倉古窯跡群","岐阜県 岐阜市 芥見三丁目","","https://geoshape.ex.nii.ac.jp/nrct-poi/resource/21/210000194400.html"
"geoshape-nrct-poi:210000194600","願成寺","岐阜県 岐阜市 大洞一丁目21番2号","","https://geoshape.ex.nii.ac.jp/nrct-poi/resource/21/210000194600.html"
"geoshape-nrct-poi:210000194900","伊波乃西神社","岐阜県 岐阜市 大字岩田西三丁目421番地","","https://geoshape.ex.nii.ac.jp/nrct-poi/resource/21/210000194900.html"
"geoshape-nrct-poi:210000196100","柄山古墳","岐阜県 各務原市 那加柄山町","","https://geoshape.ex.nii.ac.jp/nrct-poi/resource/21/210000196100.html"
"geoshape-nrct-poi:210000196400","更木陣屋跡","岐阜県 各務原市 那加西市場町三丁目","","https://geoshape.ex.nii.ac.jp/nrct-poi/resource/21/210000196400.html"
"geoshape-nrct-poi:210000196700","手力雄神社","岐阜県 各務原市 那加手力町4番地","","https://geoshape.ex.nii.ac.jp/nrct-poi/resource/21/210000196700.html"
"geoshape-nrct-poi:210000196900","少林寺","岐阜県 各務原市 那加新加納町2104番地","","https://geoshape.ex.nii.ac.jp/nrct-poi/resource/21/210000196900.html"
"geoshape-nrct-poi:210000197700","山田寺跡","岐阜県 各務原市 蘇原寺島町一丁目","","https://geoshape.ex.nii.ac.jp/nrct-poi/resource/21/210000197700.html"
"geoshape-nrct-poi:210000198200","加佐美神社","岐阜県 各務原市 蘇原古市場町五丁目1番地","","https://geoshape.ex.nii.ac.jp/nrct-poi/resource/21/210000198200.html"
"geoshape-nrct-poi:210000198300","飛鳥田神社","岐阜県 各務原市 蘇原清住町一丁目105番地","","https://geoshape.ex.nii.ac.jp/nrct-poi/resource/21/210000198300.html"
"geoshape-nrct-poi:210000198500","平蔵寺跡","岐阜県 各務原市 蘇原熊田町三丁目","","https://geoshape.ex.nii.ac.jp/nrct-poi/resource/21/210000198500.html"
"geoshape-nrct-poi:210000199400","稲田山古窯跡群","岐阜県 各務原市 須衛町七丁目","","https://geoshape.ex.nii.ac.jp/nrct-poi/resource/21/210000199400.html"
"geoshape-nrct-poi:210000199700","村国神社","岐阜県 各務原市 各務おがせ町三丁目85番地","","https://geoshape.ex.nii.ac.jp/nrct-poi/resource/21/210000199700.html"
"geoshape-nrct-poi:210000200300","村国真墨田神社","岐阜県 各務原市 鵜沼山崎町一丁目108番地","","https://geoshape.ex.nii.ac.jp/nrct-poi/resource/21/210000200300.html"
"geoshape-nrct-poi:210000200400","大安寺","岐阜県 各務原市 鵜沼大安寺町一丁目11番地","","https://geoshape.ex.nii.ac.jp/nrct-poi/resource/21/210000200400.html"
"geoshape-nrct-poi:210000200500","鵜沼城跡","岐阜県 各務原市 鵜沼南町七丁目","","https://geoshape.ex.nii.ac.jp/nrct-poi/resource/21/210000200500.html"
"geoshape-nrct-poi:210000200600","伊木城跡","岐阜県 各務原市 鵜沼","","https://geoshape.ex.nii.ac.jp/nrct-poi/resource/21/210000200600.html"
"geoshape-nrct-poi:210000200700","炉畑遺跡","岐阜県 各務原市 鵜沼三ツ池町六丁目","","https://geoshape.ex.nii.ac.jp/nrct-poi/resource/21/210000200700.html"
"geoshape-nrct-poi:210000200800","坊の塚古墳","岐阜県 各務原市 鵜沼羽場町五丁目","","https://geoshape.ex.nii.ac.jp/nrct-poi/resource/21/210000200800.html"
"geoshape-nrct-poi:210000200900","衣裳塚古墳","岐阜県 各務原市 鵜沼羽場町二丁目","","https://geoshape.ex.nii.ac.jp/nrct-poi/resource/21/210000200900.html"
"geoshape-nrct-poi:210000201500","御井神社","岐阜県 各務原市 三井町五丁目8番地","","https://geoshape.ex.nii.ac.jp/nrct-poi/resource/21/210000201500.html"
"geoshape-nrct-poi:210000201600","三井遺跡","岐阜県 各務原市 三井町二丁目","","https://geoshape.ex.nii.ac.jp/nrct-poi/resource/21/210000201600.html"
"geoshape-nrct-poi:210000204700","汾陽寺","岐阜県 関市 武芸川町谷口1811番地","","https://geoshape.ex.nii.ac.jp/nrct-poi/resource/21/210000204700.html"
"geoshape-nrct-poi:210000206300","高賀神社","岐阜県 関市 洞戸高賀字宮下1217番地","","https://geoshape.ex.nii.ac.jp/nrct-poi/resource/21/210000206300.html"
"geoshape-nrct-poi:210000208900","日龍峯寺","岐阜県 関市 下之保4560番地","","https://geoshape.ex.nii.ac.jp/nrct-poi/resource/21/210000208900.html"
"geoshape-nrct-poi:210000212700","春日神社","岐阜県 関市 南春日町1番地","","https://geoshape.ex.nii.ac.jp/nrct-poi/resource/21/210000212700.html"
"geoshape-nrct-poi:210000212800","貴船神社","岐阜県 関市 貴船町20番地","","https://geoshape.ex.nii.ac.jp/nrct-poi/resource/21/210000212800.html"
"geoshape-nrct-poi:210000212900","千手院","岐阜県 関市 西日吉町38番地","","https://geoshape.ex.nii.ac.jp/nrct-poi/resource/21/210000212900.html"
"geoshape-nrct-poi:210000213000","梅龍寺","岐阜県 関市 梅竜寺山2番地","","https://geoshape.ex.nii.ac.jp/nrct-poi/resource/21/210000213000.html"
"geoshape-nrct-poi:210000213300","新長谷寺","岐阜県 関市 長谷寺町1番地","","https://geoshape.ex.nii.ac.jp/nrct-poi/resource/21/210000213300.html"
"geoshape-nrct-poi:210000213800","小瀬古墳群","岐阜県 関市 小瀬","","https://geoshape.ex.nii.ac.jp/nrct-poi/resource/21/210000213800.html"
"geoshape-nrct-poi:210000214000","弥勒寺跡","岐阜県 関市 池尻","","https://geoshape.ex.nii.ac.jp/nrct-poi/resource/21/210000214000.html"
"geoshape-nrct-poi:210000214400","龍泰寺","岐阜県 関市 下有知5055番地","","https://geoshape.ex.nii.ac.jp/nrct-poi/resource/21/210000214400.html"
"geoshape-nrct-poi:210000214500","神光寺","岐阜県 関市 下有知6329番地","","https://geoshape.ex.nii.ac.jp/nrct-poi/resource/21/210000214500.html"
"geoshape-nrct-poi:210000214600","重竹遺跡","岐阜県 関市 下有知","","https://geoshape.ex.nii.ac.jp/nrct-poi/resource/21/210000214600.html"
"geoshape-nrct-poi:210000215300","神野遺跡","岐阜県 関市 大坪","","https://geoshape.ex.nii.ac.jp/nrct-poi/resource/21/210000215300.html"
"geoshape-nrct-poi:210000216300","塚原遺跡","岐阜県 関市 千疋","","https://geoshape.ex.nii.ac.jp/nrct-poi/resource/21/210000216300.html"
"geoshape-nrct-poi:210000216400","陽徳寺裏山古墳群","岐阜県 関市 千疋","","https://geoshape.ex.nii.ac.jp/nrct-poi/resource/21/210000216400.html"
"geoshape-nrct-poi:210000217400","小松寺","岐阜県 関市 西田原1489番地","","https://geoshape.ex.nii.ac.jp/nrct-poi/resource/21/210000217400.html"
"geoshape-nrct-poi:210000219000","清泰寺","岐阜県 美濃市 1439番地の1","","https://geoshape.ex.nii.ac.jp/nrct-poi/resource/21/210000219000.html"
"geoshape-nrct-poi:210000219100","港町岩陰遺跡","岐阜県 美濃市 −","","https://geoshape.ex.nii.ac.jp/nrct-poi/resource/21/210000219100.html"
"geoshape-nrct-poi:210000219600","江竜寺","岐阜県 美濃市 横越588番地","","https://geoshape.ex.nii.ac.jp/nrct-poi/resource/21/210000219600.html"
"geoshape-nrct-poi:210000220100","大矢田神社","岐阜県 美濃市 大矢田2596番地","","https://geoshape.ex.nii.ac.jp/nrct-poi/resource/21/210000220100.html"
"geoshape-nrct-poi:210000220200","丸山古窯跡","岐阜県 美濃市 大矢田","","https://geoshape.ex.nii.ac.jp/nrct-poi/resource/21/210000220200.html"
"geoshape-nrct-poi:210000220300","渡来川北遺跡","岐阜県 美濃市 もみじが丘一丁目","","https://geoshape.ex.nii.ac.jp/nrct-poi/resource/21/210000220300.html"
"geoshape-nrct-poi:210000221100","鹿苑寺","岐阜県 美濃市 立花955番地","","https://geoshape.ex.nii.ac.jp/nrct-poi/resource/21/210000221100.html"
"geoshape-nrct-poi:210000221300","洲原神社","岐阜県 美濃市 須原468番地","","https://geoshape.ex.nii.ac.jp/nrct-poi/resource/21/210000221300.html"
"geoshape-nrct-poi:210000221900","金峰神社","岐阜県 美濃市 片知猿洞3091番地","","https://geoshape.ex.nii.ac.jp/nrct-poi/resource/21/210000221900.html"
"geoshape-nrct-poi:210000222300","真木倉神社","岐阜県 美濃市 御手洗字森切561番地","","https://geoshape.ex.nii.ac.jp/nrct-poi/resource/21/210000222300.html"
"geoshape-nrct-poi:210000222600","長蔵寺","岐阜県 加茂郡坂祝町 酒倉169番地","","https://geoshape.ex.nii.ac.jp/nrct-poi/resource/21/210000222600.html"
"geoshape-nrct-poi:210000222800","瀧神社","岐阜県 美濃市 乙狩字クエタテ2218番地","","https://geoshape.ex.nii.ac.jp/nrct-poi/resource/21/210000222800.html"
"geoshape-nrct-poi:210000223900","木尾口番所跡","岐阜県 郡上市 八幡町旭","","https://geoshape.ex.nii.ac.jp/nrct-poi/resource/21/210000223900.html"
"geoshape-nrct-poi:210000224400","若宮八幡神社","岐阜県 岐阜市 彦坂中屋敷84番地","","https://geoshape.ex.nii.ac.jp/nrct-poi/resource/21/210000224400.html"
"geoshape-nrct-poi:210000224900","星宮神社","岐阜県 郡上市美並町高砂 字坊切1252番地の1","","https://geoshape.ex.nii.ac.jp/nrct-poi/resource/21/210000224900.html"
"geoshape-nrct-poi:210000225100","赤池遺跡","岐阜県 郡上市 八幡町旭","","https://geoshape.ex.nii.ac.jp/nrct-poi/resource/21/210000225100.html"
"geoshape-nrct-poi:210000225300","熊野神社","岐阜県 岐阜市 綱代則松字大洞口1183番地","","https://geoshape.ex.nii.ac.jp/nrct-poi/resource/21/210000225300.html"
"geoshape-nrct-poi:210000225800","石亀社遺跡","岐阜県 郡上市 八幡町旭","","https://geoshape.ex.nii.ac.jp/nrct-poi/resource/21/210000225800.html"
"geoshape-nrct-poi:210000226300","林広院","岐阜県 郡上市美並町白山 808番地の1","","https://geoshape.ex.nii.ac.jp/nrct-poi/resource/21/210000226300.html"
"geoshape-nrct-poi:210000226400","乗性寺","岐阜県 郡上市美並町白山 967番地の3","","https://geoshape.ex.nii.ac.jp/nrct-poi/resource/21/210000226400.html"
"geoshape-nrct-poi:210000226900","白山神社","岐阜県 岐阜市 大字日野日野字舟伏山3967番地の2","","https://geoshape.ex.nii.ac.jp/nrct-poi/resource/21/210000226900.html"
"geoshape-nrct-poi:210000227400","八幡城跡","岐阜県 郡上市 八幡町小野","","https://geoshape.ex.nii.ac.jp/nrct-poi/resource/21/210000227400.html"
"geoshape-nrct-poi:210000227500","安養寺","岐阜県 郡上市八幡町柳町 217番地","","https://geoshape.ex.nii.ac.jp/nrct-poi/resource/21/210000227500.html"
"geoshape-nrct-poi:210000227600","岸剣神社","岐阜県 郡上市八幡町柳町 438番地","","https://geoshape.ex.nii.ac.jp/nrct-poi/resource/21/210000227600.html"
"geoshape-nrct-poi:210000229000","赤谷山城跡","岐阜県 郡上市 八幡町島谷","","https://geoshape.ex.nii.ac.jp/nrct-poi/resource/21/210000229000.html"
"geoshape-nrct-poi:210000229100","東殿山城跡","岐阜県 郡上市 八幡町旭","","https://geoshape.ex.nii.ac.jp/nrct-poi/resource/21/210000229100.html"
"geoshape-nrct-poi:210000229200","愛宕神社","岐阜県 郡上市八幡町島谷 88番地","","https://geoshape.ex.nii.ac.jp/nrct-poi/resource/21/210000229200.html"
"geoshape-nrct-poi:210000229300","慈恩寺","岐阜県 郡上市八幡町島谷 339番地","","https://geoshape.ex.nii.ac.jp/nrct-poi/resource/21/210000229300.html"
"geoshape-nrct-poi:210000229600","日吉神社","岐阜県 郡上市八幡町島谷 683番地","","https://geoshape.ex.nii.ac.jp/nrct-poi/resource/21/210000229600.html"
"geoshape-nrct-poi:210000229700","最勝寺","岐阜県 郡上市八幡町島谷 672番地","","https://geoshape.ex.nii.ac.jp/nrct-poi/resource/21/210000229700.html"
"geoshape-nrct-poi:210000229800","願蓮寺","岐阜県 郡上市八幡町島谷 829番地","","https://geoshape.ex.nii.ac.jp/nrct-poi/resource/21/210000229800.html"
"geoshape-nrct-poi:210000230300","大乗寺","岐阜県 揖斐郡揖斐川町 三輪843番地","","https://geoshape.ex.nii.ac.jp/nrct-poi/resource/21/210000230300.html"
"geoshape-nrct-poi:210000230400","洞泉寺","岐阜県 郡上市美並町上田 2984番地の1","","https://geoshape.ex.nii.ac.jp/nrct-poi/resource/21/210000230400.html"
"geoshape-nrct-poi:210000232000","八幡神社","岐阜県 郡上市八幡町小野 字ヒツツリ7番地","","https://geoshape.ex.nii.ac.jp/nrct-poi/resource/21/210000232000.html"
"geoshape-nrct-poi:210000234300","熊野神社","岐阜県 郡上市八幡町小那比 字宮ケ洞3564番地の1","","https://geoshape.ex.nii.ac.jp/nrct-poi/resource/21/210000234300.html"
"geoshape-nrct-poi:210000234800","穀見遺跡","岐阜県 郡上市 八幡町稲成","","https://geoshape.ex.nii.ac.jp/nrct-poi/resource/21/210000234800.html"
"geoshape-nrct-poi:210000236000","那比神社","岐阜県 郡上市 八幡町那比","","https://geoshape.ex.nii.ac.jp/nrct-poi/resource/21/210000236000.html"
"geoshape-nrct-poi:210000236100","新宮神社","岐阜県 郡上市八幡町那比 6594番地の1","","https://geoshape.ex.nii.ac.jp/nrct-poi/resource/21/210000236100.html"
"geoshape-nrct-poi:210000237600","白山神社","岐阜県 郡上市和良町宮代 字天王1814番地","","https://geoshape.ex.nii.ac.jp/nrct-poi/resource/21/210000237600.html"
"geoshape-nrct-poi:210000238000","念興寺","岐阜県 郡上市和良町沢 和良町澤897番地の2","","https://geoshape.ex.nii.ac.jp/nrct-poi/resource/21/210000238000.html"
"geoshape-nrct-poi:210000238800","七代天神社","岐阜県 郡上市大和町島 字宮前3211番地","","https://geoshape.ex.nii.ac.jp/nrct-poi/resource/21/210000238800.html"
"geoshape-nrct-poi:210000238900","福田遺跡","岐阜県 郡上市 大和町島","","https://geoshape.ex.nii.ac.jp/nrct-poi/resource/21/210000238900.html"
"geoshape-nrct-poi:210000239700","東氏館跡","岐阜県 郡上市 大和町牧","","https://geoshape.ex.nii.ac.jp/nrct-poi/resource/21/210000239700.html"
"geoshape-nrct-poi:210000239800","篠脇城跡","岐阜県 郡上市 大和町牧","","https://geoshape.ex.nii.ac.jp/nrct-poi/resource/21/210000239800.html"
"geoshape-nrct-poi:210000239900","明建神社","岐阜県 郡上市大和町牧 817番地の1","","https://geoshape.ex.nii.ac.jp/nrct-poi/resource/21/210000239900.html"
"geoshape-nrct-poi:210000240800","白山神社","岐阜県 郡上市大和町大間見 863番地の1","","https://geoshape.ex.nii.ac.jp/nrct-poi/resource/21/210000240800.html"
"geoshape-nrct-poi:210000242000","白鳥神社","岐阜県 郡上市白鳥町白鳥 680番地の1","","https://geoshape.ex.nii.ac.jp/nrct-poi/resource/21/210000242000.html"
"geoshape-nrct-poi:210000242500","長滝寺","岐阜県 郡上市白鳥町長滝 92番地","","https://geoshape.ex.nii.ac.jp/nrct-poi/resource/21/210000242500.html"
"geoshape-nrct-poi:210000242600","白山長滝神社","岐阜県 郡上市 白鳥町長滝","","https://geoshape.ex.nii.ac.jp/nrct-poi/resource/21/210000242600.html"
"geoshape-nrct-poi:210000242700","若宮修古館","岐阜県 郡上市 白鳥町長滝","","https://geoshape.ex.nii.ac.jp/nrct-poi/resource/21/210000242700.html"
"geoshape-nrct-poi:210000243100","前田遺跡","岐阜県 郡上市 白鳥町前谷","","https://geoshape.ex.nii.ac.jp/nrct-poi/resource/21/210000243100.html"
"geoshape-nrct-poi:210000244400","白山中居神社","岐阜県 郡上市白鳥町石徹白 第2号48番地","","https://geoshape.ex.nii.ac.jp/nrct-poi/resource/21/210000244400.html"
"geoshape-nrct-poi:210000244600","石徹白大師堂","岐阜県 郡上市 白鳥町石徹白","","https://geoshape.ex.nii.ac.jp/nrct-poi/resource/21/210000244600.html"
"geoshape-nrct-poi:210000245400","向鷲見城跡","岐阜県 郡上市 高鷲町鮎立","","https://geoshape.ex.nii.ac.jp/nrct-poi/resource/21/210000245400.html"
"geoshape-nrct-poi:210000246100","白山神社","岐阜県 岐阜市 大字日野日野字舟伏山3967番地の2","","https://geoshape.ex.nii.ac.jp/nrct-poi/resource/21/210000246100.html"
"geoshape-nrct-poi:210000248600","東香寺","岐阜県 加茂郡富加町 大平賀1335番地","","https://geoshape.ex.nii.ac.jp/nrct-poi/resource/21/210000248600.html"
"geoshape-nrct-poi:210000248900","加治田城跡","岐阜県 加茂郡富加町 加治田","","https://geoshape.ex.nii.ac.jp/nrct-poi/resource/21/210000248900.html"
"geoshape-nrct-poi:210000249000","龍福寺","岐阜県 関市 武芸川町平462番地","","https://geoshape.ex.nii.ac.jp/nrct-poi/resource/21/210000249000.html"
"geoshape-nrct-poi:210000249100","清水寺","岐阜県 加茂郡富加町 加治田895番地の1","","https://geoshape.ex.nii.ac.jp/nrct-poi/resource/21/210000249100.html"
"geoshape-nrct-poi:210000249400","堂洞城跡","岐阜県 美濃加茂市 蜂屋町下蜂屋","","https://geoshape.ex.nii.ac.jp/nrct-poi/resource/21/210000249400.html"
"geoshape-nrct-poi:210000249500","長安寺","岐阜県 山県市 船越93番地","","https://geoshape.ex.nii.ac.jp/nrct-poi/resource/21/210000249500.html"
"geoshape-nrct-poi:210000249600","夕田茶臼山古墳","岐阜県 加茂郡富加町 夕田","","https://geoshape.ex.nii.ac.jp/nrct-poi/resource/21/210000249600.html"
"geoshape-nrct-poi:210000249800","大山神社","岐阜県 加茂郡富加町 大山218番地","","https://geoshape.ex.nii.ac.jp/nrct-poi/resource/21/210000249800.html"
"geoshape-nrct-poi:210000250000","東山浦遺跡","岐阜県 加茂郡富加町 滝田","","https://geoshape.ex.nii.ac.jp/nrct-poi/resource/21/210000250000.html"
"geoshape-nrct-poi:210000250200","大梅寺","岐阜県 加茂郡富加町 羽生1241番地","","https://geoshape.ex.nii.ac.jp/nrct-poi/resource/21/210000250200.html"
"geoshape-nrct-poi:210000250400","海老山遺跡","岐阜県 加茂郡富加町 高畑","","https://geoshape.ex.nii.ac.jp/nrct-poi/resource/21/210000250400.html"
"geoshape-nrct-poi:210000250900","黒岩神社","岐阜県 加茂郡坂祝町 黒岩1232番地","","https://geoshape.ex.nii.ac.jp/nrct-poi/resource/21/210000250900.html"
"geoshape-nrct-poi:210000251100","安楽寺","岐阜県 加茂郡坂祝町 大針31番地","","https://geoshape.ex.nii.ac.jp/nrct-poi/resource/21/210000251100.html"
"geoshape-nrct-poi:210000251300","猿啄城跡","岐阜県 加茂郡坂祝町 勝山","","https://geoshape.ex.nii.ac.jp/nrct-poi/resource/21/210000251300.html"
"geoshape-nrct-poi:210000251400","岩谷観音","岐阜県 加茂郡坂祝町 勝山","","https://geoshape.ex.nii.ac.jp/nrct-poi/resource/21/210000251400.html"
"geoshape-nrct-poi:210000251600","宝積寺","岐阜県 加茂郡坂祝町 取組435番地","","https://geoshape.ex.nii.ac.jp/nrct-poi/resource/21/210000251600.html"
"geoshape-nrct-poi:210000251800","坂祝神社","岐阜県 加茂郡坂祝町 酒倉1507番地","","https://geoshape.ex.nii.ac.jp/nrct-poi/resource/21/210000251800.html"
"geoshape-nrct-poi:210000252000","芦渡遺跡","岐阜県 加茂郡坂祝町 酒倉","","https://geoshape.ex.nii.ac.jp/nrct-poi/resource/21/210000252000.html"
"geoshape-nrct-poi:210000252800","太部古天神社","岐阜県 加茂郡川辺町 中川辺1番地","","https://geoshape.ex.nii.ac.jp/nrct-poi/resource/21/210000252800.html"
"geoshape-nrct-poi:210000253100","阿夫志奈神社","岐阜県 加茂郡川辺町 上川辺1190番地","","https://geoshape.ex.nii.ac.jp/nrct-poi/resource/21/210000253100.html"
"geoshape-nrct-poi:210000253400","下麻生役所跡","岐阜県 加茂郡川辺町 下麻生","","https://geoshape.ex.nii.ac.jp/nrct-poi/resource/21/210000253400.html"
"geoshape-nrct-poi:210000253500","麻生寺跡","岐阜県 加茂郡川辺町 下麻生","","https://geoshape.ex.nii.ac.jp/nrct-poi/resource/21/210000253500.html"
"geoshape-nrct-poi:210000253800","太部神社","岐阜県 加茂郡川辺町 比久見1026番地1","","https://geoshape.ex.nii.ac.jp/nrct-poi/resource/21/210000253800.html"
"geoshape-nrct-poi:210000253900","妙楽寺","岐阜県 加茂郡川辺町 比久見443番地","","https://geoshape.ex.nii.ac.jp/nrct-poi/resource/21/210000253900.html"
"geoshape-nrct-poi:210000254900","柿ヶ野番所跡","岐阜県 加茂郡七宗町 −","","https://geoshape.ex.nii.ac.jp/nrct-poi/resource/21/210000254900.html"
"geoshape-nrct-poi:210000256200","龍門寺","岐阜県 加茂郡七宗町 神渕4431番地","","https://geoshape.ex.nii.ac.jp/nrct-poi/resource/21/210000256200.html"
"geoshape-nrct-poi:210000256300","神淵神社","岐阜県 加茂郡七宗町 神渕4168番地の1","","https://geoshape.ex.nii.ac.jp/nrct-poi/resource/21/210000256300.html"
"geoshape-nrct-poi:210000256700","葉津番所跡","岐阜県 加茂郡七宗町 神渕","","https://geoshape.ex.nii.ac.jp/nrct-poi/resource/21/210000256700.html"
"geoshape-nrct-poi:210000256900","杉洞番所跡","岐阜県 加茂郡七宗町 神渕","","https://geoshape.ex.nii.ac.jp/nrct-poi/resource/21/210000256900.html"
"geoshape-nrct-poi:210000257500","等覚寺","岐阜県 加茂郡八百津町 和知2067番地","","https://geoshape.ex.nii.ac.jp/nrct-poi/resource/21/210000257500.html"
"geoshape-nrct-poi:210000257600","長康寺","岐阜県 加茂郡八百津町 和知527番地の2","","https://geoshape.ex.nii.ac.jp/nrct-poi/resource/21/210000257600.html"
"geoshape-nrct-poi:210000257800","正宗寺","岐阜県 加茂郡八百津町 上飯田379番地","","https://geoshape.ex.nii.ac.jp/nrct-poi/resource/21/210000257800.html"
"geoshape-nrct-poi:210000258000","和知城跡","岐阜県 加茂郡八百津町 野上","","https://geoshape.ex.nii.ac.jp/nrct-poi/resource/21/210000258000.html"
"geoshape-nrct-poi:210000258100","正伝寺","岐阜県 加茂郡八百津町 野上1298番地","","https://geoshape.ex.nii.ac.jp/nrct-poi/resource/21/210000258100.html"
"geoshape-nrct-poi:210000258400","大船神社","岐阜県 加茂郡八百津町 八百津4424番地","","https://geoshape.ex.nii.ac.jp/nrct-poi/resource/21/210000258400.html"
"geoshape-nrct-poi:210000258500","大仙寺","岐阜県 加茂郡八百津町 八百津4345番地","","https://geoshape.ex.nii.ac.jp/nrct-poi/resource/21/210000258500.html"
"geoshape-nrct-poi:210000258600","天寧寺跡","岐阜県 加茂郡八百津町 八百津","","https://geoshape.ex.nii.ac.jp/nrct-poi/resource/21/210000258600.html"
"geoshape-nrct-poi:210000258700","不老井遺跡","岐阜県 加茂郡八百津町 八百津","","https://geoshape.ex.nii.ac.jp/nrct-poi/resource/21/210000258700.html"
"geoshape-nrct-poi:210000258900","南陽寺","岐阜県 加茂郡八百津町 八百津5148番地","","https://geoshape.ex.nii.ac.jp/nrct-poi/resource/21/210000258900.html"
"geoshape-nrct-poi:210000259100","善恵寺","岐阜県 加茂郡八百津町 八百津3163番地","","https://geoshape.ex.nii.ac.jp/nrct-poi/resource/21/210000259100.html"
"geoshape-nrct-poi:210000259300","東光寺","岐阜県 加茂郡八百津町 八百津8329番地","","https://geoshape.ex.nii.ac.jp/nrct-poi/resource/21/210000259300.html"
"geoshape-nrct-poi:210000260100","宝蔵寺","岐阜県 加茂郡八百津町 久田見4297番地","","https://geoshape.ex.nii.ac.jp/nrct-poi/resource/21/210000260100.html"
"geoshape-nrct-poi:210000260200","法誓寺","岐阜県 加茂郡八百津町 久田見2757番地","","https://geoshape.ex.nii.ac.jp/nrct-poi/resource/21/210000260200.html"
"geoshape-nrct-poi:210000260300","神明神社","岐阜県 加茂郡八百津町 久田見3966番地の2","","https://geoshape.ex.nii.ac.jp/nrct-poi/resource/21/210000260300.html"
"geoshape-nrct-poi:210000260400","越水遺跡","岐阜県 加茂郡八百津町 久田見","","https://geoshape.ex.nii.ac.jp/nrct-poi/resource/21/210000260400.html"
"geoshape-nrct-poi:210000260900","見性寺","岐阜県 加茂郡八百津町 伊岐津志2114番地","","https://geoshape.ex.nii.ac.jp/nrct-poi/resource/21/210000260900.html"
"geoshape-nrct-poi:210000261000","明鏡寺","岐阜県 加茂郡八百津町 伊岐津志1364番地","","https://geoshape.ex.nii.ac.jp/nrct-poi/resource/21/210000261000.html"
"geoshape-nrct-poi:210000261100","定屋敷遺跡","岐阜県 加茂郡八百津町 伊岐津志","","https://geoshape.ex.nii.ac.jp/nrct-poi/resource/21/210000261100.html"
"geoshape-nrct-poi:210000261400","錦織綱場跡","岐阜県 加茂郡八百津町 錦織","","https://geoshape.ex.nii.ac.jp/nrct-poi/resource/21/210000261400.html"
"geoshape-nrct-poi:210000261500","南宮神社","岐阜県 加茂郡八百津町 錦織字美名ケ洞542番地","","https://geoshape.ex.nii.ac.jp/nrct-poi/resource/21/210000261500.html"
"geoshape-nrct-poi:210000261900","臨川寺","岐阜県 関市 小屋名957番地","","https://geoshape.ex.nii.ac.jp/nrct-poi/resource/21/210000261900.html"
"geoshape-nrct-poi:210000262000","中ノ森遺跡","岐阜県 加茂郡白川町 坂ノ東","","https://geoshape.ex.nii.ac.jp/nrct-poi/resource/21/210000262000.html"
"geoshape-nrct-poi:210000262300","広島遺跡","岐阜県 加茂郡白川町 坂ノ東","","https://geoshape.ex.nii.ac.jp/nrct-poi/resource/21/210000262300.html"
"geoshape-nrct-poi:210000263500","洞雲寺","岐阜県 飛騨市 神岡町船津570番地","","https://geoshape.ex.nii.ac.jp/nrct-poi/resource/21/210000263500.html"
"geoshape-nrct-poi:210000263700","大山白山神社","岐阜県 加茂郡白川町 水戸野1096番地","","https://geoshape.ex.nii.ac.jp/nrct-poi/resource/21/210000263700.html"
"geoshape-nrct-poi:210000264700","佐久良田神社","岐阜県 加茂郡白川町 黒川","","https://geoshape.ex.nii.ac.jp/nrct-poi/resource/21/210000264700.html"
"geoshape-nrct-poi:210000266000","蟠龍寺跡","岐阜県 加茂郡東白川村 五加","","https://geoshape.ex.nii.ac.jp/nrct-poi/resource/21/210000266000.html"
"geoshape-nrct-poi:210000266300","五加神社","岐阜県 加茂郡東白川村 五加932番地","","https://geoshape.ex.nii.ac.jp/nrct-poi/resource/21/210000266300.html"
"geoshape-nrct-poi:210000266700","神田神社","岐阜県 加茂郡東白川村 神土604番地","","https://geoshape.ex.nii.ac.jp/nrct-poi/resource/21/210000266700.html"
"geoshape-nrct-poi:210000266800","神明神社","岐阜県 加茂郡東白川村 神土2227番地1","","https://geoshape.ex.nii.ac.jp/nrct-poi/resource/21/210000266800.html"
"geoshape-nrct-poi:210000266900","常楽寺跡","岐阜県 加茂郡東白川村 神土","","https://geoshape.ex.nii.ac.jp/nrct-poi/resource/21/210000266900.html"
"geoshape-nrct-poi:210000267100","越原神社","岐阜県 加茂郡東白川村 越原501番地の1","","https://geoshape.ex.nii.ac.jp/nrct-poi/resource/21/210000267100.html"
"geoshape-nrct-poi:210000267200","子護神社","岐阜県 加茂郡東白川村 越原2249番地","","https://geoshape.ex.nii.ac.jp/nrct-poi/resource/21/210000267200.html"
"geoshape-nrct-poi:210000268300","太田陣屋跡","岐阜県 美濃加茂市 太田本町五丁目","","https://geoshape.ex.nii.ac.jp/nrct-poi/resource/21/210000268300.html"
"geoshape-nrct-poi:210000268400","太田番所跡","岐阜県 美濃加茂市 太田本町四丁目","","https://geoshape.ex.nii.ac.jp/nrct-poi/resource/21/210000268400.html"
"geoshape-nrct-poi:210000268500","旧太田脇本陣林家住宅","岐阜県 美濃加茂市 太田本町三丁目","","https://geoshape.ex.nii.ac.jp/nrct-poi/resource/21/210000268500.html"
"geoshape-nrct-poi:210000268600","祐泉寺","岐阜県 養老郡養老町 蛇持85番地","","https://geoshape.ex.nii.ac.jp/nrct-poi/resource/21/210000268600.html"
"geoshape-nrct-poi:210000268700","県主神社","岐阜県 加茂郡川辺町 上川辺2232番地の1","","https://geoshape.ex.nii.ac.jp/nrct-poi/resource/21/210000268700.html"
"geoshape-nrct-poi:210000269100","二ッ塚遺跡","岐阜県 美濃加茂市 古井町下古井","","https://geoshape.ex.nii.ac.jp/nrct-poi/resource/21/210000269100.html"
"geoshape-nrct-poi:210000270000","賑済寺","岐阜県 美濃加茂市 山之上町3144番地","","https://geoshape.ex.nii.ac.jp/nrct-poi/resource/21/210000270000.html"
"geoshape-nrct-poi:210000270300","十二社神社","岐阜県 瑞穂市 中宮488番地2","","https://geoshape.ex.nii.ac.jp/nrct-poi/resource/21/210000270300.html"
"geoshape-nrct-poi:210000270800","御柿屋跡","岐阜県 美濃加茂市 蜂屋町中蜂屋","","https://geoshape.ex.nii.ac.jp/nrct-poi/resource/21/210000270800.html"
"geoshape-nrct-poi:210000270900","瑞林寺","岐阜県 美濃加茂市 蜂屋町上蜂屋9番地","","https://geoshape.ex.nii.ac.jp/nrct-poi/resource/21/210000270900.html"
"geoshape-nrct-poi:210000271900","正眼寺","岐阜県 飛騨市 神岡町西漆山142番地","","https://geoshape.ex.nii.ac.jp/nrct-poi/resource/21/210000271900.html"
"geoshape-nrct-poi:210000272000","龍安寺","岐阜県 美濃加茂市 伊深町1776番地","","https://geoshape.ex.nii.ac.jp/nrct-poi/resource/21/210000272000.html"
"geoshape-nrct-poi:210000272400","追上遺跡","岐阜県 美濃加茂市 下米田町東栃井","","https://geoshape.ex.nii.ac.jp/nrct-poi/resource/21/210000272400.html"
"geoshape-nrct-poi:210000272600","為岡遺跡","岐阜県 美濃加茂市 下米田町為岡","","https://geoshape.ex.nii.ac.jp/nrct-poi/resource/21/210000272600.html"
"geoshape-nrct-poi:210000272800","諏訪神社","岐阜県 岐阜市 太郎丸諏訪太郎丸字前602番地","","https://geoshape.ex.nii.ac.jp/nrct-poi/resource/21/210000272800.html"
"geoshape-nrct-poi:210000273400","小山寺","岐阜県 美濃加茂市 下米田町小山104番地","","https://geoshape.ex.nii.ac.jp/nrct-poi/resource/21/210000273400.html"
"geoshape-nrct-poi:210000273600","牧野番所跡","岐阜県 美濃加茂市 牧野","","https://geoshape.ex.nii.ac.jp/nrct-poi/resource/21/210000273600.html"
"geoshape-nrct-poi:210000273700","神明遺跡","岐阜県 美濃加茂市 牧野","","https://geoshape.ex.nii.ac.jp/nrct-poi/resource/21/210000273700.html"
"geoshape-nrct-poi:210000274900","金山城跡","岐阜県 可児市 兼山","","https://geoshape.ex.nii.ac.jp/nrct-poi/resource/21/210000274900.html"
"geoshape-nrct-poi:210000275100","貴船神社","岐阜県 大垣市 上石津町宮708番地","","https://geoshape.ex.nii.ac.jp/nrct-poi/resource/21/210000275100.html"
"geoshape-nrct-poi:210000275200","可成寺","岐阜県 可児市 兼山596番地","","https://geoshape.ex.nii.ac.jp/nrct-poi/resource/21/210000275200.html"
"geoshape-nrct-poi:210000275300","浄音寺","岐阜県 岐阜市 三輪宮西240番地","","https://geoshape.ex.nii.ac.jp/nrct-poi/resource/21/210000275300.html"
"geoshape-nrct-poi:210000275400","専養寺","岐阜県 羽島郡笠松町 円城寺594番地","","https://geoshape.ex.nii.ac.jp/nrct-poi/resource/21/210000275400.html"
"geoshape-nrct-poi:210000275500","大通寺","岐阜県 養老郡養老町 宇田308番地","","https://geoshape.ex.nii.ac.jp/nrct-poi/resource/21/210000275500.html"
"geoshape-nrct-poi:210000276300","東寺山古墳","岐阜県 可児郡御嵩町 伏見","","https://geoshape.ex.nii.ac.jp/nrct-poi/resource/21/210000276300.html"
"geoshape-nrct-poi:210000276400","山田横穴群","岐阜県 可児郡御嵩町 伏見","","https://geoshape.ex.nii.ac.jp/nrct-poi/resource/21/210000276400.html"
"geoshape-nrct-poi:210000277100","春日神社","岐阜県 山県市 椎倉110番地","","https://geoshape.ex.nii.ac.jp/nrct-poi/resource/21/210000277100.html"
"geoshape-nrct-poi:210000277200","愚渓寺","岐阜県 可児郡御嵩町 中2635番地","","https://geoshape.ex.nii.ac.jp/nrct-poi/resource/21/210000277200.html"
"geoshape-nrct-poi:210000277300","宝塚古墳","岐阜県 可児郡御嵩町 中","","https://geoshape.ex.nii.ac.jp/nrct-poi/resource/21/210000277300.html"
"geoshape-nrct-poi:210000277600","願興寺","岐阜県 可児郡御嵩町 御嵩1377番地","","https://geoshape.ex.nii.ac.jp/nrct-poi/resource/21/210000277600.html"
"geoshape-nrct-poi:210000279300","中切古墳","岐阜県 可児郡御嵩町 中切","","https://geoshape.ex.nii.ac.jp/nrct-poi/resource/21/210000279300.html"
"geoshape-nrct-poi:210000279400","小泉神社","岐阜県 可児郡御嵩町 中切1744番地","","https://geoshape.ex.nii.ac.jp/nrct-poi/resource/21/210000279400.html"
"geoshape-nrct-poi:210000280900","長塚古墳","岐阜県 可児市 中恵土","","https://geoshape.ex.nii.ac.jp/nrct-poi/resource/21/210000280900.html"
"geoshape-nrct-poi:210000281000","子守神社","岐阜県 可児市 中恵土2259番地","","https://geoshape.ex.nii.ac.jp/nrct-poi/resource/21/210000281000.html"
"geoshape-nrct-poi:210000282300","北裏遺跡","岐阜県 可児市 土田","","https://geoshape.ex.nii.ac.jp/nrct-poi/resource/21/210000282300.html"
"geoshape-nrct-poi:210000282400","白鬚神社","岐阜県 可児市 土田3662番地","","https://geoshape.ex.nii.ac.jp/nrct-poi/resource/21/210000282400.html"
"geoshape-nrct-poi:210000283100","神崎山古墳","岐阜県 可児市 瀬田","","https://geoshape.ex.nii.ac.jp/nrct-poi/resource/21/210000283100.html"
"geoshape-nrct-poi:210000283200","明知城跡","岐阜県 可児市 羽生ケ丘五丁目","","https://geoshape.ex.nii.ac.jp/nrct-poi/resource/21/210000283200.html"
"geoshape-nrct-poi:210000283400","身隠山古墳","岐阜県 可児市 広見","","https://geoshape.ex.nii.ac.jp/nrct-poi/resource/21/210000283400.html"
"geoshape-nrct-poi:210000283500","熊野古墳","岐阜県 可児市 広見","","https://geoshape.ex.nii.ac.jp/nrct-poi/resource/21/210000283500.html"
"geoshape-nrct-poi:210000284500","大萱古窯跡群","岐阜県 可児市 久々利柿下入会","","https://geoshape.ex.nii.ac.jp/nrct-poi/resource/21/210000284500.html"
"geoshape-nrct-poi:210000284600","中窯跡","岐阜県 可児市 久々利","","https://geoshape.ex.nii.ac.jp/nrct-poi/resource/21/210000284600.html"
"geoshape-nrct-poi:210000285500","浅間窯跡","岐阜県 可児市 久々利柿下入会","","https://geoshape.ex.nii.ac.jp/nrct-poi/resource/21/210000285500.html"
"geoshape-nrct-poi:210000285700","羽崎中洞古墳","岐阜県 可児市 羽崎","","https://geoshape.ex.nii.ac.jp/nrct-poi/resource/21/210000285700.html"
"geoshape-nrct-poi:210000285800","不孝寺塚古墳","岐阜県 可児市 羽崎","","https://geoshape.ex.nii.ac.jp/nrct-poi/resource/21/210000285800.html"
"geoshape-nrct-poi:210000286000","鍋煎古墳群","岐阜県 可児市 二野","","https://geoshape.ex.nii.ac.jp/nrct-poi/resource/21/210000286000.html"
"geoshape-nrct-poi:210000286200","大森皿屋敷横穴古墳群","岐阜県 可児市 大森台二丁目","","https://geoshape.ex.nii.ac.jp/nrct-poi/resource/21/210000286200.html"
"geoshape-nrct-poi:210000287700","真禅寺","岐阜県 可児市 西帷子490番地","","https://geoshape.ex.nii.ac.jp/nrct-poi/resource/21/210000287700.html"
"geoshape-nrct-poi:210000289200","小名田窯下一号窯跡","岐阜県 多治見市 小名田町二丁目","","https://geoshape.ex.nii.ac.jp/nrct-poi/resource/21/210000289200.html"
"geoshape-nrct-poi:210000289400","虎渓山Ｅ地点遺跡","岐阜県 多治見市 虎渓山町一丁目","","https://geoshape.ex.nii.ac.jp/nrct-poi/resource/21/210000289400.html"
"geoshape-nrct-poi:210000289500","永保寺","岐阜県 多治見市 虎渓山町一丁目40番地","","https://geoshape.ex.nii.ac.jp/nrct-poi/resource/21/210000289500.html"
"geoshape-nrct-poi:210000289600","虎渓山一号古墳","岐阜県 多治見市 弁天町四丁目","","https://geoshape.ex.nii.ac.jp/nrct-poi/resource/21/210000289600.html"
"geoshape-nrct-poi:210000289700","本土神社","岐阜県 多治見市 小田町一丁目20番地","","https://geoshape.ex.nii.ac.jp/nrct-poi/resource/21/210000289700.html"
"geoshape-nrct-poi:210000289900","西坂遺跡","岐阜県 多治見市 明和町五丁目","","https://geoshape.ex.nii.ac.jp/nrct-poi/resource/21/210000289900.html"
"geoshape-nrct-poi:210000290000","安養寺","岐阜県 多治見市 白山町二丁目44番地","","https://geoshape.ex.nii.ac.jp/nrct-poi/resource/21/210000290000.html"
"geoshape-nrct-poi:210000290200","永泉寺","岐阜県 多治見市 池田町七丁目3番地","","https://geoshape.ex.nii.ac.jp/nrct-poi/resource/21/210000290200.html"
"geoshape-nrct-poi:210000291000","平尾遺跡","岐阜県 多治見市 平井町三丁目","","https://geoshape.ex.nii.ac.jp/nrct-poi/resource/21/210000291000.html"
"geoshape-nrct-poi:210000291100","普賢寺","岐阜県 多治見市 大原町九丁目32番地","","https://geoshape.ex.nii.ac.jp/nrct-poi/resource/21/210000291100.html"
"geoshape-nrct-poi:210000291300","北丘古窯跡群","岐阜県 多治見市 北丘町四丁目","","https://geoshape.ex.nii.ac.jp/nrct-poi/resource/21/210000291300.html"
"geoshape-nrct-poi:210000292400","妙土窯跡","岐阜県 多治見市 笠原町","","https://geoshape.ex.nii.ac.jp/nrct-poi/resource/21/210000292400.html"
"geoshape-nrct-poi:210000292500","心性寺","岐阜県 多治見市 笠原町1360番地2","","https://geoshape.ex.nii.ac.jp/nrct-poi/resource/21/210000292500.html"
"geoshape-nrct-poi:210000293500","乙塚古墳","岐阜県 土岐市 泉町久尻","","https://geoshape.ex.nii.ac.jp/nrct-poi/resource/21/210000293500.html"
"geoshape-nrct-poi:210000293600","元屋敷陶器窯跡","岐阜県 土岐市 泉町久尻","","https://geoshape.ex.nii.ac.jp/nrct-poi/resource/21/210000293600.html"
"geoshape-nrct-poi:210000293900","炭焼古墳","岐阜県 土岐市 泉町定林寺","","https://geoshape.ex.nii.ac.jp/nrct-poi/resource/21/210000293900.html"
"geoshape-nrct-poi:210000294000","定林寺観音堂","岐阜県 土岐市 泉町定林寺411番地2","","https://geoshape.ex.nii.ac.jp/nrct-poi/resource/21/210000294000.html"
"geoshape-nrct-poi:210000294500","妻木城跡","岐阜県 土岐市 妻木町","","https://geoshape.ex.nii.ac.jp/nrct-poi/resource/21/210000294500.html"
"geoshape-nrct-poi:210000294600","崇禅寺","岐阜県 土岐市 妻木町55番地","","https://geoshape.ex.nii.ac.jp/nrct-poi/resource/21/210000294600.html"
"geoshape-nrct-poi:210000294700","八幡神社","岐阜県 土岐市 妻木町3051番地","","https://geoshape.ex.nii.ac.jp/nrct-poi/resource/21/210000294700.html"
"geoshape-nrct-poi:210000295400","天福寺","岐阜県 土岐市 肥田町肥田1547番地","","https://geoshape.ex.nii.ac.jp/nrct-poi/resource/21/210000295400.html"
"geoshape-nrct-poi:210000297000","鶴ヶ城跡","岐阜県 瑞浪市 土岐町2659-3","","https://geoshape.ex.nii.ac.jp/nrct-poi/resource/21/210000297000.html"
"geoshape-nrct-poi:210000297100","桜堂薬師","岐阜県 瑞浪市 土岐町","","https://geoshape.ex.nii.ac.jp/nrct-poi/resource/21/210000297100.html"
"geoshape-nrct-poi:210000297800","戸狩荒神塚古墳","岐阜県 瑞浪市 明世町戸狩","","https://geoshape.ex.nii.ac.jp/nrct-poi/resource/21/210000297800.html"
"geoshape-nrct-poi:210000297900","戸狩横穴古墳群","岐阜県 瑞浪市 明世町戸狩","","https://geoshape.ex.nii.ac.jp/nrct-poi/resource/21/210000297900.html"
"geoshape-nrct-poi:210000298500","酒波神社","岐阜県 瑞浪市 日吉町4088番地","","https://geoshape.ex.nii.ac.jp/nrct-poi/resource/21/210000298500.html"
"geoshape-nrct-poi:210000299200","開元院","岐阜県 瑞浪市 日吉町8846番地","","https://geoshape.ex.nii.ac.jp/nrct-poi/resource/21/210000299200.html"
"geoshape-nrct-poi:210000300000","大湫川並役所跡","岐阜県 瑞浪市 大湫町","","https://geoshape.ex.nii.ac.jp/nrct-poi/resource/21/210000300000.html"
"geoshape-nrct-poi:210000300800","天猷寺","岐阜県 瑞浪市 釜戸町1517番地1","","https://geoshape.ex.nii.ac.jp/nrct-poi/resource/21/210000300800.html"
"geoshape-nrct-poi:210000301600","小里城跡","岐阜県 瑞浪市 稲津町小里","","https://geoshape.ex.nii.ac.jp/nrct-poi/resource/21/210000301600.html"
"geoshape-nrct-poi:210000301700","興徳寺","岐阜県 瑞浪市 稲津町小里2600番地","","https://geoshape.ex.nii.ac.jp/nrct-poi/resource/21/210000301700.html"
"geoshape-nrct-poi:210000302200","陶古窯跡群","岐阜県 瑞浪市 陶町水上","","https://geoshape.ex.nii.ac.jp/nrct-poi/resource/21/210000302200.html"
"geoshape-nrct-poi:210000303800","安弘見神社","岐阜県 中津川市 蛭川1033番地1","","https://geoshape.ex.nii.ac.jp/nrct-poi/resource/21/210000303800.html"
"geoshape-nrct-poi:210000303900","高徳寺","岐阜県 中津川市 蛭川5349番地2","","https://geoshape.ex.nii.ac.jp/nrct-poi/resource/21/210000303900.html"
"geoshape-nrct-poi:210000304200","下島遺跡","岐阜県 高山市 花岡町二丁目","","https://geoshape.ex.nii.ac.jp/nrct-poi/resource/21/210000304200.html"
"geoshape-nrct-poi:210000304400","榊山神社","岐阜県 岐阜市 大字日野日野字舟伏山3967番地の2","","https://geoshape.ex.nii.ac.jp/nrct-poi/resource/21/210000304400.html"
"geoshape-nrct-poi:210000304500","野尻遺跡","岐阜県 中津川市 福岡","","https://geoshape.ex.nii.ac.jp/nrct-poi/resource/21/210000304500.html"
"geoshape-nrct-poi:210000304800","下野庚申堂","岐阜県 中津川市 下野","","https://geoshape.ex.nii.ac.jp/nrct-poi/resource/21/210000304800.html"
"geoshape-nrct-poi:210000305200","田尻橋遺跡","岐阜県 中津川市 坂下","","https://geoshape.ex.nii.ac.jp/nrct-poi/resource/21/210000305200.html"
"geoshape-nrct-poi:210000305300","上鐘遺跡","岐阜県 中津川市 坂下","","https://geoshape.ex.nii.ac.jp/nrct-poi/resource/21/210000305300.html"
"geoshape-nrct-poi:210000305400","門垣戸遺跡","岐阜県 中津川市 坂下","","https://geoshape.ex.nii.ac.jp/nrct-poi/resource/21/210000305400.html"
"geoshape-nrct-poi:210000305600","大洗磯前神社","岐阜県 中津川市 上野433番地","","https://geoshape.ex.nii.ac.jp/nrct-poi/resource/21/210000305600.html"
"geoshape-nrct-poi:210000305700","椛の湖遺跡","岐阜県 中津川市 坂下","","https://geoshape.ex.nii.ac.jp/nrct-poi/resource/21/210000305700.html"
"geoshape-nrct-poi:210000306400","護山神社","岐阜県 中津川市 付知町1594番地","","https://geoshape.ex.nii.ac.jp/nrct-poi/resource/21/210000306400.html"
"geoshape-nrct-poi:210000306500","宗敦寺","岐阜県 中津川市 付知町3184番地1","","https://geoshape.ex.nii.ac.jp/nrct-poi/resource/21/210000306500.html"
"geoshape-nrct-poi:210000306900","大杉地蔵尊","岐阜県 中津川市 加子母","","https://geoshape.ex.nii.ac.jp/nrct-poi/resource/21/210000306900.html"
"geoshape-nrct-poi:210000307000","法禅寺","岐阜県 中津川市 加子母4072番地1","","https://geoshape.ex.nii.ac.jp/nrct-poi/resource/21/210000307000.html"
"geoshape-nrct-poi:210000307500","岩村城跡","岐阜県 恵那市 岩村町","","https://geoshape.ex.nii.ac.jp/nrct-poi/resource/21/210000307500.html"
"geoshape-nrct-poi:210000307700","知新館跡","岐阜県 恵那市 岩村町","","https://geoshape.ex.nii.ac.jp/nrct-poi/resource/21/210000307700.html"
"geoshape-nrct-poi:210000307800","武並神社","岐阜県 恵那市 岩村町2287番地1","","https://geoshape.ex.nii.ac.jp/nrct-poi/resource/21/210000307800.html"
"geoshape-nrct-poi:210000307900","八幡神社","岐阜県 恵那市 岩村町18番地","","https://geoshape.ex.nii.ac.jp/nrct-poi/resource/21/210000307900.html"
"geoshape-nrct-poi:210000308000","岩村神社","岐阜県 恵那市 岩村町750番地","","https://geoshape.ex.nii.ac.jp/nrct-poi/resource/21/210000308000.html"
"geoshape-nrct-poi:210000308100","盛巌寺","岐阜県 恵那市 岩村町147番地1","","https://geoshape.ex.nii.ac.jp/nrct-poi/resource/21/210000308100.html"
"geoshape-nrct-poi:210000308200","清楽寺","岐阜県 恵那市 岩村町142番地1","","https://geoshape.ex.nii.ac.jp/nrct-poi/resource/21/210000308200.html"
"geoshape-nrct-poi:210000308300","隆崇院","岐阜県 恵那市 岩村町1450番地","","https://geoshape.ex.nii.ac.jp/nrct-poi/resource/21/210000308300.html"
"geoshape-nrct-poi:210000308400","乗政寺跡","岐阜県 恵那市 岩村町","","https://geoshape.ex.nii.ac.jp/nrct-poi/resource/21/210000308400.html"
"geoshape-nrct-poi:210000308600","東光院","岐阜県 恵那市 岩村町富田2546番地","","https://geoshape.ex.nii.ac.jp/nrct-poi/resource/21/210000308600.html"
"geoshape-nrct-poi:210000308800","小沢冷泉","岐阜県 恵那市 岩村町飯羽間","","https://geoshape.ex.nii.ac.jp/nrct-poi/resource/21/210000308800.html"
"geoshape-nrct-poi:210000309100","万勝寺","岐阜県 恵那市 山岡町馬場山田175番地","","https://geoshape.ex.nii.ac.jp/nrct-poi/resource/21/210000309100.html"
"geoshape-nrct-poi:210000309200","盛久寺","岐阜県 恵那市 山岡町馬場山田968番地","","https://geoshape.ex.nii.ac.jp/nrct-poi/resource/21/210000309200.html"
"geoshape-nrct-poi:210000309400","林昌寺","岐阜県 恵那市 山岡町久保原388番地","","https://geoshape.ex.nii.ac.jp/nrct-poi/resource/21/210000309400.html"
"geoshape-nrct-poi:210000309700","手向廃寺","岐阜県 恵那市 山岡町上手向","","https://geoshape.ex.nii.ac.jp/nrct-poi/resource/21/210000309700.html"
"geoshape-nrct-poi:210000309900","普門寺","岐阜県 各務原市 小佐野町五丁目165番地","","https://geoshape.ex.nii.ac.jp/nrct-poi/resource/21/210000309900.html"
"geoshape-nrct-poi:210000310500","明知城跡","岐阜県 恵那市 明智町","","https://geoshape.ex.nii.ac.jp/nrct-poi/resource/21/210000310500.html"
"geoshape-nrct-poi:210000310600","明知陣屋跡","岐阜県 恵那市 明智町","","https://geoshape.ex.nii.ac.jp/nrct-poi/resource/21/210000310600.html"
"geoshape-nrct-poi:210000310700","八王子神社","岐阜県 揖斐郡揖斐川町 上野787番地の1","","https://geoshape.ex.nii.ac.jp/nrct-poi/resource/21/210000310700.html"
"geoshape-nrct-poi:210000310800","久後古墳","岐阜県 恵那市 明智町","","https://geoshape.ex.nii.ac.jp/nrct-poi/resource/21/210000310800.html"
"geoshape-nrct-poi:210000310900","徳平古墳","岐阜県 恵那市 明智町","","https://geoshape.ex.nii.ac.jp/nrct-poi/resource/21/210000310900.html"
"geoshape-nrct-poi:210000313500","中山神社","岐阜県 揖斐郡揖斐川町 春日中山2726番地","","https://geoshape.ex.nii.ac.jp/nrct-poi/resource/21/210000313500.html"
"geoshape-nrct-poi:210000313600","黄梅院","岐阜県 恵那市 串原3110番地","","https://geoshape.ex.nii.ac.jp/nrct-poi/resource/21/210000313600.html"
"geoshape-nrct-poi:210000314000","大船神社","岐阜県 恵那市 上矢作町字高井戸1307番地の1","","https://geoshape.ex.nii.ac.jp/nrct-poi/resource/21/210000314000.html"
"geoshape-nrct-poi:210000314100","万光寺","岐阜県 恵那市 上矢作町1506番地","","https://geoshape.ex.nii.ac.jp/nrct-poi/resource/21/210000314100.html"
"geoshape-nrct-poi:210000314200","円頂寺","岐阜県 恵那市 上矢作町2959番地","","https://geoshape.ex.nii.ac.jp/nrct-poi/resource/21/210000314200.html"
"geoshape-nrct-poi:210000315900","大井宿本陣跡","岐阜県 恵那市 大井町","","https://geoshape.ex.nii.ac.jp/nrct-poi/resource/21/210000315900.html"
"geoshape-nrct-poi:210000316000","大井城跡","岐阜県 恵那市 大井町","","https://geoshape.ex.nii.ac.jp/nrct-poi/resource/21/210000316000.html"
"geoshape-nrct-poi:210000316100","長国寺","岐阜県 恵那市 大井町1246番地","","https://geoshape.ex.nii.ac.jp/nrct-poi/resource/21/210000316100.html"
"geoshape-nrct-poi:210000316200","東禅寺","岐阜県 恵那市 大井町354番地","","https://geoshape.ex.nii.ac.jp/nrct-poi/resource/21/210000316200.html"
"geoshape-nrct-poi:210000316300","武並神社","岐阜県 恵那市 大井町1101番地","","https://geoshape.ex.nii.ac.jp/nrct-poi/resource/21/210000316300.html"
"geoshape-nrct-poi:210000316400","市神神社","岐阜県 養老郡養老町 栗笠124番地","","https://geoshape.ex.nii.ac.jp/nrct-poi/resource/21/210000316400.html"
"geoshape-nrct-poi:210000316700","宗久寺","岐阜県 恵那市 東野1282番地","","https://geoshape.ex.nii.ac.jp/nrct-poi/resource/21/210000316700.html"
"geoshape-nrct-poi:210000316900","正家廃寺","岐阜県 恵那市 長島町正家","","https://geoshape.ex.nii.ac.jp/nrct-poi/resource/21/210000316900.html"
"geoshape-nrct-poi:210000317200","長栄寺","岐阜県 恵那市 長島町中野568番地","","https://geoshape.ex.nii.ac.jp/nrct-poi/resource/21/210000317200.html"
"geoshape-nrct-poi:210000317300","能万寺古墳群","岐阜県 恵那市 長島町中野","","https://geoshape.ex.nii.ac.jp/nrct-poi/resource/21/210000317300.html"
"geoshape-nrct-poi:210000317500","久須見番所跡","岐阜県 恵那市 長島町久須見","","https://geoshape.ex.nii.ac.jp/nrct-poi/resource/21/210000317500.html"
"geoshape-nrct-poi:210000317600","長徳寺","岐阜県 恵那市 長島町久須見1068番地","","https://geoshape.ex.nii.ac.jp/nrct-poi/resource/21/210000317600.html"
"geoshape-nrct-poi:210000318000","天長寺","岐阜県 恵那市 三郷町野井303番地","","https://geoshape.ex.nii.ac.jp/nrct-poi/resource/21/210000318000.html"
"geoshape-nrct-poi:210000318100","下田遺跡","岐阜県 恵那市 三郷町野井","","https://geoshape.ex.nii.ac.jp/nrct-poi/resource/21/210000318100.html"
"geoshape-nrct-poi:210000318400","洞禅院","岐阜県 恵那市 武並町藤1813番地1","","https://geoshape.ex.nii.ac.jp/nrct-poi/resource/21/210000318400.html"
"geoshape-nrct-poi:210000318700","姫栗遺跡","岐阜県 恵那市 笠置町姫栗","","https://geoshape.ex.nii.ac.jp/nrct-poi/resource/21/210000318700.html"
"geoshape-nrct-poi:210000318900","井戸尻綱場跡","岐阜県 恵那市 笠置町河合","","https://geoshape.ex.nii.ac.jp/nrct-poi/resource/21/210000318900.html"
"geoshape-nrct-poi:210000319000","西垣戸遺跡","岐阜県 恵那市 笠置町河合","","https://geoshape.ex.nii.ac.jp/nrct-poi/resource/21/210000319000.html"
"geoshape-nrct-poi:210000319200","笠置神社","岐阜県 恵那市 中野方町2676番地の1","","https://geoshape.ex.nii.ac.jp/nrct-poi/resource/21/210000319200.html"
"geoshape-nrct-poi:210000319300","庄兵衛田遺跡","岐阜県 恵那市 中野方町","","https://geoshape.ex.nii.ac.jp/nrct-poi/resource/21/210000319300.html"
"geoshape-nrct-poi:210000319500","鹿路山遺跡","岐阜県 恵那市 飯地町","","https://geoshape.ex.nii.ac.jp/nrct-poi/resource/21/210000319500.html"
"geoshape-nrct-poi:210000320800","恵那神社","岐阜県 中津川市 中津川字正ヶ根3786番地の1","","https://geoshape.ex.nii.ac.jp/nrct-poi/resource/21/210000320800.html"
"geoshape-nrct-poi:210000320900","中村遺跡","岐阜県 中津川市 中津川","","https://geoshape.ex.nii.ac.jp/nrct-poi/resource/21/210000320900.html"
"geoshape-nrct-poi:210000321000","間の根遺跡","岐阜県 中津川市 中津川","","https://geoshape.ex.nii.ac.jp/nrct-poi/resource/21/210000321000.html"
"geoshape-nrct-poi:210000321100","銭亀遺跡","岐阜県 中津川市 中津川","","https://geoshape.ex.nii.ac.jp/nrct-poi/resource/21/210000321100.html"
"geoshape-nrct-poi:210000321500","中洗井北第一号窯跡","岐阜県 中津川市 千旦林","","https://geoshape.ex.nii.ac.jp/nrct-poi/resource/21/210000321500.html"
"geoshape-nrct-poi:210000321800","苗木城跡","岐阜県 中津川市 苗木","","https://geoshape.ex.nii.ac.jp/nrct-poi/resource/21/210000321800.html"
"geoshape-nrct-poi:210000322300","落合五郎遺跡","岐阜県 中津川市 落合","","https://geoshape.ex.nii.ac.jp/nrct-poi/resource/21/210000322300.html"
"geoshape-nrct-poi:210000322600","平遺跡","岐阜県 中津川市 神坂","","https://geoshape.ex.nii.ac.jp/nrct-poi/resource/21/210000322600.html"
"geoshape-nrct-poi:210000328000","金山役所跡","岐阜県 下呂市 金山町金山","","https://geoshape.ex.nii.ac.jp/nrct-poi/resource/21/210000328000.html"
"geoshape-nrct-poi:210000328800","祖師野遺跡","岐阜県 下呂市 金山町祖師野","","https://geoshape.ex.nii.ac.jp/nrct-poi/resource/21/210000328800.html"
"geoshape-nrct-poi:210000330300","萬福寺","岐阜県 下呂市 金山町中津原368番地","","https://geoshape.ex.nii.ac.jp/nrct-poi/resource/21/210000330300.html"
"geoshape-nrct-poi:210000332500","峰一合遺跡","岐阜県 下呂市 小川","","https://geoshape.ex.nii.ac.jp/nrct-poi/resource/21/210000332500.html"
"geoshape-nrct-poi:210000332600","八幡神社","岐阜県 下呂市 森1321番地","","https://geoshape.ex.nii.ac.jp/nrct-poi/resource/21/210000332600.html"
"geoshape-nrct-poi:210000333000","温泉寺","岐阜県 下呂市 湯之島680番地","","https://geoshape.ex.nii.ac.jp/nrct-poi/resource/21/210000333000.html"
"geoshape-nrct-poi:210000333400","八幡神社","岐阜県 下呂市 乗政1009番地の1","","https://geoshape.ex.nii.ac.jp/nrct-poi/resource/21/210000333400.html"
"geoshape-nrct-poi:210000335400","禅昌寺","岐阜県 下呂市 萩原町中呂1089番地","","https://geoshape.ex.nii.ac.jp/nrct-poi/resource/21/210000335400.html"
"geoshape-nrct-poi:210000335900","諏訪城跡","岐阜県 下呂市 萩原町萩原","","https://geoshape.ex.nii.ac.jp/nrct-poi/resource/21/210000335900.html"
"geoshape-nrct-poi:210000336100","桜洞城跡","岐阜県 下呂市 萩原町桜洞","","https://geoshape.ex.nii.ac.jp/nrct-poi/resource/21/210000336100.html"
"geoshape-nrct-poi:210000336400","久津八幡宮","岐阜県 下呂市 萩原町上呂2345番地の1","","https://geoshape.ex.nii.ac.jp/nrct-poi/resource/21/210000336400.html"
"geoshape-nrct-poi:210000337400","飛騨横倉遺跡","岐阜県 下呂市 萩原町四美","","https://geoshape.ex.nii.ac.jp/nrct-poi/resource/21/210000337400.html"
"geoshape-nrct-poi:210000338300","水口遺跡","岐阜県 下呂市 小坂町小坂町","","https://geoshape.ex.nii.ac.jp/nrct-poi/resource/21/210000338300.html"
"geoshape-nrct-poi:210000338400","長谷寺","岐阜県 下呂市 小坂町小坂町816番地","","https://geoshape.ex.nii.ac.jp/nrct-poi/resource/21/210000338400.html"
"geoshape-nrct-poi:210000338500","浄福寺","岐阜県 下呂市 小坂町小坂町918番地","","https://geoshape.ex.nii.ac.jp/nrct-poi/resource/21/210000338500.html"
"geoshape-nrct-poi:210000339300","南垣内遺跡","岐阜県 下呂市 小坂町落合","","https://geoshape.ex.nii.ac.jp/nrct-poi/resource/21/210000339300.html"
"geoshape-nrct-poi:210000339800","湯屋遺跡","岐阜県 下呂市 小坂町湯屋","","https://geoshape.ex.nii.ac.jp/nrct-poi/resource/21/210000339800.html"
"geoshape-nrct-poi:210000344400","堂之上遺跡","岐阜県 高山市 久々野町久々野","","https://geoshape.ex.nii.ac.jp/nrct-poi/resource/21/210000344400.html"
"geoshape-nrct-poi:210000346200","水無神社","岐阜県 高山市 一之宮町5323番地","","https://geoshape.ex.nii.ac.jp/nrct-poi/resource/21/210000346200.html"
"geoshape-nrct-poi:210000346300","大幢寺","岐阜県 高山市 一之宮町288番地","","https://geoshape.ex.nii.ac.jp/nrct-poi/resource/21/210000346300.html"
"geoshape-nrct-poi:210000348000","門端遺跡","岐阜県 郡上市 八幡町旭","","https://geoshape.ex.nii.ac.jp/nrct-poi/resource/21/210000348000.html"
"geoshape-nrct-poi:210000351500","帰雲城跡","岐阜県 大野郡白川村 大字保木脇","","https://geoshape.ex.nii.ac.jp/nrct-poi/resource/21/210000351500.html"
"geoshape-nrct-poi:210000352200","島中通遺跡","岐阜県 大野郡白川村 大字荻町","","https://geoshape.ex.nii.ac.jp/nrct-poi/resource/21/210000352200.html"
"geoshape-nrct-poi:210000352600","巾通り遺跡","岐阜県 関市 巾二丁目","","https://geoshape.ex.nii.ac.jp/nrct-poi/resource/21/210000352600.html"
"geoshape-nrct-poi:210000354500","千光寺","岐阜県 高山市 丹生川町下保1553番地","","https://geoshape.ex.nii.ac.jp/nrct-poi/resource/21/210000354500.html"
"geoshape-nrct-poi:210000355200","根方岩陰遺跡","岐阜県 郡上市 八幡町旭","","https://geoshape.ex.nii.ac.jp/nrct-poi/resource/21/210000355200.html"
"geoshape-nrct-poi:210000359700","高山城跡","岐阜県 高山市 城山","","https://geoshape.ex.nii.ac.jp/nrct-poi/resource/21/210000359700.html"
"geoshape-nrct-poi:210000360100","照蓮寺","岐阜県 高山市 堀端町8番地","","https://geoshape.ex.nii.ac.jp/nrct-poi/resource/21/210000360100.html"
"geoshape-nrct-poi:210000360400","高山銀絞吹所跡","岐阜県 高山市 吹屋町","","https://geoshape.ex.nii.ac.jp/nrct-poi/resource/21/210000360400.html"
"geoshape-nrct-poi:210000360600","高山別院照蓮寺","岐阜県 高山市 鉄砲町6番地","","https://geoshape.ex.nii.ac.jp/nrct-poi/resource/21/210000360600.html"
"geoshape-nrct-poi:210000361100","宗猷寺","岐阜県 高山市 宗猷寺町218番地","","https://geoshape.ex.nii.ac.jp/nrct-poi/resource/21/210000361100.html"
"geoshape-nrct-poi:210000361300","素玄寺","岐阜県 高山市 天性寺町39番地","","https://geoshape.ex.nii.ac.jp/nrct-poi/resource/21/210000361300.html"
"geoshape-nrct-poi:210000361400","法華寺","岐阜県 高山市 天性寺町62番地","","https://geoshape.ex.nii.ac.jp/nrct-poi/resource/21/210000361400.html"
"geoshape-nrct-poi:210000361600","大雄寺","岐阜県 高山市 愛宕町67番地","","https://geoshape.ex.nii.ac.jp/nrct-poi/resource/21/210000361600.html"
"geoshape-nrct-poi:210000361800","白山神社","岐阜県 高山市 若達町一丁目若達町1丁目74番地","","https://geoshape.ex.nii.ac.jp/nrct-poi/resource/21/210000361800.html"
"geoshape-nrct-poi:210000363200","高山陣屋跡","岐阜県 高山市 八軒町一丁目","","https://geoshape.ex.nii.ac.jp/nrct-poi/resource/21/210000363200.html"
"geoshape-nrct-poi:210000364300","国分寺","岐阜県 高山市 総和町一丁目83番地","","https://geoshape.ex.nii.ac.jp/nrct-poi/resource/21/210000364300.html"
"geoshape-nrct-poi:210000364400","飛騨国分寺跡","岐阜県 高山市 総和町一丁目","","https://geoshape.ex.nii.ac.jp/nrct-poi/resource/21/210000364400.html"
"geoshape-nrct-poi:210000364500","飛騨総社","岐阜県 高山市 神田町二丁目114番地","","https://geoshape.ex.nii.ac.jp/nrct-poi/resource/21/210000364500.html"
"geoshape-nrct-poi:210000364800","飛騨国分尼寺跡","岐阜県 高山市 上岡本町","","https://geoshape.ex.nii.ac.jp/nrct-poi/resource/21/210000364800.html"
"geoshape-nrct-poi:210000365200","冬頭王塚古墳","岐阜県 高山市 冬頭町","","https://geoshape.ex.nii.ac.jp/nrct-poi/resource/21/210000365200.html"
"geoshape-nrct-poi:210000365600","杉ヶ洞横穴古墳群","岐阜県 高山市 松本町","","https://geoshape.ex.nii.ac.jp/nrct-poi/resource/21/210000365600.html"
"geoshape-nrct-poi:210000365900","糠塚遺跡","岐阜県 高山市 片野町","","https://geoshape.ex.nii.ac.jp/nrct-poi/resource/21/210000365900.html"
"geoshape-nrct-poi:210000366500","ツルネ遺跡","岐阜県 高山市 江名子町","","https://geoshape.ex.nii.ac.jp/nrct-poi/resource/21/210000366500.html"
"geoshape-nrct-poi:210000366600","ひじ山遺跡","岐阜県 高山市 江名子町","","https://geoshape.ex.nii.ac.jp/nrct-poi/resource/21/210000366600.html"
"geoshape-nrct-poi:210000366700","向畑遺跡","岐阜県 高山市 江名子町","","https://geoshape.ex.nii.ac.jp/nrct-poi/resource/21/210000366700.html"
"geoshape-nrct-poi:210000367200","赤保木古墳群","岐阜県 高山市 赤保木町","","https://geoshape.ex.nii.ac.jp/nrct-poi/resource/21/210000367200.html"
"geoshape-nrct-poi:210000368300","鍋山城跡","岐阜県 高山市 松之木町","","https://geoshape.ex.nii.ac.jp/nrct-poi/resource/21/210000368300.html"
"geoshape-nrct-poi:210000370700","村山遺跡","岐阜県 高山市 国府町村山","","https://geoshape.ex.nii.ac.jp/nrct-poi/resource/21/210000370700.html"
"geoshape-nrct-poi:210000371100","高堂城跡","岐阜県 高山市 国府町瓜巣","","https://geoshape.ex.nii.ac.jp/nrct-poi/resource/21/210000371100.html"
"geoshape-nrct-poi:210000371200","釜洞瓦窯跡","岐阜県 高山市 国府町瓜巣","","https://geoshape.ex.nii.ac.jp/nrct-poi/resource/21/210000371200.html"
"geoshape-nrct-poi:210000371400","広瀬城跡","岐阜県 高山市 国府町名張","","https://geoshape.ex.nii.ac.jp/nrct-poi/resource/21/210000371400.html"
"geoshape-nrct-poi:210000371900","石橋廃寺・光寿庵跡","岐阜県 高山市 国府町上広瀬","","https://geoshape.ex.nii.ac.jp/nrct-poi/resource/21/210000371900.html"
"geoshape-nrct-poi:210000372100","こう峠口古墳","岐阜県 高山市 国府町広瀬町","","https://geoshape.ex.nii.ac.jp/nrct-poi/resource/21/210000372100.html"
"geoshape-nrct-poi:210000372400","阿多由太神社","岐阜県 高山市 国府町木曽垣内1023番地","","https://geoshape.ex.nii.ac.jp/nrct-poi/resource/21/210000372400.html"
"geoshape-nrct-poi:210000372900","荒城神社","岐阜県 高山市 国府町宮地1464番地の1","","https://geoshape.ex.nii.ac.jp/nrct-poi/resource/21/210000372900.html"
"geoshape-nrct-poi:210000373000","荒城神社遺跡","岐阜県 高山市 国府町宮地","","https://geoshape.ex.nii.ac.jp/nrct-poi/resource/21/210000373000.html"
"geoshape-nrct-poi:210000373300","安国寺","岐阜県 高山市 国府町西門前474番地","","https://geoshape.ex.nii.ac.jp/nrct-poi/resource/21/210000373300.html"
"geoshape-nrct-poi:210000373900","清峰寺","岐阜県 高山市 国府町鶴巣1320番地","","https://geoshape.ex.nii.ac.jp/nrct-poi/resource/21/210000373900.html"
"geoshape-nrct-poi:210000374400","増島城跡","岐阜県 飛騨市 古川町片原町","","https://geoshape.ex.nii.ac.jp/nrct-poi/resource/21/210000374400.html"
"geoshape-nrct-poi:210000374500","本光寺","岐阜県 飛騨市 古川町弐之町1番17号","","https://geoshape.ex.nii.ac.jp/nrct-poi/resource/21/210000374500.html"
"geoshape-nrct-poi:210000374600","真宗寺","岐阜県 飛騨市 古川町三之町3番10号","","https://geoshape.ex.nii.ac.jp/nrct-poi/resource/21/210000374600.html"
"geoshape-nrct-poi:210000374700","円光寺","岐阜県 飛騨市 古川町殿町11番11号","","https://geoshape.ex.nii.ac.jp/nrct-poi/resource/21/210000374700.html"
"geoshape-nrct-poi:210000374800","塔の腰廃寺","岐阜県 飛騨市 古川町上町","","https://geoshape.ex.nii.ac.jp/nrct-poi/resource/21/210000374800.html"
"geoshape-nrct-poi:210000375000","気多若宮神社","岐阜県 飛騨市 古川町上気多1297番地","","https://geoshape.ex.nii.ac.jp/nrct-poi/resource/21/210000375000.html"
"geoshape-nrct-poi:210000375100","林昌寺","岐阜県 飛騨市 古川町片原町2番27号","","https://geoshape.ex.nii.ac.jp/nrct-poi/resource/21/210000375100.html"
"geoshape-nrct-poi:210000375200","沢遺跡","岐阜県 飛騨市 古川町上気多","","https://geoshape.ex.nii.ac.jp/nrct-poi/resource/21/210000375200.html"
"geoshape-nrct-poi:210000375800","小島城跡","岐阜県 飛騨市 古川町沼町","","https://geoshape.ex.nii.ac.jp/nrct-poi/resource/21/210000375800.html"
"geoshape-nrct-poi:210000376000","細江歌塚","岐阜県 飛騨市 古川町杉崎","","https://geoshape.ex.nii.ac.jp/nrct-poi/resource/21/210000376000.html"
"geoshape-nrct-poi:210000376100","杉崎廃寺","岐阜県 飛騨市 古川町杉崎","","https://geoshape.ex.nii.ac.jp/nrct-poi/resource/21/210000376100.html"
"geoshape-nrct-poi:210000376300","寿楽寺","岐阜県 飛騨市 古川町太江2872番地","","https://geoshape.ex.nii.ac.jp/nrct-poi/resource/21/210000376300.html"
"geoshape-nrct-poi:210000376400","高田神社","岐阜県 飛騨市 古川町太江2669番地","","https://geoshape.ex.nii.ac.jp/nrct-poi/resource/21/210000376400.html"
"geoshape-nrct-poi:210000376500","御番屋敷遺跡","岐阜県 飛騨市 古川町太江","","https://geoshape.ex.nii.ac.jp/nrct-poi/resource/21/210000376500.html"
"geoshape-nrct-poi:210000376700","慈眼寺","岐阜県 飛騨市 古川町袈裟丸2269番地","","https://geoshape.ex.nii.ac.jp/nrct-poi/resource/21/210000376700.html"
"geoshape-nrct-poi:210000377400","蛤城跡","岐阜県 飛騨市 古川町高野","","https://geoshape.ex.nii.ac.jp/nrct-poi/resource/21/210000377400.html"
"geoshape-nrct-poi:210000377500","五社神社","岐阜県 飛騨市 古川町高野1929番地","","https://geoshape.ex.nii.ac.jp/nrct-poi/resource/21/210000377500.html"
"geoshape-nrct-poi:210000377600","高野水上円墳","岐阜県 飛騨市 古川町高野","","https://geoshape.ex.nii.ac.jp/nrct-poi/resource/21/210000377600.html"
"geoshape-nrct-poi:210000377700","高野光泉寺円墳","岐阜県 飛騨市 古川町高野","","https://geoshape.ex.nii.ac.jp/nrct-poi/resource/21/210000377700.html"
"geoshape-nrct-poi:210000377800","高野溝添古墳","岐阜県 飛騨市 古川町高野","","https://geoshape.ex.nii.ac.jp/nrct-poi/resource/21/210000377800.html"
"geoshape-nrct-poi:210000378200","中野大洞平古墳群","岐阜県 飛騨市 古川町中野","","https://geoshape.ex.nii.ac.jp/nrct-poi/resource/21/210000378200.html"
"geoshape-nrct-poi:210000378300","中野山越遺跡","岐阜県 飛騨市 古川町中野","","https://geoshape.ex.nii.ac.jp/nrct-poi/resource/21/210000378300.html"
"geoshape-nrct-poi:210000378600","向小島城跡","岐阜県 飛騨市 古川町信包","","https://geoshape.ex.nii.ac.jp/nrct-poi/resource/21/210000378600.html"
"geoshape-nrct-poi:210000378700","小鷹利城跡","岐阜県 飛騨市 河合町稲越","","https://geoshape.ex.nii.ac.jp/nrct-poi/resource/21/210000378700.html"
"geoshape-nrct-poi:210000378800","信包八幡神社前方後円墳","岐阜県 飛騨市 古川町信包","","https://geoshape.ex.nii.ac.jp/nrct-poi/resource/21/210000378800.html"
"geoshape-nrct-poi:210000379500","専勝寺","岐阜県 飛騨市 河合町角川1675番地","","https://geoshape.ex.nii.ac.jp/nrct-poi/resource/21/210000379500.html"
"geoshape-nrct-poi:210000379600","下田遺跡","岐阜県 郡上市 八幡町旭","","https://geoshape.ex.nii.ac.jp/nrct-poi/resource/21/210000379600.html"
"geoshape-nrct-poi:210000379800","二ッ屋口留番所跡","岐阜県 飛騨市 宮川町小豆沢","","https://geoshape.ex.nii.ac.jp/nrct-poi/resource/21/210000379800.html"
"geoshape-nrct-poi:210000380900","天生金山跡","岐阜県 郡上市 八幡町旭","","https://geoshape.ex.nii.ac.jp/nrct-poi/resource/21/210000380900.html"
"geoshape-nrct-poi:210000381200","室屋遺跡","岐阜県 郡上市 八幡町旭","","https://geoshape.ex.nii.ac.jp/nrct-poi/resource/21/210000381200.html"
"geoshape-nrct-poi:210000381400","舟原遺跡","岐阜県 郡上市 八幡町旭","","https://geoshape.ex.nii.ac.jp/nrct-poi/resource/21/210000381400.html"
"geoshape-nrct-poi:210000381600","願教寺","岐阜県 飛騨市 河合町稲越358番地","","https://geoshape.ex.nii.ac.jp/nrct-poi/resource/21/210000381600.html"
"geoshape-nrct-poi:210000382600","洞泉寺","岐阜県 飛騨市 宮川町林184番地","","https://geoshape.ex.nii.ac.jp/nrct-poi/resource/21/210000382600.html"
"geoshape-nrct-poi:210000382700","家ノ下遺跡","岐阜県 飛騨市 宮川町林","","https://geoshape.ex.nii.ac.jp/nrct-poi/resource/21/210000382700.html"
"geoshape-nrct-poi:210000383500","神明神社","岐阜県 飛騨市 宮川町西忍字牛山472番地","","https://geoshape.ex.nii.ac.jp/nrct-poi/resource/21/210000383500.html"
"geoshape-nrct-poi:210000384400","小豆沢口留番所跡","岐阜県 郡上市 八幡町旭","","https://geoshape.ex.nii.ac.jp/nrct-poi/resource/21/210000384400.html"
"geoshape-nrct-poi:210000384600","塩竈金清神社","岐阜県 飛騨市 宮川町塩屋293番地","","https://geoshape.ex.nii.ac.jp/nrct-poi/resource/21/210000384600.html"
"geoshape-nrct-poi:210000384700","塩屋金清神社遺跡","岐阜県 高山市 塩屋町","","https://geoshape.ex.nii.ac.jp/nrct-poi/resource/21/210000384700.html"
"geoshape-nrct-poi:210000386000","津島神社","岐阜県 飛騨市 神岡町山田524番地","","https://geoshape.ex.nii.ac.jp/nrct-poi/resource/21/210000386000.html"
"geoshape-nrct-poi:210000386200","大国寺","岐阜県 飛騨市 神岡町西94番地","","https://geoshape.ex.nii.ac.jp/nrct-poi/resource/21/210000386200.html"
"geoshape-nrct-poi:210000386800","傘松城跡","岐阜県 飛騨市 神岡町釜崎","","https://geoshape.ex.nii.ac.jp/nrct-poi/resource/21/210000386800.html"
"geoshape-nrct-poi:210000386900","常蓮寺","岐阜県 飛騨市 神岡町吉田1788番地","","https://geoshape.ex.nii.ac.jp/nrct-poi/resource/21/210000386900.html"
"geoshape-nrct-poi:210000387100","小萱薬師堂","岐阜県 飛騨市 神岡町小萱","","https://geoshape.ex.nii.ac.jp/nrct-poi/resource/21/210000387100.html"
"geoshape-nrct-poi:210000387200","上小萱井ノ下遺跡","岐阜県 飛騨市 神岡町小萱","","https://geoshape.ex.nii.ac.jp/nrct-poi/resource/21/210000387200.html"
"geoshape-nrct-poi:210000388100","両全寺","岐阜県 飛騨市 神岡町麻生野291番地","","https://geoshape.ex.nii.ac.jp/nrct-poi/resource/21/210000388100.html"
"geoshape-nrct-poi:210000388300","下館跡","岐阜県 飛騨市 神岡町殿","","https://geoshape.ex.nii.ac.jp/nrct-poi/resource/21/210000388300.html"
"geoshape-nrct-poi:210000388400","高原諏訪城跡","岐阜県 飛騨市 神岡町和佐保","","https://geoshape.ex.nii.ac.jp/nrct-poi/resource/21/210000388400.html"
"geoshape-nrct-poi:210000388500","御館跡","岐阜県 飛騨市 神岡町殿","","https://geoshape.ex.nii.ac.jp/nrct-poi/resource/21/210000388500.html"
"geoshape-nrct-poi:210000388600","円城寺","岐阜県 飛騨市 神岡町殿425番地","","https://geoshape.ex.nii.ac.jp/nrct-poi/resource/21/210000388600.html"
"geoshape-nrct-poi:210000388700","瑞岸寺","岐阜県 飛騨市 神岡町殿495番地","","https://geoshape.ex.nii.ac.jp/nrct-poi/resource/21/210000388700.html"
"geoshape-nrct-poi:210000389000","光円寺","岐阜県 飛騨市 神岡町和佐保1027番地","","https://geoshape.ex.nii.ac.jp/nrct-poi/resource/21/210000389000.html"
"geoshape-nrct-poi:210000389500","山野口口留番所跡","岐阜県 飛騨市 神岡町下之本","","https://geoshape.ex.nii.ac.jp/nrct-poi/resource/21/210000389500.html"
"geoshape-nrct-poi:210000389600","福寿寺","岐阜県 関市 武芸川町八幡583番地","","https://geoshape.ex.nii.ac.jp/nrct-poi/resource/21/210000389600.html"
"geoshape-nrct-poi:210000390300","大津神社","岐阜県 飛騨市 神岡町船津1823番地","","https://geoshape.ex.nii.ac.jp/nrct-poi/resource/21/210000390300.html"
"geoshape-nrct-poi:210000390500","円城寺","岐阜県 飛騨市 神岡町船津1129番地","","https://geoshape.ex.nii.ac.jp/nrct-poi/resource/21/210000390500.html"
"geoshape-nrct-poi:210000390900","正眼寺","岐阜県 飛騨市 神岡町西漆山142番地","","https://geoshape.ex.nii.ac.jp/nrct-poi/resource/21/210000390900.html"
"geoshape-nrct-poi:210000391800","跡津川銅鉛山跡","岐阜県 飛騨市 神岡町跡津川","","https://geoshape.ex.nii.ac.jp/nrct-poi/resource/21/210000391800.html"
"geoshape-nrct-poi:210000392300","金森宗貞邸跡","岐阜県 飛騨市 神岡町東茂住","","https://geoshape.ex.nii.ac.jp/nrct-poi/resource/21/210000392300.html"
"geoshape-nrct-poi:210000392400","金竜寺","岐阜県 飛騨市 神岡町東茂住469番地","","https://geoshape.ex.nii.ac.jp/nrct-poi/resource/21/210000392400.html"
"geoshape-nrct-poi:210000392500","徳翁寺","岐阜県 飛騨市 神岡町西茂住175番地","","https://geoshape.ex.nii.ac.jp/nrct-poi/resource/21/210000392500.html"
"geoshape-nrct-poi:210000392800","荒田口口留番所跡","岐阜県 飛騨市 神岡町横山","","https://geoshape.ex.nii.ac.jp/nrct-poi/resource/21/210000392800.html"
"geoshape-nrct-poi:210000393000","東林寺","岐阜県 飛騨市 神岡町中山230番地","","https://geoshape.ex.nii.ac.jp/nrct-poi/resource/21/210000393000.html"
"geoshape-nrct-poi:210000393200","籠渡跡","岐阜県 飛騨市 神岡町谷","","https://geoshape.ex.nii.ac.jp/nrct-poi/resource/21/210000393200.html"
"geoshape-nrct-poi:210000393800","本覚寺","岐阜県 高山市 上宝町本郷1425番地","","https://geoshape.ex.nii.ac.jp/nrct-poi/resource/21/210000393800.html"
"geoshape-nrct-poi:210000394600","桂峰寺","岐阜県 高山市 上宝町長倉588番地","","https://geoshape.ex.nii.ac.jp/nrct-poi/resource/21/210000394600.html"
"geoshape-nrct-poi:210000395100","永昌寺","岐阜県 高山市 奥飛騨温泉郷田頃家386番地","","https://geoshape.ex.nii.ac.jp/nrct-poi/resource/21/210000395100.html"
"geoshape-nrct-poi:210000395800","桂本神社","岐阜県 高山市 上宝町在家736番地","","https://geoshape.ex.nii.ac.jp/nrct-poi/resource/21/210000395800.html"
"geoshape-nrct-poi:210000396900","村上神社","岐阜県 各務原市 那加長塚町一丁目64番地","","https://geoshape.ex.nii.ac.jp/nrct-poi/resource/21/210000396900.html"
"geoshape-nrct-poi:210000397200","平湯銀山跡","岐阜県 高山市 奥飛騨温泉郷平湯","","https://geoshape.ex.nii.ac.jp/nrct-poi/resource/21/210000397200.html"
"geoshape-nrct-poi:220000019800","三嶋大社","静岡県 三島市 大宮町二丁目1番5号","","https://geoshape.ex.nii.ac.jp/nrct-poi/resource/22/220000019800.html"
"geoshape-nrct-poi:220000021100","愛染院跡","静岡県 三島市 一番町","","https://geoshape.ex.nii.ac.jp/nrct-poi/resource/22/220000021100.html"
"geoshape-nrct-poi:220000021200","心経寺","静岡県 三島市 大宮町一丁目8番15号","","https://geoshape.ex.nii.ac.jp/nrct-poi/resource/22/220000021200.html"
"geoshape-nrct-poi:220000021300","西福寺","静岡県 菊川市 吉沢523番地","","https://geoshape.ex.nii.ac.jp/nrct-poi/resource/22/220000021300.html"
"geoshape-nrct-poi:220000022300","市ヶ原廃寺","静岡県 三島市 大社町","","https://geoshape.ex.nii.ac.jp/nrct-poi/resource/22/220000022300.html"
"geoshape-nrct-poi:220000022900","福聚院","静岡県 三島市 北田町6番11号","","https://geoshape.ex.nii.ac.jp/nrct-poi/resource/22/220000022900.html"
"geoshape-nrct-poi:220000023000","三島代官所跡","静岡県 三島市 北田町","","https://geoshape.ex.nii.ac.jp/nrct-poi/resource/22/220000023000.html"
"geoshape-nrct-poi:220000023500","本覚寺","静岡県 三島市 泉町6番58号","","https://geoshape.ex.nii.ac.jp/nrct-poi/resource/22/220000023500.html"
"geoshape-nrct-poi:220000023700","伊豆国分寺跡","静岡県 三島市 泉町","","https://geoshape.ex.nii.ac.jp/nrct-poi/resource/22/220000023700.html"
"geoshape-nrct-poi:220000024600","千枚原遺跡","静岡県 三島市 千枚原","","https://geoshape.ex.nii.ac.jp/nrct-poi/resource/22/220000024600.html"
"geoshape-nrct-poi:220000025200","乾草峠遺跡","静岡県 三島市 佐野","","https://geoshape.ex.nii.ac.jp/nrct-poi/resource/22/220000025200.html"
"geoshape-nrct-poi:220000025700","三ッ谷新田経塚","静岡県 三島市 三ツ谷新田","","https://geoshape.ex.nii.ac.jp/nrct-poi/resource/22/220000025700.html"
"geoshape-nrct-poi:220000026000","山中城跡","静岡県 三島市 山中新田","","https://geoshape.ex.nii.ac.jp/nrct-poi/resource/22/220000026000.html"
"geoshape-nrct-poi:220000026600","初音ヶ原遺跡","静岡県 三島市 川原ケ谷","","https://geoshape.ex.nii.ac.jp/nrct-poi/resource/22/220000026600.html"
"geoshape-nrct-poi:220000026900","妙法華寺","静岡県 三島市 玉沢96番地","","https://geoshape.ex.nii.ac.jp/nrct-poi/resource/22/220000026900.html"
"geoshape-nrct-poi:220000027000","奥山遺跡","静岡県 三島市 玉沢","","https://geoshape.ex.nii.ac.jp/nrct-poi/resource/22/220000027000.html"
"geoshape-nrct-poi:220000029100","向山古墳群","静岡県 三島市 北沢","","https://geoshape.ex.nii.ac.jp/nrct-poi/resource/22/220000029100.html"
"geoshape-nrct-poi:220000030900","柏谷横穴群","静岡県 田方郡函南町 柏谷","","https://geoshape.ex.nii.ac.jp/nrct-poi/resource/22/220000030900.html"
"geoshape-nrct-poi:220000031300","平井遺跡","静岡県 田方郡函南町 平井","","https://geoshape.ex.nii.ac.jp/nrct-poi/resource/22/220000031300.html"
"geoshape-nrct-poi:220000031400","伊豆逓信病院敷地内遺跡","静岡県 田方郡函南町 平井","","https://geoshape.ex.nii.ac.jp/nrct-poi/resource/22/220000031400.html"
"geoshape-nrct-poi:220000033100","韮山城跡","静岡県 伊豆の国市 韮山韮山","","https://geoshape.ex.nii.ac.jp/nrct-poi/resource/22/220000033100.html"
"geoshape-nrct-poi:220000033400","江川家住宅","静岡県 伊豆の国市 韮山韮山","","https://geoshape.ex.nii.ac.jp/nrct-poi/resource/22/220000033400.html"
"geoshape-nrct-poi:220000033600","韮山代官所跡","静岡県 伊豆の国市 韮山韮山","","https://geoshape.ex.nii.ac.jp/nrct-poi/resource/22/220000033600.html"
"geoshape-nrct-poi:220000034100","本立寺","静岡県 周智郡森町 飯田1935番地1","","https://geoshape.ex.nii.ac.jp/nrct-poi/resource/22/220000034100.html"
"geoshape-nrct-poi:220000034400","山木遺跡","静岡県 伊豆の国市 韮山山木","","https://geoshape.ex.nii.ac.jp/nrct-poi/resource/22/220000034400.html"
"geoshape-nrct-poi:220000034700","多田大塚古墳群","静岡県 伊豆の国市 韮山多田","","https://geoshape.ex.nii.ac.jp/nrct-poi/resource/22/220000034700.html"
"geoshape-nrct-poi:220000035200","御所之内遺跡","静岡県 伊豆の国市 四日町","","https://geoshape.ex.nii.ac.jp/nrct-poi/resource/22/220000035200.html"
"geoshape-nrct-poi:220000035900","国清寺","静岡県 磐田市 掛塚643番地","","https://geoshape.ex.nii.ac.jp/nrct-poi/resource/22/220000035900.html"
"geoshape-nrct-poi:220000036100","願成就院跡","静岡県 伊豆の国市 寺家","","https://geoshape.ex.nii.ac.jp/nrct-poi/resource/22/220000036100.html"
"geoshape-nrct-poi:220000036200","円成寺跡","静岡県 伊豆の国市 寺家","","https://geoshape.ex.nii.ac.jp/nrct-poi/resource/22/220000036200.html"
"geoshape-nrct-poi:220000036900","韮山反射炉","静岡県 伊豆の国市 中","","https://geoshape.ex.nii.ac.jp/nrct-poi/resource/22/220000036900.html"
"geoshape-nrct-poi:220000037400","珍場神社","静岡県 伊豆の国市 北江間1171番地","","https://geoshape.ex.nii.ac.jp/nrct-poi/resource/22/220000037400.html"
"geoshape-nrct-poi:220000037500","大北横穴群","静岡県 伊豆の国市 北江間","","https://geoshape.ex.nii.ac.jp/nrct-poi/resource/22/220000037500.html"
"geoshape-nrct-poi:220000037600","大師山横穴群","静岡県 伊豆の国市 北江間","","https://geoshape.ex.nii.ac.jp/nrct-poi/resource/22/220000037600.html"
"geoshape-nrct-poi:220000037800","東漸寺","静岡県 浜松市 中央区成子町28番地","","https://geoshape.ex.nii.ac.jp/nrct-poi/resource/22/220000037800.html"
"geoshape-nrct-poi:220000037900","北条寺","静岡県 伊豆の国市 南江間862番地","","https://geoshape.ex.nii.ac.jp/nrct-poi/resource/22/220000037900.html"
"geoshape-nrct-poi:220000038000","吉祥寺跡","静岡県 伊豆の国市 古奈","","https://geoshape.ex.nii.ac.jp/nrct-poi/resource/22/220000038000.html"
"geoshape-nrct-poi:220000038300","古奈陣屋跡","静岡県 伊豆の国市 古奈","","https://geoshape.ex.nii.ac.jp/nrct-poi/resource/22/220000038300.html"
"geoshape-nrct-poi:220000039000","花坂古窯跡群","静岡県 伊豆の国市 花坂","","https://geoshape.ex.nii.ac.jp/nrct-poi/resource/22/220000039000.html"
"geoshape-nrct-poi:220000039700","宗光寺横穴群","静岡県 伊豆の国市 宗光寺","","https://geoshape.ex.nii.ac.jp/nrct-poi/resource/22/220000039700.html"
"geoshape-nrct-poi:220000040200","蔵春院","静岡県 伊豆の国市 田京949番地1","","https://geoshape.ex.nii.ac.jp/nrct-poi/resource/22/220000040200.html"
"geoshape-nrct-poi:220000040300","公蔵免遺跡","静岡県 静岡市葵区 桂山","","https://geoshape.ex.nii.ac.jp/nrct-poi/resource/22/220000040300.html"
"geoshape-nrct-poi:220000040600","仲道Ａ遺跡","静岡県 伊豆の国市 大仁","","https://geoshape.ex.nii.ac.jp/nrct-poi/resource/22/220000040600.html"
"geoshape-nrct-poi:220000041100","金山城跡","静岡県 伊豆の国市 大仁","","https://geoshape.ex.nii.ac.jp/nrct-poi/resource/22/220000041100.html"
"geoshape-nrct-poi:220000041900","上白岩遺跡","静岡県 伊豆市 上白岩","","https://geoshape.ex.nii.ac.jp/nrct-poi/resource/22/220000041900.html"
"geoshape-nrct-poi:220000042800","最勝院","静岡県 伊豆市 宮上48番地1","","https://geoshape.ex.nii.ac.jp/nrct-poi/resource/22/220000042800.html"
"geoshape-nrct-poi:220000044300","修禅寺","静岡県 伊豆市 修善寺964番地","","https://geoshape.ex.nii.ac.jp/nrct-poi/resource/22/220000044300.html"
"geoshape-nrct-poi:220000045500","大塚遺跡","静岡県 伊豆市 修善寺","","https://geoshape.ex.nii.ac.jp/nrct-poi/resource/22/220000045500.html"
"geoshape-nrct-poi:220000045900","田代居館跡","静岡県 田方郡函南町 田代","","https://geoshape.ex.nii.ac.jp/nrct-poi/resource/22/220000045900.html"
"geoshape-nrct-poi:220000046500","軽野神社","静岡県 伊豆市 松ケ瀬79番地","","https://geoshape.ex.nii.ac.jp/nrct-poi/resource/22/220000046500.html"
"geoshape-nrct-poi:220000046700","狩野城跡","静岡県 伊豆市 青羽根","","https://geoshape.ex.nii.ac.jp/nrct-poi/resource/22/220000046700.html"
"geoshape-nrct-poi:220000047900","善名寺","静岡県 伊豆市 吉奈128番地","","https://geoshape.ex.nii.ac.jp/nrct-poi/resource/22/220000047900.html"
"geoshape-nrct-poi:220000048500","松江古墳群","静岡県 沼津市 井田","","https://geoshape.ex.nii.ac.jp/nrct-poi/resource/22/220000048500.html"
"geoshape-nrct-poi:220000049300","稲宮神社","静岡県 伊豆市 土肥2833番地","","https://geoshape.ex.nii.ac.jp/nrct-poi/resource/22/220000049300.html"
"geoshape-nrct-poi:220000049400","土肥金山跡","静岡県 伊豆市 土肥","","https://geoshape.ex.nii.ac.jp/nrct-poi/resource/22/220000049400.html"
"geoshape-nrct-poi:220000049600","丸山城跡","静岡県 伊豆市 八木沢","","https://geoshape.ex.nii.ac.jp/nrct-poi/resource/22/220000049600.html"
"geoshape-nrct-poi:220000050900","宮後遺跡","静岡県 賀茂郡東伊豆町 白田","","https://geoshape.ex.nii.ac.jp/nrct-poi/resource/22/220000050900.html"
"geoshape-nrct-poi:220000051700","河津城跡","静岡県 賀茂郡河津町 笹原","","https://geoshape.ex.nii.ac.jp/nrct-poi/resource/22/220000051700.html"
"geoshape-nrct-poi:220000051800","姫宮遺跡","静岡県 賀茂郡河津町 笹原","","https://geoshape.ex.nii.ac.jp/nrct-poi/resource/22/220000051800.html"
"geoshape-nrct-poi:220000052000","段間遺跡","静岡県 賀茂郡河津町 見高","","https://geoshape.ex.nii.ac.jp/nrct-poi/resource/22/220000052000.html"
"geoshape-nrct-poi:220000052300","縄地金山跡","静岡県 賀茂郡河津町 縄地","","https://geoshape.ex.nii.ac.jp/nrct-poi/resource/22/220000052300.html"
"geoshape-nrct-poi:220000052500","杉桙別命神社","静岡県 賀茂郡河津町 田中153番地","","https://geoshape.ex.nii.ac.jp/nrct-poi/resource/22/220000052500.html"
"geoshape-nrct-poi:220000052700","林際寺","静岡県 賀茂郡河津町 沢田82番地","","https://geoshape.ex.nii.ac.jp/nrct-poi/resource/22/220000052700.html"
"geoshape-nrct-poi:220000053900","哆胡神社","静岡県 賀茂郡西伊豆町 田子1103番地1","","https://geoshape.ex.nii.ac.jp/nrct-poi/resource/22/220000053900.html"
"geoshape-nrct-poi:220000054100","佐波神社","静岡県 賀茂郡西伊豆町 仁科1870番地","","https://geoshape.ex.nii.ac.jp/nrct-poi/resource/22/220000054100.html"
"geoshape-nrct-poi:220000055300","伊那下神社","静岡県 賀茂郡松崎町 松崎28番地","","https://geoshape.ex.nii.ac.jp/nrct-poi/resource/22/220000055300.html"
"geoshape-nrct-poi:220000055500","伊那上神社","静岡県 賀茂郡松崎町 宮内37番地1","","https://geoshape.ex.nii.ac.jp/nrct-poi/resource/22/220000055500.html"
"geoshape-nrct-poi:220000057200","旧岩科学校","静岡県 賀茂郡松崎町 岩科北側","","https://geoshape.ex.nii.ac.jp/nrct-poi/resource/22/220000057200.html"
"geoshape-nrct-poi:220000058200","日野遺跡","静岡県 賀茂郡南伊豆町 湊","","https://geoshape.ex.nii.ac.jp/nrct-poi/resource/22/220000058200.html"
"geoshape-nrct-poi:220000060500","日詰遺跡","静岡県 賀茂郡南伊豆町 下賀茂","","https://geoshape.ex.nii.ac.jp/nrct-poi/resource/22/220000060500.html"
"geoshape-nrct-poi:220000061700","保善院","静岡県 熱海市 泉136番地","","https://geoshape.ex.nii.ac.jp/nrct-poi/resource/22/220000061700.html"
"geoshape-nrct-poi:220000061900","伊豆山神社","静岡県 熱海市 伊豆山708番地","","https://geoshape.ex.nii.ac.jp/nrct-poi/resource/22/220000061900.html"
"geoshape-nrct-poi:220000062000","密厳院跡","静岡県 熱海市 伊豆山","","https://geoshape.ex.nii.ac.jp/nrct-poi/resource/22/220000062000.html"
"geoshape-nrct-poi:220000062100","般若院","静岡県 熱海市 伊豆山371番地","","https://geoshape.ex.nii.ac.jp/nrct-poi/resource/22/220000062100.html"
"geoshape-nrct-poi:220000062200","伊豆山神社経塚","静岡県 熱海市 伊豆山","","https://geoshape.ex.nii.ac.jp/nrct-poi/resource/22/220000062200.html"
"geoshape-nrct-poi:220000062600","温泉寺","静岡県 熱海市 上宿町2番19号","","https://geoshape.ex.nii.ac.jp/nrct-poi/resource/22/220000062600.html"
"geoshape-nrct-poi:220000064500","寺中遺跡・金草原遺跡","静岡県 伊東市 宇佐美","","https://geoshape.ex.nii.ac.jp/nrct-poi/resource/22/220000064500.html"
"geoshape-nrct-poi:220000064900","上の坊遺跡","静岡県 伊東市 音無町","","https://geoshape.ex.nii.ac.jp/nrct-poi/resource/22/220000064900.html"
"geoshape-nrct-poi:220000065000","朝日山経塚","静岡県 伊東市 馬場町二丁目","","https://geoshape.ex.nii.ac.jp/nrct-poi/resource/22/220000065000.html"
"geoshape-nrct-poi:220000065300","仏現寺","静岡県 伊東市 物見が丘2番30号","","https://geoshape.ex.nii.ac.jp/nrct-poi/resource/22/220000065300.html"
"geoshape-nrct-poi:220000065400","井戸川遺跡","静岡県 伊東市 和田二丁目","","https://geoshape.ex.nii.ac.jp/nrct-poi/resource/22/220000065400.html"
"geoshape-nrct-poi:220000066200","クズレ遺跡","静岡県 伊東市 富戸","","https://geoshape.ex.nii.ac.jp/nrct-poi/resource/22/220000066200.html"
"geoshape-nrct-poi:220000067900","下田番所跡","静岡県 下田市 三丁目","","https://geoshape.ex.nii.ac.jp/nrct-poi/resource/22/220000067900.html"
"geoshape-nrct-poi:220000068000","八幡神社","静岡県 静岡市 駿河区鎌田382番地","","https://geoshape.ex.nii.ac.jp/nrct-poi/resource/22/220000068000.html"
"geoshape-nrct-poi:220000068100","海善寺","静岡県 下田市 一丁目14番18号","","https://geoshape.ex.nii.ac.jp/nrct-poi/resource/22/220000068100.html"
"geoshape-nrct-poi:220000068200","了仙寺","静岡県 下田市 三丁目12番12号","","https://geoshape.ex.nii.ac.jp/nrct-poi/resource/22/220000068200.html"
"geoshape-nrct-poi:220000068300","長楽寺","静岡県 下田市 三丁目13番19号","","https://geoshape.ex.nii.ac.jp/nrct-poi/resource/22/220000068300.html"
"geoshape-nrct-poi:220000068400","下田城跡","静岡県 下田市 三丁目","","https://geoshape.ex.nii.ac.jp/nrct-poi/resource/22/220000068400.html"
"geoshape-nrct-poi:220000068700","玉泉寺","静岡県 下田市 柿崎135番地","","https://geoshape.ex.nii.ac.jp/nrct-poi/resource/22/220000068700.html"
"geoshape-nrct-poi:220000068900","夷子島遺跡","静岡県 下田市 須崎","","https://geoshape.ex.nii.ac.jp/nrct-poi/resource/22/220000068900.html"
"geoshape-nrct-poi:220000069100","伊古奈比咩命神社","静岡県 下田市 白浜2740番地","","https://geoshape.ex.nii.ac.jp/nrct-poi/resource/22/220000069100.html"
"geoshape-nrct-poi:220000069400","下田奉行所跡","静岡県 下田市 東中","","https://geoshape.ex.nii.ac.jp/nrct-poi/resource/22/220000069400.html"
"geoshape-nrct-poi:220000070000","洗田遺跡","静岡県 下田市 吉佐美","","https://geoshape.ex.nii.ac.jp/nrct-poi/resource/22/220000070000.html"
"geoshape-nrct-poi:220000070200","金山遺跡","静岡県 下田市 大賀茂","","https://geoshape.ex.nii.ac.jp/nrct-poi/resource/22/220000070200.html"
"geoshape-nrct-poi:220000070600","深根城跡","静岡県 下田市 堀之内","","https://geoshape.ex.nii.ac.jp/nrct-poi/resource/22/220000070600.html"
"geoshape-nrct-poi:220000071200","太梅寺","静岡県 下田市 横川342番地","","https://geoshape.ex.nii.ac.jp/nrct-poi/resource/22/220000071200.html"
"geoshape-nrct-poi:220000071400","報本寺","静岡県 下田市 加増野420番地","","https://geoshape.ex.nii.ac.jp/nrct-poi/resource/22/220000071400.html"
"geoshape-nrct-poi:220000071600","日枝神社","静岡県 下田市 箕作315番地","","https://geoshape.ex.nii.ac.jp/nrct-poi/resource/22/220000071600.html"
"geoshape-nrct-poi:220000086400","泉頭城跡","静岡県 駿東郡清水町 伏見","","https://geoshape.ex.nii.ac.jp/nrct-poi/resource/22/220000086400.html"
"geoshape-nrct-poi:220000088200","徳倉城跡","静岡県 駿東郡清水町 徳倉","","https://geoshape.ex.nii.ac.jp/nrct-poi/resource/22/220000088200.html"
"geoshape-nrct-poi:220000088400","矢崎遺跡","静岡県 駿東郡清水町 徳倉","","https://geoshape.ex.nii.ac.jp/nrct-poi/resource/22/220000088400.html"
"geoshape-nrct-poi:220000089400","長久保城跡","静岡県 駿東郡長泉町 下長窪","","https://geoshape.ex.nii.ac.jp/nrct-poi/resource/22/220000089400.html"
"geoshape-nrct-poi:220000089600","西願寺遺跡","静岡県 駿東郡長泉町 下長窪","","https://geoshape.ex.nii.ac.jp/nrct-poi/resource/22/220000089600.html"
"geoshape-nrct-poi:220000089800","柏窪遺跡","静岡県 駿東郡長泉町 上長窪","","https://geoshape.ex.nii.ac.jp/nrct-poi/resource/22/220000089800.html"
"geoshape-nrct-poi:220000090100","上山地遺跡","静岡県 駿東郡長泉町 南一色","","https://geoshape.ex.nii.ac.jp/nrct-poi/resource/22/220000090100.html"
"geoshape-nrct-poi:220000090900","乗光寺","静岡県 駿東郡小山町 生土233番地","","https://geoshape.ex.nii.ac.jp/nrct-poi/resource/22/220000090900.html"
"geoshape-nrct-poi:220000091700","竹之下古戦場跡","静岡県 駿東郡小山町 竹之下","","https://geoshape.ex.nii.ac.jp/nrct-poi/resource/22/220000091700.html"
"geoshape-nrct-poi:220000091800","足柄城跡","静岡県 駿東郡小山町 竹之下","","https://geoshape.ex.nii.ac.jp/nrct-poi/resource/22/220000091800.html"
"geoshape-nrct-poi:220000091900","宝鏡寺","静岡県 駿東郡小山町 竹之下1462番地","","https://geoshape.ex.nii.ac.jp/nrct-poi/resource/22/220000091900.html"
"geoshape-nrct-poi:220000092000","横山遺跡","静岡県 駿東郡小山町 竹之下","","https://geoshape.ex.nii.ac.jp/nrct-poi/resource/22/220000092000.html"
"geoshape-nrct-poi:220000092100","上横山遺跡","静岡県 駿東郡小山町 竹之下","","https://geoshape.ex.nii.ac.jp/nrct-poi/resource/22/220000092100.html"
"geoshape-nrct-poi:220000093900","富士浅間神社","静岡県 駿東郡小山町 須走126番地","","https://geoshape.ex.nii.ac.jp/nrct-poi/resource/22/220000093900.html"
"geoshape-nrct-poi:220000094100","藤原光親墓","静岡県 駿東郡小山町 須走","","https://geoshape.ex.nii.ac.jp/nrct-poi/resource/22/220000094100.html"
"geoshape-nrct-poi:220000094200","伊奈神社","静岡県 駿東郡小山町 須走71番地1","","https://geoshape.ex.nii.ac.jp/nrct-poi/resource/22/220000094200.html"
"geoshape-nrct-poi:220000096200","三枚橋城跡","静岡県 沼津市 大手町四丁目","","https://geoshape.ex.nii.ac.jp/nrct-poi/resource/22/220000096200.html"
"geoshape-nrct-poi:220000096500","沼津兵学校跡","静岡県 沼津市 大手町三丁目","","https://geoshape.ex.nii.ac.jp/nrct-poi/resource/22/220000096500.html"
"geoshape-nrct-poi:220000096800","妙覚寺","静岡県 沼津市 下河原町二丁目1番地1","","https://geoshape.ex.nii.ac.jp/nrct-poi/resource/22/220000096800.html"
"geoshape-nrct-poi:220000096900","妙海寺","静岡県 沼津市 下河原町一丁目9番地1","","https://geoshape.ex.nii.ac.jp/nrct-poi/resource/22/220000096900.html"
"geoshape-nrct-poi:220000097000","西光寺","静岡県 磐田市 掛塚1079番地","","https://geoshape.ex.nii.ac.jp/nrct-poi/resource/22/220000097000.html"
"geoshape-nrct-poi:220000097300","日枝神社","静岡県 沼津市 平町7番24号","","https://geoshape.ex.nii.ac.jp/nrct-poi/resource/22/220000097300.html"
"geoshape-nrct-poi:220000097500","日吉廃寺","静岡県 沼津市 大岡","","https://geoshape.ex.nii.ac.jp/nrct-poi/resource/22/220000097500.html"
"geoshape-nrct-poi:220000098500","三明寺経塚","静岡県 沼津市 大岡","","https://geoshape.ex.nii.ac.jp/nrct-poi/resource/22/220000098500.html"
"geoshape-nrct-poi:220000098800","岡宮浅間神社","静岡県 沼津市 岡宮","","https://geoshape.ex.nii.ac.jp/nrct-poi/resource/22/220000098800.html"
"geoshape-nrct-poi:220000098900","光長寺","静岡県 沼津市 岡宮1055番地","","https://geoshape.ex.nii.ac.jp/nrct-poi/resource/22/220000098900.html"
"geoshape-nrct-poi:220000099400","長塚古墳","静岡県 沼津市 東沢田","","https://geoshape.ex.nii.ac.jp/nrct-poi/resource/22/220000099400.html"
"geoshape-nrct-poi:220000099600","大中寺","静岡県 沼津市 中沢田457番地","","https://geoshape.ex.nii.ac.jp/nrct-poi/resource/22/220000099600.html"
"geoshape-nrct-poi:220000100400","桃沢神社","静岡県 沼津市 青野504番地","","https://geoshape.ex.nii.ac.jp/nrct-poi/resource/22/220000100400.html"
"geoshape-nrct-poi:220000101000","松長陣屋跡","静岡県 沼津市 松長","","https://geoshape.ex.nii.ac.jp/nrct-poi/resource/22/220000101000.html"
"geoshape-nrct-poi:220000101100","神明塚古墳","静岡県 沼津市 松長","","https://geoshape.ex.nii.ac.jp/nrct-poi/resource/22/220000101100.html"
"geoshape-nrct-poi:220000101800","松蔭寺","静岡県 沼津市 原128番地","","https://geoshape.ex.nii.ac.jp/nrct-poi/resource/22/220000101800.html"
"geoshape-nrct-poi:220000102000","雌鹿塚遺跡","静岡県 沼津市 原","","https://geoshape.ex.nii.ac.jp/nrct-poi/resource/22/220000102000.html"
"geoshape-nrct-poi:220000102500","興国寺城跡","静岡県 沼津市 根古屋","","https://geoshape.ex.nii.ac.jp/nrct-poi/resource/22/220000102500.html"
"geoshape-nrct-poi:220000102900","平沼吹上遺跡","静岡県 沼津市 平沼","","https://geoshape.ex.nii.ac.jp/nrct-poi/resource/22/220000102900.html"
"geoshape-nrct-poi:220000103100","愛鷹牧","静岡県 沼津市 西野","","https://geoshape.ex.nii.ac.jp/nrct-poi/resource/22/220000103100.html"
"geoshape-nrct-poi:220000103200","千鳥道経塚","静岡県 沼津市 西野","","https://geoshape.ex.nii.ac.jp/nrct-poi/resource/22/220000103200.html"
"geoshape-nrct-poi:220000103300","休場遺跡","静岡県 沼津市 宮本","","https://geoshape.ex.nii.ac.jp/nrct-poi/resource/22/220000103300.html"
"geoshape-nrct-poi:220000103400","八兵衛洞遺跡群","静岡県 沼津市 足高","","https://geoshape.ex.nii.ac.jp/nrct-poi/resource/22/220000103400.html"
"geoshape-nrct-poi:220000103500","植出遺跡","静岡県 沼津市 足高","","https://geoshape.ex.nii.ac.jp/nrct-poi/resource/22/220000103500.html"
"geoshape-nrct-poi:220000103600","中見代第I遺跡","静岡県 沼津市 足高","","https://geoshape.ex.nii.ac.jp/nrct-poi/resource/22/220000103600.html"
"geoshape-nrct-poi:220000103700","葛原沢第IV遺跡","静岡県 沼津市 足高","","https://geoshape.ex.nii.ac.jp/nrct-poi/resource/22/220000103700.html"
"geoshape-nrct-poi:220000103800","清水柳北遺跡","静岡県 沼津市 足高","","https://geoshape.ex.nii.ac.jp/nrct-poi/resource/22/220000103800.html"
"geoshape-nrct-poi:220000103900","清水柳北一号墳","静岡県 沼津市 足高","","https://geoshape.ex.nii.ac.jp/nrct-poi/resource/22/220000103900.html"
"geoshape-nrct-poi:220000104200","霊山寺","静岡県 沼津市 本郷町25番37号","","https://geoshape.ex.nii.ac.jp/nrct-poi/resource/22/220000104200.html"
"geoshape-nrct-poi:220000104300","御幸町遺跡","静岡県 沼津市 御幸町","","https://geoshape.ex.nii.ac.jp/nrct-poi/resource/22/220000104300.html"
"geoshape-nrct-poi:220000104400","香貫山経塚","静岡県 沼津市 上香貫","","https://geoshape.ex.nii.ac.jp/nrct-poi/resource/22/220000104400.html"
"geoshape-nrct-poi:220000104600","藤井原遺跡","静岡県 沼津市 下香貫","","https://geoshape.ex.nii.ac.jp/nrct-poi/resource/22/220000104600.html"
"geoshape-nrct-poi:220000105800","江ノ浦横穴群","静岡県 沼津市 江浦","","https://geoshape.ex.nii.ac.jp/nrct-poi/resource/22/220000105800.html"
"geoshape-nrct-poi:220000107100","長浜城跡","静岡県 沼津市 内浦長浜","","https://geoshape.ex.nii.ac.jp/nrct-poi/resource/22/220000107100.html"
"geoshape-nrct-poi:220000109800","浅間神社","静岡県 裾野市 茶畑756番地","","https://geoshape.ex.nii.ac.jp/nrct-poi/resource/22/220000109800.html"
"geoshape-nrct-poi:220000110600","定輪寺","静岡県 裾野市 桃園154番地","","https://geoshape.ex.nii.ac.jp/nrct-poi/resource/22/220000110600.html"
