{
"type": "FeatureCollection",
"name": "P05-22_32",
"crs": { "type": "name", "properties": { "name": "urn:ogc:def:crs:EPSG::6668" } },
"features": [
{ "type": "Feature", "properties": { "P05_001": "32201", "P05_002": "4", "P05_003": "秋鹿公民館", "P05_004": "松江市岡本町70" }, "geometry": { "type": "Point", "coordinates": [ 132.949349, 35.476378 ] } },
{ "type": "Feature", "properties": { "P05_001": "32201", "P05_002": "5", "P05_003": "総合体育館", "P05_004": "松江市学園南1-21-1" }, "geometry": { "type": "Point", "coordinates": [ 133.065923, 35.472493 ] } },
{ "type": "Feature", "properties": { "P05_001": "32201", "P05_002": "2", "P05_003": "玉湯支所", "P05_004": "松江市玉湯町湯町1793" }, "geometry": { "type": "Point", "coordinates": [ 133.006898, 35.431446 ] } },
{ "type": "Feature", "properties": { "P05_001": "32201", "P05_002": "4", "P05_003": "玉湯公民館", "P05_004": "松江市玉湯町湯町1796" }, "geometry": { "type": "Point", "coordinates": [ 133.006811, 35.431077 ] } },
{ "type": "Feature", "properties": { "P05_001": "32201", "P05_002": "5", "P05_003": "玉湯体育館", "P05_004": "松江市玉湯町湯町714-3" }, "geometry": { "type": "Point", "coordinates": [ 133.004362, 35.426366 ] } },
{ "type": "Feature", "properties": { "P05_001": "32201", "P05_002": "4", "P05_003": "古志原公民館", "P05_004": "松江市古志原4-6-30" }, "geometry": { "type": "Point", "coordinates": [ 133.07401, 35.440566 ] } },
{ "type": "Feature", "properties": { "P05_001": "32201", "P05_002": "4", "P05_003": "雑賀公民館", "P05_004": "松江市雑賀町677" }, "geometry": { "type": "Point", "coordinates": [ 133.061016, 35.456395 ] } },
{ "type": "Feature", "properties": { "P05_001": "32201", "P05_002": "4", "P05_003": "恵曇公民館", "P05_004": "松江市鹿島町恵曇1" }, "geometry": { "type": "Point", "coordinates": [ 132.978997, 35.525829 ] } },
{ "type": "Feature", "properties": { "P05_001": "32201", "P05_002": "5", "P05_003": "御津老人福祉センター", "P05_004": "松江市鹿島町御津478" }, "geometry": { "type": "Point", "coordinates": [ 133.027549, 35.537913 ] } },
{ "type": "Feature", "properties": { "P05_001": "32201", "P05_002": "5", "P05_003": "御津交流館", "P05_004": "松江市鹿島町御津660-4旧御津公民館" }, "geometry": { "type": "Point", "coordinates": [ 133.027966099999986, 35.53583932 ] } },
{ "type": "Feature", "properties": { "P05_001": "32201", "P05_002": "5", "P05_003": "鹿島御津地区体育館", "P05_004": "松江市鹿島町御津800" }, "geometry": { "type": "Point", "coordinates": [ 133.029198, 35.535811 ] } },
{ "type": "Feature", "properties": { "P05_001": "32201", "P05_002": "4", "P05_003": "鹿島公民館", "P05_004": "松江市鹿島町佐陀本郷640-1" }, "geometry": { "type": "Point", "coordinates": [ 132.995792599999987, 35.52212928 ] } },
{ "type": "Feature", "properties": { "P05_001": "32201", "P05_002": "2", "P05_003": "鹿島支所", "P05_004": "松江市鹿島町佐陀本郷640-1" }, "geometry": { "type": "Point", "coordinates": [ 132.995793, 35.522099 ] } },
{ "type": "Feature", "properties": { "P05_001": "32201", "P05_002": "5", "P05_003": "鹿島文化ホール", "P05_004": "松江市鹿島町佐陀本郷659" }, "geometry": { "type": "Point", "coordinates": [ 132.996551, 35.521949 ] } },
{ "type": "Feature", "properties": { "P05_001": "32201", "P05_002": "5", "P05_003": "鹿島総合体育館", "P05_004": "松江市鹿島町佐陀本郷76" }, "geometry": { "type": "Point", "coordinates": [ 132.986761, 35.527939 ] } },
{ "type": "Feature", "properties": { "P05_001": "32201", "P05_002": "4", "P05_003": "講武公民館", "P05_004": "松江市鹿島町北講武3-1" }, "geometry": { "type": "Point", "coordinates": [ 133.022745, 35.52095 ] } },
{ "type": "Feature", "properties": { "P05_001": "32201", "P05_002": "5", "P05_003": "鹿島武道館", "P05_004": "松江市鹿島町名分1539-2" }, "geometry": { "type": "Point", "coordinates": [ 133.009294, 35.518747 ] } },
{ "type": "Feature", "properties": { "P05_001": "32201", "P05_002": "5", "P05_003": "宍道体育センター", "P05_004": "松江市宍道町佐-布204-4" }, "geometry": { "type": "Point", "coordinates": [ 132.903477, 35.405966 ] } },
{ "type": "Feature", "properties": { "P05_001": "32201", "P05_002": "5", "P05_003": "宍道武道館", "P05_004": "松江市宍道町佐-布204-4" }, "geometry": { "type": "Point", "coordinates": [ 132.903392, 35.405637 ] } },
{ "type": "Feature", "properties": { "P05_001": "32201", "P05_002": "4", "P05_003": "宍道公民館", "P05_004": "松江市宍道町宍道885-3" }, "geometry": { "type": "Point", "coordinates": [ 132.903664, 35.405764 ] } },
{ "type": "Feature", "properties": { "P05_001": "32201", "P05_002": "2", "P05_003": "宍道支所", "P05_004": "松江市宍道町宍道885-3" }, "geometry": { "type": "Point", "coordinates": [ 132.907463, 35.410055 ] } },
{ "type": "Feature", "properties": { "P05_001": "32201", "P05_002": "4", "P05_003": "来待地区公民館", "P05_004": "松江市宍道町上来待212-1" }, "geometry": { "type": "Point", "coordinates": [ 132.961526, 35.402493 ] } },
{ "type": "Feature", "properties": { "P05_001": "32201", "P05_002": "2", "P05_003": "来待出張所", "P05_004": "松江市宍道町上来待213-1" }, "geometry": { "type": "Point", "coordinates": [ 132.960854, 35.402941 ] } },
{ "type": "Feature", "properties": { "P05_001": "32201", "P05_002": "4", "P05_003": "大野公民館", "P05_004": "松江市上大野町1855-1" }, "geometry": { "type": "Point", "coordinates": [ 132.920627, 35.4887 ] } },
{ "type": "Feature", "properties": { "P05_001": "32201", "P05_002": "5", "P05_003": "西菅田集会所", "P05_004": "松江市菅田町130-1" }, "geometry": { "type": "Point", "coordinates": [ 133.062587, 35.485928 ] } },
{ "type": "Feature", "properties": { "P05_001": "32201", "P05_002": "4", "P05_003": "生馬公民館", "P05_004": "松江市西生馬町8" }, "geometry": { "type": "Point", "coordinates": [ 133.025851, 35.494842 ] } },
{ "type": "Feature", "properties": { "P05_001": "32201", "P05_002": "4", "P05_003": "川津公民館", "P05_004": "松江市西川津町3405-5" }, "geometry": { "type": "Point", "coordinates": [ 133.078236, 35.481678 ] } },
{ "type": "Feature", "properties": { "P05_001": "32201", "P05_002": "5", "P05_003": "総合文化センター", "P05_004": "松江市西津田6-5-44" }, "geometry": { "type": "Point", "coordinates": [ 133.068876, 35.458416 ] } },
{ "type": "Feature", "properties": { "P05_001": "32201", "P05_002": "5", "P05_003": "プラバホール", "P05_004": "松江市西津田6-5-44" }, "geometry": { "type": "Point", "coordinates": [ 133.068866, 35.458416 ] } },
{ "type": "Feature", "properties": { "P05_001": "32201", "P05_002": "5", "P05_003": "松江海洋センター", "P05_004": "松江市西浜佐陀町1012" }, "geometry": { "type": "Point", "coordinates": [ 133.0203109, 35.4777013 ] } },
{ "type": "Feature", "properties": { "P05_001": "32201", "P05_002": "4", "P05_003": "古江公民館", "P05_004": "松江市西浜佐陀町288-1" }, "geometry": { "type": "Point", "coordinates": [ 132.998838, 35.478101 ] } },
{ "type": "Feature", "properties": { "P05_001": "32201", "P05_002": "5", "P05_003": "サンライフ松江", "P05_004": "松江市大庭町1751-14" }, "geometry": { "type": "Point", "coordinates": [ 133.061725, 35.432417 ] } },
{ "type": "Feature", "properties": { "P05_001": "32201", "P05_002": "4", "P05_003": "大庭公民館", "P05_004": "松江市大庭町805-3" }, "geometry": { "type": "Point", "coordinates": [ 133.083221, 35.431609 ] } },
{ "type": "Feature", "properties": { "P05_001": "32201", "P05_002": "4", "P05_003": "朝酌公民館", "P05_004": "松江市朝酌町92-1" }, "geometry": { "type": "Point", "coordinates": [ 133.102909, 35.464726 ] } },
{ "type": "Feature", "properties": { "P05_001": "32201", "P05_002": "5", "P05_003": "加賀老人福祉センター", "P05_004": "松江市島根町加賀1148" }, "geometry": { "type": "Point", "coordinates": [ 133.06189, 35.563349 ] } },
{ "type": "Feature", "properties": { "P05_001": "32201", "P05_002": "2", "P05_003": "島根支所", "P05_004": "松江市島根町加賀1175-1" }, "geometry": { "type": "Point", "coordinates": [ 133.062659, 35.563751 ] } },
{ "type": "Feature", "properties": { "P05_001": "32201", "P05_002": "4", "P05_003": "島根公民館", "P05_004": "松江市島根町加賀1414" }, "geometry": { "type": "Point", "coordinates": [ 133.065542, 35.564443 ] } },
{ "type": "Feature", "properties": { "P05_001": "32201", "P05_002": "5", "P05_003": "島根体育館", "P05_004": "松江市島根町加賀1455" }, "geometry": { "type": "Point", "coordinates": [ 133.063986, 35.56456 ] } },
{ "type": "Feature", "properties": { "P05_001": "32201", "P05_002": "5", "P05_003": "人と情報・文化の交流館", "P05_004": "松江市島根町加賀6120-14" }, "geometry": { "type": "Point", "coordinates": [ 133.055536600000011, 35.56453985 ] } },
{ "type": "Feature", "properties": { "P05_001": "32201", "P05_002": "5", "P05_003": "マリンプラザしまね", "P05_004": "松江市島根町加賀6120-14" }, "geometry": { "type": "Point", "coordinates": [ 133.055537, 35.56454 ] } },
{ "type": "Feature", "properties": { "P05_001": "32201", "P05_002": "5", "P05_003": "大芦老人福祉センター", "P05_004": "松江市島根町大芦2173-1" }, "geometry": { "type": "Point", "coordinates": [ 133.049427, 35.553463 ] } },
{ "type": "Feature", "properties": { "P05_001": "32201", "P05_002": "4", "P05_003": "大芦地区公民館", "P05_004": "松江市島根町大芦3054-1" }, "geometry": { "type": "Point", "coordinates": [ 133.059461, 35.549355 ] } },
{ "type": "Feature", "properties": { "P05_001": "32201", "P05_002": "4", "P05_003": "忌部公民館", "P05_004": "松江市東忌部町899" }, "geometry": { "type": "Point", "coordinates": [ 133.032382, 35.401428 ] } },
{ "type": "Feature", "properties": { "P05_001": "32201", "P05_002": "4", "P05_003": "持田公民館", "P05_004": "松江市東持田町61" }, "geometry": { "type": "Point", "coordinates": [ 133.08024, 35.498224 ] } },
{ "type": "Feature", "properties": { "P05_001": "32201", "P05_002": "4", "P05_003": "上意東公民館", "P05_004": "松江市東出雲町上意東1982" }, "geometry": { "type": "Point", "coordinates": [ 133.155409, 35.404704 ] } },
{ "type": "Feature", "properties": { "P05_001": "32201", "P05_002": "4", "P05_003": "東出雲公民館", "P05_004": "松江市東出雲町揖屋1139-2" }, "geometry": { "type": "Point", "coordinates": [ 133.1527887, 35.42957319 ] } },
{ "type": "Feature", "properties": { "P05_001": "32201", "P05_002": "2", "P05_003": "東出雲支所", "P05_004": "松江市東出雲町揖屋1142" }, "geometry": { "type": "Point", "coordinates": [ 133.1520137, 35.42975091 ] } },
{ "type": "Feature", "properties": { "P05_001": "32201", "P05_002": "5", "P05_003": "東出雲体育館", "P05_004": "松江市東出雲町揖屋1139-2" }, "geometry": { "type": "Point", "coordinates": [ 133.15223547, 35.42919907 ] } },
{ "type": "Feature", "properties": { "P05_001": "32201", "P05_002": "5", "P05_003": "東出雲上意東研修センター", "P05_004": "松江市東出雲町上意東1982-2" }, "geometry": { "type": "Point", "coordinates": [ 133.1553637, 35.40468402 ] } },
{ "type": "Feature", "properties": { "P05_001": "32201", "P05_002": "5", "P05_003": "町民会館", "P05_004": "松江市東出雲町揖屋町1139-2" }, "geometry": { "type": "Point", "coordinates": [ 133.152743, 35.429574 ] } },
{ "type": "Feature", "properties": { "P05_001": "32201", "P05_002": "4", "P05_003": "揖屋公民館", "P05_004": "松江市東出雲町揖屋町1139-2" }, "geometry": { "type": "Point", "coordinates": [ 133.152733, 35.429574 ] } },
{ "type": "Feature", "properties": { "P05_001": "32201", "P05_002": "5", "P05_003": "老人福祉センター", "P05_004": "松江市東出雲町揖屋町1177-1" }, "geometry": { "type": "Point", "coordinates": [ 133.153056, 35.427938 ] } },
{ "type": "Feature", "properties": { "P05_001": "32201", "P05_002": "3", "P05_003": "市民サービスコーナー", "P05_004": "松江市東朝日町151" }, "geometry": { "type": "Point", "coordinates": [ 133.06930501, 35.46285741 ] } },
{ "type": "Feature", "properties": { "P05_001": "32201", "P05_002": "4", "P05_003": "朝日公民館", "P05_004": "松江市東朝日町49" }, "geometry": { "type": "Point", "coordinates": [ 133.070487, 35.461869 ] } },
{ "type": "Feature", "properties": { "P05_001": "32201", "P05_002": "4", "P05_003": "津田公民館", "P05_004": "松江市東津田町1189-1" }, "geometry": { "type": "Point", "coordinates": [ 133.08182, 35.456978 ] } },
{ "type": "Feature", "properties": { "P05_001": "32201", "P05_002": "4", "P05_003": "城西公民館", "P05_004": "松江市堂形町614" }, "geometry": { "type": "Point", "coordinates": [ 133.040143, 35.46684 ] } },
{ "type": "Feature", "properties": { "P05_001": "32201", "P05_002": "4", "P05_003": "白潟公民館", "P05_004": "松江市灘町1-57" }, "geometry": { "type": "Point", "coordinates": [ 133.054966, 35.462835 ] } },
{ "type": "Feature", "properties": { "P05_001": "32201", "P05_002": "5", "P05_003": "市民活動センター", "P05_004": "松江市白潟本町43" }, "geometry": { "type": "Point", "coordinates": [ 133.056164, 35.465136 ] } },
{ "type": "Feature", "properties": { "P05_001": "32201", "P05_002": "4", "P05_003": "八雲公民館熊野分館", "P05_004": "松江市八雲町熊野799" }, "geometry": { "type": "Point", "coordinates": [ 133.071213, 35.372541 ] } },
{ "type": "Feature", "properties": { "P05_001": "32201", "P05_002": "2", "P05_003": "八雲支所", "P05_004": "松江市八雲町西岩坂355-1" }, "geometry": { "type": "Point", "coordinates": [ 133.091131, 35.405506 ] } },
{ "type": "Feature", "properties": { "P05_001": "32201", "P05_002": "4", "P05_003": "八雲公民館", "P05_004": "松江市八雲町西岩坂355-1" }, "geometry": { "type": "Point", "coordinates": [ 133.091131, 35.405476 ] } },
{ "type": "Feature", "properties": { "P05_001": "32201", "P05_002": "5", "P05_003": "八雲社会福祉センター", "P05_004": "松江市八雲町西岩坂355-1" }, "geometry": { "type": "Point", "coordinates": [ 133.091141, 35.405496 ] } },
{ "type": "Feature", "properties": { "P05_001": "32201", "P05_002": "5", "P05_003": "アルバホール", "P05_004": "松江市八雲町西岩坂355-1" }, "geometry": { "type": "Point", "coordinates": [ 133.091131, 35.405496 ] } },
{ "type": "Feature", "properties": { "P05_001": "32201", "P05_002": "5", "P05_003": "八雲構造改善センター", "P05_004": "松江市八雲町西岩坂3856-1" }, "geometry": { "type": "Point", "coordinates": [ 133.098458, 35.40355091 ] } },
{ "type": "Feature", "properties": { "P05_001": "32201", "P05_002": "5", "P05_003": "日吉ふれあい会館", "P05_004": "松江市八雲町日吉151-2" }, "geometry": { "type": "Point", "coordinates": [ 133.096686, 35.419544 ] } },
{ "type": "Feature", "properties": { "P05_001": "32201", "P05_002": "5", "P05_003": "八雲かやぶき交流館", "P05_004": "松江市八雲町平原261" }, "geometry": { "type": "Point", "coordinates": [ 133.066029, 35.400482 ] } },
{ "type": "Feature", "properties": { "P05_001": "32201", "P05_002": "4", "P05_003": "八雲公民館平原分館", "P05_004": "松江市八雲町平原752-3" }, "geometry": { "type": "Point", "coordinates": [ 133.061752, 35.39716 ] } },
{ "type": "Feature", "properties": { "P05_001": "32201", "P05_002": "2", "P05_003": "八束支所", "P05_004": "松江市八束町波入2060" }, "geometry": { "type": "Point", "coordinates": [ 133.172444, 35.494926 ] } },
{ "type": "Feature", "properties": { "P05_001": "32201", "P05_002": "5", "P05_003": "八束町江島区民会館", "P05_004": "松江市八束町江島102-6" }, "geometry": { "type": "Point", "coordinates": [ 133.1935315, 35.50895754 ] } },
{ "type": "Feature", "properties": { "P05_001": "32201", "P05_002": "4", "P05_003": "八束公民館", "P05_004": "松江市八束町波入2060" }, "geometry": { "type": "Point", "coordinates": [ 133.1724678, 35.49495318 ] } },
{ "type": "Feature", "properties": { "P05_001": "32201", "P05_002": "5", "P05_003": "八束会館", "P05_004": "松江市八束町波入2060" }, "geometry": { "type": "Point", "coordinates": [ 133.172434, 35.494926 ] } },
{ "type": "Feature", "properties": { "P05_001": "32201", "P05_002": "5", "P05_003": "八束体育館", "P05_004": "松江市八束町波入2096" }, "geometry": { "type": "Point", "coordinates": [ 133.172355, 35.495678 ] } },
{ "type": "Feature", "properties": { "P05_001": "32201", "P05_002": "4", "P05_003": "竹矢公民館", "P05_004": "松江市八幡町279-1" }, "geometry": { "type": "Point", "coordinates": [ 133.11789, 35.440931 ] } },
{ "type": "Feature", "properties": { "P05_001": "32201", "P05_002": "4", "P05_003": "法吉公民館", "P05_004": "松江市比津町308-4" }, "geometry": { "type": "Point", "coordinates": [ 133.034967, 35.486207 ] } },
{ "type": "Feature", "properties": { "P05_001": "32201", "P05_002": "4", "P05_003": "福浦地区公民館雲津分館", "P05_004": "松江市美保関町雲津124-1" }, "geometry": { "type": "Point", "coordinates": [ 133.280115, 35.571418 ] } },
{ "type": "Feature", "properties": { "P05_001": "32201", "P05_002": "4", "P05_003": "森山地区公民館下宇部尾分館", "P05_004": "松江市美保関町下宇部尾348-1" }, "geometry": { "type": "Point", "coordinates": [ 133.18112, 35.537371 ] } },
{ "type": "Feature", "properties": { "P05_001": "32201", "P05_002": "4", "P05_003": "美保関公民館", "P05_004": "松江市美保関町下宇部尾556-1" }, "geometry": { "type": "Point", "coordinates": [ 133.164761, 35.534748 ] } },
{ "type": "Feature", "properties": { "P05_001": "32201", "P05_002": "5", "P05_003": "美保関体育館", "P05_004": "松江市美保関町下宇部尾556-1" }, "geometry": { "type": "Point", "coordinates": [ 133.165282, 35.535072 ] } },
{ "type": "Feature", "properties": { "P05_001": "32201", "P05_002": "4", "P05_003": "森山地区公民館万原分館", "P05_004": "松江市美保関町下宇部尾601" }, "geometry": { "type": "Point", "coordinates": [ 133.164149, 35.53893 ] } },
{ "type": "Feature", "properties": { "P05_001": "32201", "P05_002": "2", "P05_003": "美保関支所", "P05_004": "松江市美保関町下宇部尾61-2" }, "geometry": { "type": "Point", "coordinates": [ 133.184241, 35.532741 ] } },
{ "type": "Feature", "properties": { "P05_001": "32201", "P05_002": "4", "P05_003": "千酌地区公民館笠浦分館", "P05_004": "松江市美保関町笠浦821" }, "geometry": { "type": "Point", "coordinates": [ 133.130525, 35.575688 ] } },
{ "type": "Feature", "properties": { "P05_001": "32201", "P05_002": "4", "P05_003": "七類地区公民館", "P05_004": "松江市美保関町七類1315-2" }, "geometry": { "type": "Point", "coordinates": [ 133.223411, 35.571711 ] } },
{ "type": "Feature", "properties": { "P05_001": "32201", "P05_002": "4", "P05_003": "七類地区公民館惣津分館", "P05_004": "松江市美保関町七類65-31" }, "geometry": { "type": "Point", "coordinates": [ 133.214997, 35.56965 ] } },
{ "type": "Feature", "properties": { "P05_001": "32201", "P05_002": "4", "P05_003": "福浦地区公民館諸喰分館", "P05_004": "松江市美保関町諸喰646-12" }, "geometry": { "type": "Point", "coordinates": [ 133.264811, 35.571979 ] } },
{ "type": "Feature", "properties": { "P05_001": "32201", "P05_002": "4", "P05_003": "福浦地区公民館法田分館", "P05_004": "松江市美保関町諸喰78" }, "geometry": { "type": "Point", "coordinates": [ 133.24772, 35.570556 ] } },
{ "type": "Feature", "properties": { "P05_001": "32201", "P05_002": "4", "P05_003": "森山地区公民館", "P05_004": "松江市美保関町森山346" }, "geometry": { "type": "Point", "coordinates": [ 133.206822, 35.541441 ] } },
{ "type": "Feature", "properties": { "P05_001": "32201", "P05_002": "4", "P05_003": "森山地区公民館宇井分館", "P05_004": "松江市美保関町森山724" }, "geometry": { "type": "Point", "coordinates": [ 133.231738, 35.551007 ] } },
{ "type": "Feature", "properties": { "P05_001": "32201", "P05_002": "4", "P05_003": "片江地区公民館菅浦分館", "P05_004": "松江市美保関町菅浦1033-2" }, "geometry": { "type": "Point", "coordinates": [ 133.172425, 35.562393 ] } },
{ "type": "Feature", "properties": { "P05_001": "32201", "P05_002": "4", "P05_003": "千酌地区公民館", "P05_004": "松江市美保関町千酌471-1" }, "geometry": { "type": "Point", "coordinates": [ 133.138095, 35.560953 ] } },
{ "type": "Feature", "properties": { "P05_001": "32201", "P05_002": "4", "P05_003": "美保関地区公民館才浦分館", "P05_004": "松江市美保関町美保関156-1" }, "geometry": { "type": "Point", "coordinates": [ 133.304077, 35.568443 ] } },
{ "type": "Feature", "properties": { "P05_001": "32201", "P05_002": "4", "P05_003": "美保関地区公民館", "P05_004": "松江市美保関町美保関661" }, "geometry": { "type": "Point", "coordinates": [ 133.308216, 35.561276 ] } },
{ "type": "Feature", "properties": { "P05_001": "32201", "P05_002": "4", "P05_003": "美保関地区公民館軽尾分館", "P05_004": "松江市美保関町美保関77-1" }, "geometry": { "type": "Point", "coordinates": [ 133.297857, 35.56967 ] } },
{ "type": "Feature", "properties": { "P05_001": "32201", "P05_002": "4", "P05_003": "美保関地区公民館海崎分館", "P05_004": "松江市美保関町美保関777-3" }, "geometry": { "type": "Point", "coordinates": [ 133.298354, 35.558859 ] } },
{ "type": "Feature", "properties": { "P05_001": "32201", "P05_002": "4", "P05_003": "福浦地区公民館長浜分館", "P05_004": "松江市美保関町福浦1-3" }, "geometry": { "type": "Point", "coordinates": [ 133.280953, 35.557242 ] } },
{ "type": "Feature", "properties": { "P05_001": "32201", "P05_002": "4", "P05_003": "福浦地区公民館", "P05_004": "松江市美保関町福浦1515-1" }, "geometry": { "type": "Point", "coordinates": [ 133.25301, 35.554223 ] } },
{ "type": "Feature", "properties": { "P05_001": "32201", "P05_002": "4", "P05_003": "片江地区公民館笹子分館", "P05_004": "松江市美保関町片江1687" }, "geometry": { "type": "Point", "coordinates": [ 133.205797, 35.567351 ] } },
{ "type": "Feature", "properties": { "P05_001": "32201", "P05_002": "5", "P05_003": "美保関西ふれあいプラザ", "P05_004": "松江市美保関町片江2268-8" }, "geometry": { "type": "Point", "coordinates": [ 133.184427, 35.559285 ] } },
{ "type": "Feature", "properties": { "P05_001": "32201", "P05_002": "4", "P05_003": "片江地区公民館", "P05_004": "松江市美保関町片江431-2" }, "geometry": { "type": "Point", "coordinates": [ 133.187882, 35.562016 ] } },
{ "type": "Feature", "properties": { "P05_001": "32201", "P05_002": "4", "P05_003": "千酌地区公民館北浦分館", "P05_004": "松江市美保関町北浦317" }, "geometry": { "type": "Point", "coordinates": [ 133.155549, 35.560234 ] } },
{ "type": "Feature", "properties": { "P05_001": "32201", "P05_002": "4", "P05_003": "千酌地区公民館稲積分館", "P05_004": "松江市美保関町北浦970-1" }, "geometry": { "type": "Point", "coordinates": [ 133.160195, 35.562848 ] } },
{ "type": "Feature", "properties": { "P05_001": "32201", "P05_002": "4", "P05_003": "乃木公民館", "P05_004": "松江市浜乃木5-1-5" }, "geometry": { "type": "Point", "coordinates": [ 133.055042, 35.445776 ] } },
{ "type": "Feature", "properties": { "P05_001": "32201", "P05_002": "5", "P05_003": "馬潟体育館", "P05_004": "松江市富士見町1-58" }, "geometry": { "type": "Point", "coordinates": [ 133.133439, 35.450168 ] } },
{ "type": "Feature", "properties": { "P05_001": "32201", "P05_002": "4", "P05_003": "城東公民館", "P05_004": "松江市北田町273" }, "geometry": { "type": "Point", "coordinates": [ 133.065173, 35.477015 ] } },
{ "type": "Feature", "properties": { "P05_001": "32201", "P05_002": "4", "P05_003": "城北公民館", "P05_004": "松江市北堀町43" }, "geometry": { "type": "Point", "coordinates": [ 133.054994, 35.478317 ] } },
{ "type": "Feature", "properties": { "P05_001": "32201", "P05_002": "4", "P05_003": "本庄公民館", "P05_004": "松江市本庄町463-3" }, "geometry": { "type": "Point", "coordinates": [ 133.128496, 35.511386 ] } },
{ "type": "Feature", "properties": { "P05_001": "32201", "P05_002": "1", "P05_003": "松江市役所", "P05_004": "松江市末次町86" }, "geometry": { "type": "Point", "coordinates": [ 133.048527, 35.468039 ] } },
{ "type": "Feature", "properties": { "P05_001": "32201", "P05_002": "5", "P05_003": "矢田体育館", "P05_004": "松江市矢田町250-18" }, "geometry": { "type": "Point", "coordinates": [ 133.096116, 35.443483 ] } },
{ "type": "Feature", "properties": { "P05_001": "32202", "P05_002": "5", "P05_003": "おばせの浜会館", "P05_004": "浜田市瀬戸ケ島町2町内" }, "geometry": { "type": "Point", "coordinates": [ 132.060633658877009, 34.901568740756801 ] } },
{ "type": "Feature", "properties": { "P05_001": "32202", "P05_002": "5", "P05_003": "丸原センター", "P05_004": "浜田市旭町丸原910-1" }, "geometry": { "type": "Point", "coordinates": [ 132.250548, 34.872956 ] } },
{ "type": "Feature", "properties": { "P05_001": "32202", "P05_002": "5", "P05_003": "かたらいの家", "P05_004": "浜田市金城町上来原456-3" }, "geometry": { "type": "Point", "coordinates": [ 132.1654361, 34.83830342 ] } },
{ "type": "Feature", "properties": { "P05_001": "32202", "P05_002": "5", "P05_003": "くざ会館", "P05_004": "浜田市金城町久佐イ575-7" }, "geometry": { "type": "Point", "coordinates": [ 132.208043, 34.860026 ] } },
{ "type": "Feature", "properties": { "P05_001": "32202", "P05_002": "5", "P05_003": "くざ会館体育館", "P05_004": "浜田市金城町久佐イ560-4" }, "geometry": { "type": "Point", "coordinates": [ 132.207559300000014, 34.85955446 ] } },
{ "type": "Feature", "properties": { "P05_001": "32202", "P05_002": "4", "P05_003": "今市公民館", "P05_004": "浜田市旭町今市641-1" }, "geometry": { "type": "Point", "coordinates": [ 132.2591777, 34.8590692 ] } },
{ "type": "Feature", "properties": { "P05_001": "32202", "P05_002": "5", "P05_003": "しろつの生活センター", "P05_004": "浜田市旭町木田1073-1" }, "geometry": { "type": "Point", "coordinates": [ 132.263962099999986, 34.88871869 ] } },
{ "type": "Feature", "properties": { "P05_001": "32202", "P05_002": "5", "P05_003": "ときわ会館", "P05_004": "浜田市金城町波佐イ441-1" }, "geometry": { "type": "Point", "coordinates": [ 132.197831800000017, 34.7777354 ] } },
{ "type": "Feature", "properties": { "P05_001": "32202", "P05_002": "5", "P05_003": "ふれあい会館", "P05_004": "浜田市金城町今福105-2" }, "geometry": { "type": "Point", "coordinates": [ 132.1941098, 34.87901696 ] } },
{ "type": "Feature", "properties": { "P05_001": "32202", "P05_002": "5", "P05_003": "坂本構造改善センター", "P05_004": "浜田市旭町坂本イ7-1" }, "geometry": { "type": "Point", "coordinates": [ 132.269177, 34.82714 ] } },
{ "type": "Feature", "properties": { "P05_001": "32202", "P05_002": "5", "P05_003": "山ノ内農作業管理休養施設旭豊２号館", "P05_004": "浜田市旭町山ノ内2363" }, "geometry": { "type": "Point", "coordinates": [ 132.284845, 34.893175 ] } },
{ "type": "Feature", "properties": { "P05_001": "32202", "P05_002": "5", "P05_003": "山ノ内生活改善センター", "P05_004": "浜田市旭町山ノ内755" }, "geometry": { "type": "Point", "coordinates": [ 132.28842, 34.894609 ] } },
{ "type": "Feature", "properties": { "P05_001": "32202", "P05_002": "5", "P05_003": "山ノ内農作業管理休養施設旭豊館", "P05_004": "浜田市旭町山ノ内917" }, "geometry": { "type": "Point", "coordinates": [ 132.288956, 34.89263 ] } },
{ "type": "Feature", "properties": { "P05_001": "32202", "P05_002": "5", "P05_003": "マリン交流センター", "P05_004": "浜田市熱田町1441-18" }, "geometry": { "type": "Point", "coordinates": [ 132.051074, 34.869551 ] } },
{ "type": "Feature", "properties": { "P05_001": "32202", "P05_002": "5", "P05_003": "みどりかいかん", "P05_004": "浜田市金城町下来原171" }, "geometry": { "type": "Point", "coordinates": [ 132.159950356989015, 34.859818871064903 ] } },
{ "type": "Feature", "properties": { "P05_001": "32202", "P05_002": "4", "P05_003": "市木公民館", "P05_004": "浜田市旭町市木2919-2" }, "geometry": { "type": "Point", "coordinates": [ 132.364365, 34.839326 ] } },
{ "type": "Feature", "properties": { "P05_001": "32202", "P05_002": "5", "P05_003": "みのり会館", "P05_004": "浜田市三隅町井野ヘ1198-1" }, "geometry": { "type": "Point", "coordinates": [ 132.0089848, 34.78705688 ] } },
{ "type": "Feature", "properties": { "P05_001": "32202", "P05_002": "5", "P05_003": "旭公園市民体育館", "P05_004": "浜田市旭町今市651-2" }, "geometry": { "type": "Point", "coordinates": [ 132.256858603757991, 34.859449299195902 ] } },
{ "type": "Feature", "properties": { "P05_001": "32202", "P05_002": "5", "P05_003": "多目的研修集会施設越木集会所", "P05_004": "浜田市旭町市木3844-1" }, "geometry": { "type": "Point", "coordinates": [ 132.353536, 34.843893 ] } },
{ "type": "Feature", "properties": { "P05_001": "32202", "P05_002": "2", "P05_003": "旭支所", "P05_004": "浜田市旭町今市637" }, "geometry": { "type": "Point", "coordinates": [ 132.25947450000001, 34.8588712 ] } },
{ "type": "Feature", "properties": { "P05_001": "32202", "P05_002": "5", "P05_003": "重富生活改善センター", "P05_004": "浜田市旭町重富235-1" }, "geometry": { "type": "Point", "coordinates": [ 132.303513, 34.861453 ] } },
{ "type": "Feature", "properties": { "P05_001": "32202", "P05_002": "5", "P05_003": "西都川集会所", "P05_004": "浜田市旭町都川1079-4" }, "geometry": { "type": "Point", "coordinates": [ 132.300377, 34.826793 ] } },
{ "type": "Feature", "properties": { "P05_001": "32202", "P05_002": "5", "P05_003": "旭図書館", "P05_004": "浜田市旭町今市633-1" }, "geometry": { "type": "Point", "coordinates": [ 132.2595627, 34.85947477 ] } },
{ "type": "Feature", "properties": { "P05_001": "32202", "P05_002": "5", "P05_003": "東都川集会所", "P05_004": "浜田市旭町都川653-1" }, "geometry": { "type": "Point", "coordinates": [ 132.321103, 34.838156 ] } },
{ "type": "Feature", "properties": { "P05_001": "32202", "P05_002": "4", "P05_003": "都川公民館", "P05_004": "浜田市旭町都川889" }, "geometry": { "type": "Point", "coordinates": [ 132.310891, 34.835908 ] } },
{ "type": "Feature", "properties": { "P05_001": "32202", "P05_002": "5", "P05_003": "旭保健センター", "P05_004": "浜田市旭町今市641-1" }, "geometry": { "type": "Point", "coordinates": [ 132.2591677, 34.8590692 ] } },
{ "type": "Feature", "properties": { "P05_001": "32202", "P05_002": "5", "P05_003": "芦谷集会所", "P05_004": "浜田市三隅町芦谷725" }, "geometry": { "type": "Point", "coordinates": [ 131.9926054, 34.78364521 ] } },
{ "type": "Feature", "properties": { "P05_001": "32202", "P05_002": "5", "P05_003": "井川集会所", "P05_004": "浜田市三隅町下古和1485" }, "geometry": { "type": "Point", "coordinates": [ 131.983921497593997, 34.735601883914697 ] } },
{ "type": "Feature", "properties": { "P05_001": "32202", "P05_002": "5", "P05_003": "戸川生活改善センター", "P05_004": "浜田市旭町本郷1213-1" }, "geometry": { "type": "Point", "coordinates": [ 132.327799, 34.871523 ] } },
{ "type": "Feature", "properties": { "P05_001": "32202", "P05_002": "5", "P05_003": "井野地区多目的研修集会施設", "P05_004": "浜田市三隅町井野へ1198-1" }, "geometry": { "type": "Point", "coordinates": [ 132.0089848, 34.78703688 ] } },
{ "type": "Feature", "properties": { "P05_001": "32202", "P05_002": "5", "P05_003": "本郷生活改善センター", "P05_004": "浜田市旭町本郷801" }, "geometry": { "type": "Point", "coordinates": [ 132.309009, 34.866478 ] } },
{ "type": "Feature", "properties": { "P05_001": "32202", "P05_002": "5", "P05_003": "井野町集会所", "P05_004": "浜田市井野町羽原町内" }, "geometry": { "type": "Point", "coordinates": [ 132.0568369, 34.81460737 ] } },
{ "type": "Feature", "properties": { "P05_001": "32202", "P05_002": "4", "P05_003": "木田公民館", "P05_004": "浜田市旭町木田219-13" }, "geometry": { "type": "Point", "coordinates": [ 132.284125, 34.887449 ] } },
{ "type": "Feature", "properties": { "P05_001": "32202", "P05_002": "4", "P05_003": "一の瀬公民館", "P05_004": "浜田市内村町1927" }, "geometry": { "type": "Point", "coordinates": [ 132.053931260583994, 34.8392598864421 ] } },
{ "type": "Feature", "properties": { "P05_001": "32202", "P05_002": "5", "P05_003": "稲代集会所", "P05_004": "浜田市弥栄町稲代18-1" }, "geometry": { "type": "Point", "coordinates": [ 132.0932459, 34.77747812 ] } },
{ "type": "Feature", "properties": { "P05_001": "32202", "P05_002": "5", "P05_003": "木田生活改善センター", "P05_004": "浜田市旭町木田219-2" }, "geometry": { "type": "Point", "coordinates": [ 132.283741, 34.887736 ] } },
{ "type": "Feature", "properties": { "P05_001": "32202", "P05_002": "5", "P05_003": "来尾集会所", "P05_004": "浜田市旭町来尾564-4" }, "geometry": { "type": "Point", "coordinates": [ 132.344122, 34.8231 ] } },
{ "type": "Feature", "properties": { "P05_001": "32202", "P05_002": "4", "P05_003": "和田公民館", "P05_004": "浜田市旭町和田1284" }, "geometry": { "type": "Point", "coordinates": [ 132.296467, 34.862278 ] } },
{ "type": "Feature", "properties": { "P05_001": "32202", "P05_002": "5", "P05_003": "和田生活改善センター", "P05_004": "浜田市旭町和田444" }, "geometry": { "type": "Point", "coordinates": [ 132.28317, 34.856676 ] } },
{ "type": "Feature", "properties": { "P05_001": "32202", "P05_002": "5", "P05_003": "宇野東児童館", "P05_004": "浜田市宇野町東町内会" }, "geometry": { "type": "Point", "coordinates": [ 132.1548817, 34.92346058 ] } },
{ "type": "Feature", "properties": { "P05_001": "32202", "P05_002": "5", "P05_003": "宇野東生活改善センター", "P05_004": "浜田市宇野町東町内会" }, "geometry": { "type": "Point", "coordinates": [ 132.1548917, 34.92345058 ] } },
{ "type": "Feature", "properties": { "P05_001": "32202", "P05_002": "5", "P05_003": "駅前集会所", "P05_004": "浜田市三隅町西河内481" }, "geometry": { "type": "Point", "coordinates": [ 131.957105, 34.79571291 ] } },
{ "type": "Feature", "properties": { "P05_001": "32202", "P05_002": "5", "P05_003": "越木集会所", "P05_004": "浜田市旭町市木3844-1" }, "geometry": { "type": "Point", "coordinates": [ 132.3538729, 34.84295019 ] } },
{ "type": "Feature", "properties": { "P05_001": "32202", "P05_002": "5", "P05_003": "岡見漁業振興会館", "P05_004": "浜田市三隅町岡見6270-1外" }, "geometry": { "type": "Point", "coordinates": [ 131.9149281, 34.77463364 ] } },
{ "type": "Feature", "properties": { "P05_001": "32202", "P05_002": "5", "P05_003": "岡見郷集会所", "P05_004": "浜田市三隅町岡見164-2" }, "geometry": { "type": "Point", "coordinates": [ 131.928131219872, 34.768601377172402 ] } },
{ "type": "Feature", "properties": { "P05_001": "32202", "P05_002": "5", "P05_003": "下芦谷集会所", "P05_004": "浜田市三隅町芦谷725" }, "geometry": { "type": "Point", "coordinates": [ 131.992855270301988, 34.783596233827801 ] } },
{ "type": "Feature", "properties": { "P05_001": "32202", "P05_002": "5", "P05_003": "下河内集会所", "P05_004": "浜田市三隅町河内267-2" }, "geometry": { "type": "Point", "coordinates": [ 131.973379772990995, 34.762669903488302 ] } },
{ "type": "Feature", "properties": { "P05_001": "32202", "P05_002": "5", "P05_003": "下古市集会所", "P05_004": "浜田市三隅町古市場1006-3" }, "geometry": { "type": "Point", "coordinates": [ 131.9373733, 34.78543034 ] } },
{ "type": "Feature", "properties": { "P05_001": "32202", "P05_002": "5", "P05_003": "下古和集会所", "P05_004": "浜田市三隅町下古和1525-1" }, "geometry": { "type": "Point", "coordinates": [ 131.993581999815007, 34.739416685393202 ] } },
{ "type": "Feature", "properties": { "P05_001": "32202", "P05_002": "5", "P05_003": "下室谷集会所", "P05_004": "浜田市三隅町室谷1216" }, "geometry": { "type": "Point", "coordinates": [ 132.017069600000013, 34.81295951 ] } },
{ "type": "Feature", "properties": { "P05_001": "32202", "P05_002": "4", "P05_003": "下府公民館", "P05_004": "浜田市下府町935" }, "geometry": { "type": "Point", "coordinates": [ 132.110476, 34.930126 ] } },
{ "type": "Feature", "properties": { "P05_001": "32202", "P05_002": "5", "P05_003": "下府集会所", "P05_004": "浜田市下府町8町内" }, "geometry": { "type": "Point", "coordinates": [ 132.10856290000001, 34.9320379 ] } },
{ "type": "Feature", "properties": { "P05_001": "32202", "P05_002": "5", "P05_003": "河内集会所", "P05_004": "浜田市三隅町河内1064" }, "geometry": { "type": "Point", "coordinates": [ 131.9888839, 34.75836434 ] } },
{ "type": "Feature", "properties": { "P05_001": "32202", "P05_002": "4", "P05_003": "雲城公民館", "P05_004": "浜田市金城町下来原171" }, "geometry": { "type": "Point", "coordinates": [ 132.159911, 34.859724 ] } },
{ "type": "Feature", "properties": { "P05_001": "32202", "P05_002": "5", "P05_003": "河内町集会所", "P05_004": "浜田市河内町河内町内" }, "geometry": { "type": "Point", "coordinates": [ 132.1125501, 34.88642887 ] } },
{ "type": "Feature", "properties": { "P05_001": "32202", "P05_002": "5", "P05_003": "海石集会所", "P05_004": "浜田市三隅町三隅334-4" }, "geometry": { "type": "Point", "coordinates": [ 131.9594381, 34.79279104 ] } },
{ "type": "Feature", "properties": { "P05_001": "32202", "P05_002": "5", "P05_003": "笠柄町集会所", "P05_004": "浜田市笠柄町3町内" }, "geometry": { "type": "Point", "coordinates": [ 132.0625158, 34.87984506 ] } },
{ "type": "Feature", "properties": { "P05_001": "32202", "P05_002": "5", "P05_003": "岩畳生活改善センター", "P05_004": "浜田市旭町都川475-3" }, "geometry": { "type": "Point", "coordinates": [ 132.339071, 34.852969 ] } },
{ "type": "Feature", "properties": { "P05_001": "32202", "P05_002": "5", "P05_003": "貴船集会所", "P05_004": "浜田市内田町522" }, "geometry": { "type": "Point", "coordinates": [ 132.0564975, 34.85974158 ] } },
{ "type": "Feature", "properties": { "P05_001": "32202", "P05_002": "5", "P05_003": "吉浦集会所", "P05_004": "浜田市三隅町折居245-2" }, "geometry": { "type": "Point", "coordinates": [ 131.975130609133004, 34.819463494568701 ] } },
{ "type": "Feature", "properties": { "P05_001": "32202", "P05_002": "4", "P05_003": "久代公民館", "P05_004": "浜田市久代町653" }, "geometry": { "type": "Point", "coordinates": [ 132.138392939885989, 34.952312504748903 ] } },
{ "type": "Feature", "properties": { "P05_001": "32202", "P05_002": "5", "P05_003": "宮ケ迫集会所", "P05_004": "浜田市三隅町岡見2961-2" }, "geometry": { "type": "Point", "coordinates": [ 131.923838309194991, 34.761900322821901 ] } },
{ "type": "Feature", "properties": { "P05_001": "32202", "P05_002": "4", "P05_003": "牛谷公民館", "P05_004": "浜田市内村町239-6" }, "geometry": { "type": "Point", "coordinates": [ 132.047408308565991, 34.852541008104403 ] } },
{ "type": "Feature", "properties": { "P05_001": "32202", "P05_002": "4", "P05_003": "久佐公民館", "P05_004": "浜田市金城町久佐イ575-7" }, "geometry": { "type": "Point", "coordinates": [ 132.208033, 34.860026 ] } },
{ "type": "Feature", "properties": { "P05_001": "32202", "P05_002": "2", "P05_003": "金城支所", "P05_004": "浜田市金城町下来原171" }, "geometry": { "type": "Point", "coordinates": [ 132.159892511457002, 34.859601633279198 ] } },
{ "type": "Feature", "properties": { "P05_001": "32202", "P05_002": "5", "P05_003": "金城図書館", "P05_004": "浜田市金城町下来原171" }, "geometry": { "type": "Point", "coordinates": [ 132.1597088, 34.85967115 ] } },
{ "type": "Feature", "properties": { "P05_001": "32202", "P05_002": "4", "P05_003": "森の公民館", "P05_004": "浜田市金城町久佐ハ295-13" }, "geometry": { "type": "Point", "coordinates": [ 132.193494, 34.875517 ] } },
{ "type": "Feature", "properties": { "P05_001": "32202", "P05_002": "5", "P05_003": "金城総合体育館ふれあいジムかなぎ", "P05_004": "浜田市金城町七条イ982" }, "geometry": { "type": "Point", "coordinates": [ 132.1664078, 34.8646929 ] } },
{ "type": "Feature", "properties": { "P05_001": "32202", "P05_002": "4", "P05_003": "今福公民館", "P05_004": "浜田市金城町今福105-2" }, "geometry": { "type": "Point", "coordinates": [ 132.1940974, 34.8789801 ] } },
{ "type": "Feature", "properties": { "P05_001": "32202", "P05_002": "5", "P05_003": "熊の山集会所", "P05_004": "浜田市弥栄町木都賀" }, "geometry": { "type": "Point", "coordinates": [ 132.0731753, 34.76620177 ] } },
{ "type": "Feature", "properties": { "P05_001": "32202", "P05_002": "5", "P05_003": "健康増進センター", "P05_004": "浜田市松原町277-6" }, "geometry": { "type": "Point", "coordinates": [ 132.0787555, 34.9029849 ] } },
{ "type": "Feature", "properties": { "P05_001": "32202", "P05_002": "4", "P05_003": "原井１町内公民館", "P05_004": "浜田市原井町1町内" }, "geometry": { "type": "Point", "coordinates": [ 132.067222929925009, 34.8899466687065 ] } },
{ "type": "Feature", "properties": { "P05_001": "32202", "P05_002": "4", "P05_003": "小国公民館", "P05_004": "浜田市金城町小国イ160-1" }, "geometry": { "type": "Point", "coordinates": [ 132.1986748, 34.8164234 ] } },
{ "type": "Feature", "properties": { "P05_001": "32202", "P05_002": "4", "P05_003": "原井町公民館", "P05_004": "浜田市原井町3-2町内" }, "geometry": { "type": "Point", "coordinates": [ 132.0667708, 34.8895331 ] } },
{ "type": "Feature", "properties": { "P05_001": "32202", "P05_002": "5", "P05_003": "古湊自治会館", "P05_004": "浜田市三隅町古市場1145-9" }, "geometry": { "type": "Point", "coordinates": [ 131.9347818, 34.78803001 ] } },
{ "type": "Feature", "properties": { "P05_001": "32202", "P05_002": "4", "P05_003": "後野１町内公民館", "P05_004": "浜田市後野町1町内" }, "geometry": { "type": "Point", "coordinates": [ 132.146361940244986, 34.882033659581602 ] } },
{ "type": "Feature", "properties": { "P05_001": "32202", "P05_002": "5", "P05_003": "後野２町内集会所", "P05_004": "浜田市後野町2町内" }, "geometry": { "type": "Point", "coordinates": [ 132.152595369310006, 34.892341833283503 ] } },
{ "type": "Feature", "properties": { "P05_001": "32202", "P05_002": "4", "P05_003": "美又公民館", "P05_004": "浜田市金城町追原176" }, "geometry": { "type": "Point", "coordinates": [ 132.2296455, 34.9037921 ] } },
{ "type": "Feature", "properties": { "P05_001": "32202", "P05_002": "4", "P05_003": "後野６町内公民館", "P05_004": "浜田市後野町6町内" }, "geometry": { "type": "Point", "coordinates": [ 132.12720973962999, 34.903289209386401 ] } },
{ "type": "Feature", "properties": { "P05_001": "32202", "P05_002": "5", "P05_003": "後野四町内生活改善センター", "P05_004": "浜田市佐野町内" }, "geometry": { "type": "Point", "coordinates": [ 132.137183852773006, 34.894524738124701 ] } },
{ "type": "Feature", "properties": { "P05_001": "32202", "P05_002": "5", "P05_003": "交流センター門田", "P05_004": "浜田市弥栄町門田589-1" }, "geometry": { "type": "Point", "coordinates": [ 132.128718099999986, 34.78391367 ] } },
{ "type": "Feature", "properties": { "P05_001": "32202", "P05_002": "4", "P05_003": "波佐公民館", "P05_004": "浜田市金城町波佐イ441-1" }, "geometry": { "type": "Point", "coordinates": [ 132.197821800000014, 34.7777354 ] } },
{ "type": "Feature", "properties": { "P05_001": "32202", "P05_002": "5", "P05_003": "荒相集会所", "P05_004": "浜田市上府町荒相ロ596" }, "geometry": { "type": "Point", "coordinates": [ 132.1491624, 34.94172645 ] } },
{ "type": "Feature", "properties": { "P05_001": "32202", "P05_002": "4", "P05_003": "高野公民館", "P05_004": "浜田市長浜町131-1" }, "geometry": { "type": "Point", "coordinates": [ 132.047174400000017, 34.8708343 ] } },
{ "type": "Feature", "properties": { "P05_001": "32202", "P05_002": "5", "P05_003": "高齢者生活福祉センター", "P05_004": "浜田市金城町下来原1541-20" }, "geometry": { "type": "Point", "coordinates": [ 132.1605726, 34.86060443 ] } },
{ "type": "Feature", "properties": { "P05_001": "32202", "P05_002": "5", "P05_003": "サンマリン浜田体育館", "P05_004": "浜田市原井町3050-9" }, "geometry": { "type": "Point", "coordinates": [ 132.061766, 34.885584 ] } },
{ "type": "Feature", "properties": { "P05_001": "32202", "P05_002": "4", "P05_003": "国府公民館宇野分館", "P05_004": "浜田市宇野町281-3" }, "geometry": { "type": "Point", "coordinates": [ 132.15364, 34.923307 ] } },
{ "type": "Feature", "properties": { "P05_001": "32202", "P05_002": "4", "P05_003": "国府公民館有福分館", "P05_004": "浜田市下有福町436" }, "geometry": { "type": "Point", "coordinates": [ 132.184915, 34.94532677 ] } },
{ "type": "Feature", "properties": { "P05_001": "32202", "P05_002": "4", "P05_003": "国分公民館宇野分館", "P05_004": "浜田市宇野町281-3" }, "geometry": { "type": "Point", "coordinates": [ 132.1536429, 34.92326447 ] } },
{ "type": "Feature", "properties": { "P05_001": "32202", "P05_002": "5", "P05_003": "黒沢集会所", "P05_004": "浜田市三隅町黒沢724" }, "geometry": { "type": "Point", "coordinates": [ 132.0363451, 34.74802983 ] } },
{ "type": "Feature", "properties": { "P05_001": "32202", "P05_002": "5", "P05_003": "今浦集会所", "P05_004": "浜田市三隅町折居770-9" }, "geometry": { "type": "Point", "coordinates": [ 131.963227333734011, 34.8078984507329 ] } },
{ "type": "Feature", "properties": { "P05_001": "32202", "P05_002": "4", "P05_003": "国府公民館", "P05_004": "浜田市国分町1981-136" }, "geometry": { "type": "Point", "coordinates": [ 132.109896, 34.936266 ] } },
{ "type": "Feature", "properties": { "P05_001": "32202", "P05_002": "4", "P05_003": "石見公民館", "P05_004": "浜田市黒川町132-2" }, "geometry": { "type": "Point", "coordinates": [ 132.093451, 34.900645 ] } },
{ "type": "Feature", "properties": { "P05_001": "32202", "P05_002": "5", "P05_003": "石央文化ホール", "P05_004": "浜田市黒川町4175" }, "geometry": { "type": "Point", "coordinates": [ 132.088871, 34.900853 ] } },
{ "type": "Feature", "properties": { "P05_001": "32202", "P05_002": "5", "P05_003": "紺屋町会館", "P05_004": "浜田市紺屋町81-3" }, "geometry": { "type": "Point", "coordinates": [ 132.0823024, 34.898416 ] } },
{ "type": "Feature", "properties": { "P05_001": "32202", "P05_002": "5", "P05_003": "坂本地区構造改善センター", "P05_004": "浜田市旭町坂本イ7-1" }, "geometry": { "type": "Point", "coordinates": [ 132.265306, 34.826673 ] } },
{ "type": "Feature", "properties": { "P05_001": "32202", "P05_002": "4", "P05_003": "三階１町内公民館", "P05_004": "浜田市三階町1町内" }, "geometry": { "type": "Point", "coordinates": [ 132.079929910420987, 34.880402087701299 ] } },
{ "type": "Feature", "properties": { "P05_001": "32202", "P05_002": "5", "P05_003": "三階２町内集会所", "P05_004": "浜田市三階町2町内" }, "geometry": { "type": "Point", "coordinates": [ 132.098567786866994, 34.873768611556997 ] } },
{ "type": "Feature", "properties": { "P05_001": "32202", "P05_002": "4", "P05_003": "三階３町内公民館", "P05_004": "浜田市三階町3町内" }, "geometry": { "type": "Point", "coordinates": [ 132.092751129563993, 34.872130307234698 ] } },
{ "type": "Feature", "properties": { "P05_001": "32202", "P05_002": "5", "P05_003": "三階４町内西岡集会場", "P05_004": "浜田市三階町4町内" }, "geometry": { "type": "Point", "coordinates": [ 132.084876046617012, 34.864091907414597 ] } },
{ "type": "Feature", "properties": { "P05_001": "32202", "P05_002": "5", "P05_003": "三階５町内集会所", "P05_004": "浜田市三階町5町内" }, "geometry": { "type": "Point", "coordinates": [ 132.098992168693997, 34.8605590449353 ] } },
{ "type": "Feature", "properties": { "P05_001": "32202", "P05_002": "4", "P05_003": "三階６町内公民館", "P05_004": "浜田市三階町6町内" }, "geometry": { "type": "Point", "coordinates": [ 132.109220835477004, 34.862294809419801 ] } },
{ "type": "Feature", "properties": { "P05_001": "32202", "P05_002": "5", "P05_003": "三階７町内集会場", "P05_004": "浜田市三階町7町内" }, "geometry": { "type": "Point", "coordinates": [ 132.109747090415993, 34.868288555335397 ] } },
{ "type": "Feature", "properties": { "P05_001": "32202", "P05_002": "2", "P05_003": "三隅支所", "P05_004": "浜田市三隅町三隅1434" }, "geometry": { "type": "Point", "coordinates": [ 131.9643797, 34.77573502 ] } },
{ "type": "Feature", "properties": { "P05_001": "32202", "P05_002": "5", "P05_003": "三隅自治会館", "P05_004": "浜田市三隅町三隅1429-6" }, "geometry": { "type": "Point", "coordinates": [ 131.96632120000001, 34.77676217 ] } },
{ "type": "Feature", "properties": { "P05_001": "32202", "P05_002": "5", "P05_003": "三隅図書館", "P05_004": "浜田市三隅町古市場2002" }, "geometry": { "type": "Point", "coordinates": [ 131.9556331, 34.78342524 ] } },
{ "type": "Feature", "properties": { "P05_001": "32202", "P05_002": "5", "P05_003": "三隅老人福祉センターみすみ荘", "P05_004": "浜田市三隅町三隅605-2" }, "geometry": { "type": "Point", "coordinates": [ 131.959846358204999, 34.774240070439099 ] } },
{ "type": "Feature", "properties": { "P05_001": "32202", "P05_002": "5", "P05_003": "三宅集会所", "P05_004": "浜田市上府町三宅町内" }, "geometry": { "type": "Point", "coordinates": [ 132.125970790336993, 34.924947343916401 ] } },
{ "type": "Feature", "properties": { "P05_001": "32202", "P05_002": "5", "P05_003": "山村開発センター", "P05_004": "浜田市金城町下来原171" }, "geometry": { "type": "Point", "coordinates": [ 132.159940356989011, 34.859818871064903 ] } },
{ "type": "Feature", "properties": { "P05_001": "32202", "P05_002": "4", "P05_003": "姉金公民館", "P05_004": "浜田市大金町姉金町内" }, "geometry": { "type": "Point", "coordinates": [ 132.181206567107012, 34.930504099694502 ] } },
{ "type": "Feature", "properties": { "P05_001": "32202", "P05_002": "5", "P05_003": "市場集会所", "P05_004": "浜田市三隅町井野ニ844-3" }, "geometry": { "type": "Point", "coordinates": [ 132.035047, 34.79135356 ] } },
{ "type": "Feature", "properties": { "P05_001": "32202", "P05_002": "5", "P05_003": "市木生活改善センター", "P05_004": "浜田市旭町市木2919-2" }, "geometry": { "type": "Point", "coordinates": [ 132.3643363, 34.83933692 ] } },
{ "type": "Feature", "properties": { "P05_001": "32202", "P05_002": "5", "P05_003": "大谷地区活性化施設八幡センター", "P05_004": "浜田市三隅町井野ハ675-4" }, "geometry": { "type": "Point", "coordinates": [ 132.042135, 34.796054 ] } },
{ "type": "Feature", "properties": { "P05_001": "32202", "P05_002": "2", "P05_003": "市役所三隅支所", "P05_004": "浜田市三隅町三隅1434" }, "geometry": { "type": "Point", "coordinates": [ 131.9643797, 34.77571502 ] } },
{ "type": "Feature", "properties": { "P05_001": "32202", "P05_002": "2", "P05_003": "市役所西分庁舎", "P05_004": "浜田市殿町6-1" }, "geometry": { "type": "Point", "coordinates": [ 132.0788667, 34.89927417 ] } },
{ "type": "Feature", "properties": { "P05_001": "32202", "P05_002": "2", "P05_003": "市役所東分庁舎", "P05_004": "浜田市殿町1" }, "geometry": { "type": "Point", "coordinates": [ 132.0798638, 34.89923531 ] } },
{ "type": "Feature", "properties": { "P05_001": "32202", "P05_002": "4", "P05_003": "井野公民館", "P05_004": "浜田市三隅町井野ヘ1816-2" }, "geometry": { "type": "Point", "coordinates": [ 132.015634, 34.79304 ] } },
{ "type": "Feature", "properties": { "P05_001": "32202", "P05_002": "2", "P05_003": "市役所北分庁舎", "P05_004": "浜田市殿町22" }, "geometry": { "type": "Point", "coordinates": [ 132.0797693, 34.90056017 ] } },
{ "type": "Feature", "properties": { "P05_001": "32202", "P05_002": "5", "P05_003": "児童館", "P05_004": "浜田市佐野町美田町内" }, "geometry": { "type": "Point", "coordinates": [ 132.159365152090004, 34.885571027993798 ] } },
{ "type": "Feature", "properties": { "P05_001": "32202", "P05_002": "5", "P05_003": "周布地集会所", "P05_004": "浜田市三隅町井野ロ185-2" }, "geometry": { "type": "Point", "coordinates": [ 132.0434823, 34.8039804 ] } },
{ "type": "Feature", "properties": { "P05_001": "32202", "P05_002": "5", "P05_003": "十文字原集会場", "P05_004": "浜田市内村町十文字原町内" }, "geometry": { "type": "Point", "coordinates": [ 132.077338093217008, 34.848623047803699 ] } },
{ "type": "Feature", "properties": { "P05_001": "32202", "P05_002": "5", "P05_003": "諸谷集会所", "P05_004": "浜田市三隅町井野ト174-3" }, "geometry": { "type": "Point", "coordinates": [ 132.0112369, 34.80732106 ] } },
{ "type": "Feature", "properties": { "P05_001": "32202", "P05_002": "5", "P05_003": "小原集会所", "P05_004": "浜田市三隅町井野ホ849-1" }, "geometry": { "type": "Point", "coordinates": [ 132.0140156, 34.7688527 ] } },
{ "type": "Feature", "properties": { "P05_001": "32202", "P05_002": "5", "P05_003": "小国まめな館", "P05_004": "浜田市金城町小国イ165-1旧小国公民館" }, "geometry": { "type": "Point", "coordinates": [ 132.1979641, 34.81591688 ] } },
{ "type": "Feature", "properties": { "P05_001": "32202", "P05_002": "5", "P05_003": "小坂集会所", "P05_004": "浜田市弥栄町小坂204-1" }, "geometry": { "type": "Point", "coordinates": [ 132.1154827, 34.79635694 ] } },
{ "type": "Feature", "properties": { "P05_001": "32202", "P05_002": "5", "P05_003": "小野集会所", "P05_004": "浜田市三隅町三隅731-10" }, "geometry": { "type": "Point", "coordinates": [ 131.9662572, 34.78717227 ] } },
{ "type": "Feature", "properties": { "P05_001": "32202", "P05_002": "5", "P05_003": "床並集会所", "P05_004": "浜田市三隅町岡見3186" }, "geometry": { "type": "Point", "coordinates": [ 131.92839376837199, 34.7583974245291 ] } },
{ "type": "Feature", "properties": { "P05_001": "32202", "P05_002": "5", "P05_003": "岡見スポーツセンター", "P05_004": "浜田市三隅町岡見4603" }, "geometry": { "type": "Point", "coordinates": [ 131.935095, 34.770551 ] } },
{ "type": "Feature", "properties": { "P05_001": "32202", "P05_002": "4", "P05_003": "岡見公民館", "P05_004": "浜田市三隅町岡見516" }, "geometry": { "type": "Point", "coordinates": [ 131.921616, 34.770366 ] } },
{ "type": "Feature", "properties": { "P05_001": "32202", "P05_002": "5", "P05_003": "松原集会所", "P05_004": "浜田市三隅町岡見1182-2" }, "geometry": { "type": "Point", "coordinates": [ 131.928460199999989, 34.78041958 ] } },
{ "type": "Feature", "properties": { "P05_001": "32202", "P05_002": "5", "P05_003": "上古市集会所", "P05_004": "浜田市三隅町古市場497" }, "geometry": { "type": "Point", "coordinates": [ 131.951627800000011, 34.78779972 ] } },
{ "type": "Feature", "properties": { "P05_001": "32202", "P05_002": "5", "P05_003": "上古和集会所", "P05_004": "浜田市三隅町下古和146-2" }, "geometry": { "type": "Point", "coordinates": [ 132.013089094482012, 34.726755618940999 ] } },
{ "type": "Feature", "properties": { "P05_001": "32202", "P05_002": "5", "P05_003": "上今明集会所", "P05_004": "浜田市三隅町井野ヘ1751-18" }, "geometry": { "type": "Point", "coordinates": [ 132.019397700000013, 34.80041067 ] } },
{ "type": "Feature", "properties": { "P05_001": "32202", "P05_002": "4", "P05_003": "黒沢公民館", "P05_004": "浜田市三隅町下古和1518" }, "geometry": { "type": "Point", "coordinates": [ 131.9935719, 34.7393959 ] } },
{ "type": "Feature", "properties": { "P05_001": "32202", "P05_002": "4", "P05_003": "新汐入公民館", "P05_004": "浜田市熱田町581-1" }, "geometry": { "type": "Point", "coordinates": [ 132.0612912, 34.87141815 ] } },
{ "type": "Feature", "properties": { "P05_001": "32202", "P05_002": "5", "P05_003": "森溝上ふれあい会館", "P05_004": "浜田市三隅町三隅860-1" }, "geometry": { "type": "Point", "coordinates": [ 131.965192063735003, 34.791615780843102 ] } },
{ "type": "Feature", "properties": { "P05_001": "32202", "P05_002": "5", "P05_003": "神楽会館", "P05_004": "浜田市佐野町イ592-2" }, "geometry": { "type": "Point", "coordinates": [ 132.1673647, 34.89241774 ] } },
{ "type": "Feature", "properties": { "P05_001": "32202", "P05_002": "5", "P05_003": "須津集会所", "P05_004": "浜田市三隅町岡見1947-1" }, "geometry": { "type": "Point", "coordinates": [ 131.9143699, 34.77207551 ] } },
{ "type": "Feature", "properties": { "P05_001": "32202", "P05_002": "4", "P05_003": "杉戸公民館", "P05_004": "浜田市杉戸町2329-1" }, "geometry": { "type": "Point", "coordinates": [ 132.0836162, 34.89664678 ] } },
{ "type": "Feature", "properties": { "P05_001": "32202", "P05_002": "4", "P05_003": "瀬戸ケ島公民館", "P05_004": "浜田市瀬戸ケ島町1町内" }, "geometry": { "type": "Point", "coordinates": [ 132.061923069932988, 34.899804397015998 ] } },
{ "type": "Feature", "properties": { "P05_001": "32202", "P05_002": "5", "P05_003": "晴海台集会所", "P05_004": "浜田市三隅町西河内1084-61" }, "geometry": { "type": "Point", "coordinates": [ 131.9542912, 34.80167894 ] } },
{ "type": "Feature", "properties": { "P05_001": "32202", "P05_002": "4", "P05_003": "生湯３町内公民館", "P05_004": "浜田市生湯町1138" }, "geometry": { "type": "Point", "coordinates": [ 132.087223588220013, 34.924757216963698 ] } },
{ "type": "Feature", "properties": { "P05_001": "32202", "P05_002": "5", "P05_003": "生湯４町内集会所", "P05_004": "浜田市生湯町4-1" }, "geometry": { "type": "Point", "coordinates": [ 132.088466602430003, 34.914877006752903 ] } },
{ "type": "Feature", "properties": { "P05_001": "32202", "P05_002": "5", "P05_003": "三隅中央会館", "P05_004": "浜田市三隅町古市場589" }, "geometry": { "type": "Point", "coordinates": [ 131.956776, 34.782346 ] } },
{ "type": "Feature", "properties": { "P05_001": "32202", "P05_002": "5", "P05_003": "西の郷集会所", "P05_004": "浜田市弥栄町木都賀ロ" }, "geometry": { "type": "Point", "coordinates": [ 132.064764700000012, 34.77601938 ] } },
{ "type": "Feature", "properties": { "P05_001": "32202", "P05_002": "4", "P05_003": "三隅公民館", "P05_004": "浜田市三隅町向野田581" }, "geometry": { "type": "Point", "coordinates": [ 131.960706, 34.772968 ] } },
{ "type": "Feature", "properties": { "P05_001": "32202", "P05_002": "5", "P05_003": "西の谷集会所", "P05_004": "浜田市三隅町岡見2540-2" }, "geometry": { "type": "Point", "coordinates": [ 131.911927965133003, 34.755894300582 ] } },
{ "type": "Feature", "properties": { "P05_001": "32202", "P05_002": "5", "P05_003": "西河内集会所", "P05_004": "浜田市弥栄町高内ロ90" }, "geometry": { "type": "Point", "coordinates": [ 132.1098638, 34.78967698 ] } },
{ "type": "Feature", "properties": { "P05_001": "32202", "P05_002": "5", "P05_003": "西村１町内集会所", "P05_004": "浜田市西村町1町内" }, "geometry": { "type": "Point", "coordinates": [ 131.996948589014011, 34.831082013717399 ] } },
{ "type": "Feature", "properties": { "P05_001": "32202", "P05_002": "5", "P05_003": "西村２町内集会場", "P05_004": "浜田市西村町2町内" }, "geometry": { "type": "Point", "coordinates": [ 131.990740741935014, 34.827180667930897 ] } },
{ "type": "Feature", "properties": { "P05_001": "32202", "P05_002": "5", "P05_003": "西中芦谷集会所", "P05_004": "浜田市三隅町芦谷2356-50" }, "geometry": { "type": "Point", "coordinates": [ 131.987055700000013, 34.77747355 ] } },
{ "type": "Feature", "properties": { "P05_001": "32202", "P05_002": "5", "P05_003": "青浦集会所", "P05_004": "浜田市三隅町岡見5198-10" }, "geometry": { "type": "Point", "coordinates": [ 131.89976, 34.76965045 ] } },
{ "type": "Feature", "properties": { "P05_001": "32202", "P05_002": "5", "P05_003": "石浦集会所", "P05_004": "浜田市三隅町井野ニ432" }, "geometry": { "type": "Point", "coordinates": [ 132.045438100000013, 34.78670968 ] } },
{ "type": "Feature", "properties": { "P05_001": "32202", "P05_002": "4", "P05_003": "石見公民館宇津井分館", "P05_004": "浜田市宇津井町563" }, "geometry": { "type": "Point", "coordinates": [ 132.172430600000013, 34.90964381 ] } },
{ "type": "Feature", "properties": { "P05_001": "32202", "P05_002": "4", "P05_003": "石見公民館後野分館", "P05_004": "浜田市後野町779-2" }, "geometry": { "type": "Point", "coordinates": [ 132.1325704, 34.8938145 ] } },
{ "type": "Feature", "properties": { "P05_001": "32202", "P05_002": "4", "P05_003": "石見公民館佐野分館", "P05_004": "浜田市佐野町イ337-1" }, "geometry": { "type": "Point", "coordinates": [ 132.1614877, 34.88625447 ] } },
{ "type": "Feature", "properties": { "P05_001": "32202", "P05_002": "5", "P05_003": "上室谷集会所", "P05_004": "浜田市三隅町室谷708-4" }, "geometry": { "type": "Point", "coordinates": [ 132.012952, 34.809978 ] } },
{ "type": "Feature", "properties": { "P05_001": "32202", "P05_002": "4", "P05_003": "石見公民館細谷分館", "P05_004": "浜田市三階町2130-1" }, "geometry": { "type": "Point", "coordinates": [ 132.094219744848004, 34.872763745470202 ] } },
{ "type": "Feature", "properties": { "P05_001": "32202", "P05_002": "5", "P05_003": "三隅Ｂ＆Ｇ海洋センター体育館", "P05_004": "浜田市三隅町西河内1240-1" }, "geometry": { "type": "Point", "coordinates": [ 131.947867, 34.795988 ] } },
{ "type": "Feature", "properties": { "P05_001": "32202", "P05_002": "4", "P05_003": "石見公民館長見分館", "P05_004": "浜田市長見町956-2" }, "geometry": { "type": "Point", "coordinates": [ 132.109838200000013, 34.82917036 ] } },
{ "type": "Feature", "properties": { "P05_001": "32202", "P05_002": "5", "P05_003": "石原団地集会場", "P05_004": "浜田市熱田町熱田町14町内" }, "geometry": { "type": "Point", "coordinates": [ 132.060258953366002, 34.867579000000497 ] } },
{ "type": "Feature", "properties": { "P05_001": "32202", "P05_002": "4", "P05_003": "折居自治公民館", "P05_004": "浜田市折居町折居町内" }, "geometry": { "type": "Point", "coordinates": [ 131.985182900000012, 34.82414137 ] } },
{ "type": "Feature", "properties": { "P05_001": "32202", "P05_002": "4", "P05_003": "浅井公民館", "P05_004": "浜田市浅井町4-1" }, "geometry": { "type": "Point", "coordinates": [ 132.090950760184001, 34.904552880910302 ] } },
{ "type": "Feature", "properties": { "P05_001": "32202", "P05_002": "4", "P05_003": "善福寺公民館", "P05_004": "浜田市相生町1405" }, "geometry": { "type": "Point", "coordinates": [ 132.0924819, 34.8981468 ] } },
{ "type": "Feature", "properties": { "P05_001": "32202", "P05_002": "5", "P05_003": "早水生活改善センター", "P05_004": "浜田市旭町市木2508-5" }, "geometry": { "type": "Point", "coordinates": [ 132.376307700000012, 34.84065425 ] } },
{ "type": "Feature", "properties": { "P05_001": "32202", "P05_002": "5", "P05_003": "草ノ谷集会所", "P05_004": "浜田市旭町今市63-1" }, "geometry": { "type": "Point", "coordinates": [ 132.262781743173008, 34.842440293654697 ] } },
{ "type": "Feature", "properties": { "P05_001": "32202", "P05_002": "5", "P05_003": "多目的研修集会施設", "P05_004": "浜田市弥栄町長安本郷544-1" }, "geometry": { "type": "Point", "coordinates": [ 132.10791420000001, 34.7772504 ] } },
{ "type": "Feature", "properties": { "P05_001": "32202", "P05_002": "5", "P05_003": "大久保生活改善センター", "P05_004": "浜田市久代町438" }, "geometry": { "type": "Point", "coordinates": [ 132.130556607622992, 34.952133038580598 ] } },
{ "type": "Feature", "properties": { "P05_001": "32202", "P05_002": "4", "P05_003": "白砂公民館", "P05_004": "浜田市三隅町折居883" }, "geometry": { "type": "Point", "coordinates": [ 131.9753153, 34.8047398 ] } },
{ "type": "Feature", "properties": { "P05_001": "32202", "P05_002": "4", "P05_003": "大谷上公民館", "P05_004": "浜田市西村町内" }, "geometry": { "type": "Point", "coordinates": [ 132.018187315298007, 34.836210894427502 ] } },
{ "type": "Feature", "properties": { "P05_001": "32202", "P05_002": "4", "P05_003": "大津公民館", "P05_004": "浜田市大金町大津町内" }, "geometry": { "type": "Point", "coordinates": [ 132.179424191195011, 34.946671668368701 ] } },
{ "type": "Feature", "properties": { "P05_001": "32202", "P05_002": "4", "P05_003": "三保公民館", "P05_004": "浜田市三隅町湊浦120" }, "geometry": { "type": "Point", "coordinates": [ 131.94277, 34.789391 ] } },
{ "type": "Feature", "properties": { "P05_001": "32202", "P05_002": "5", "P05_003": "大坪集会所", "P05_004": "浜田市弥栄町大坪239" }, "geometry": { "type": "Point", "coordinates": [ 132.0955376, 34.76679872 ] } },
{ "type": "Feature", "properties": { "P05_001": "32202", "P05_002": "5", "P05_003": "谷集会所", "P05_004": "浜田市三隅町西河内522-2" }, "geometry": { "type": "Point", "coordinates": [ 131.9570827, 34.79894871 ] } },
{ "type": "Feature", "properties": { "P05_001": "32202", "P05_002": "5", "P05_003": "地域交流プラザ", "P05_004": "浜田市旭町丸原1529-11" }, "geometry": { "type": "Point", "coordinates": [ 132.258546, 34.87080106 ] } },
{ "type": "Feature", "properties": { "P05_001": "32202", "P05_002": "4", "P05_003": "周布公民館", "P05_004": "浜田市周布町イ374" }, "geometry": { "type": "Point", "coordinates": [ 132.02052, 34.860872 ] } },
{ "type": "Feature", "properties": { "P05_001": "32202", "P05_002": "5", "P05_003": "地域材利用促進交流館", "P05_004": "浜田市金城町下来原232-77" }, "geometry": { "type": "Point", "coordinates": [ 132.1701881, 34.86046829 ] } },
{ "type": "Feature", "properties": { "P05_001": "32202", "P05_002": "5", "P05_003": "竹迫４町内集会場", "P05_004": "浜田市竹迫町4町内" }, "geometry": { "type": "Point", "coordinates": [ 132.08533196196899, 34.890681900995801 ] } },
{ "type": "Feature", "properties": { "P05_001": "32202", "P05_002": "5", "P05_003": "竹迫５町内集会場", "P05_004": "浜田市竹迫町5町内" }, "geometry": { "type": "Point", "coordinates": [ 132.084566658916998, 34.888961732767697 ] } },
{ "type": "Feature", "properties": { "P05_001": "32202", "P05_002": "5", "P05_003": "中央図書館", "P05_004": "浜田市黒川町3748-1" }, "geometry": { "type": "Point", "coordinates": [ 132.0958871, 34.89822186 ] } },
{ "type": "Feature", "properties": { "P05_001": "32202", "P05_002": "5", "P05_003": "中郡集会所", "P05_004": "浜田市旭町市木2508-5" }, "geometry": { "type": "Point", "coordinates": [ 132.376307700000012, 34.84063425 ] } },
{ "type": "Feature", "properties": { "P05_001": "32202", "P05_002": "5", "P05_003": "中組集会所", "P05_004": "浜田市三隅町古市場968-1" }, "geometry": { "type": "Point", "coordinates": [ 131.93979567798101, 34.783684179434999 ] } },
{ "type": "Feature", "properties": { "P05_001": "32202", "P05_002": "4", "P05_003": "中内田自治公民館", "P05_004": "浜田市内田町449" }, "geometry": { "type": "Point", "coordinates": [ 132.0536172, 34.85649744 ] } },
{ "type": "Feature", "properties": { "P05_001": "32202", "P05_002": "5", "P05_003": "朝日町研修センター", "P05_004": "浜田市朝日町56-2" }, "geometry": { "type": "Point", "coordinates": [ 132.0863158, 34.89868551 ] } },
{ "type": "Feature", "properties": { "P05_001": "32202", "P05_002": "5", "P05_003": "瀬戸見文化センター", "P05_004": "浜田市瀬戸見町18-1" }, "geometry": { "type": "Point", "coordinates": [ 132.072417, 34.892401 ] } },
{ "type": "Feature", "properties": { "P05_001": "32202", "P05_002": "4", "P05_003": "長見１町内公民館", "P05_004": "浜田市長見町1町内" }, "geometry": { "type": "Point", "coordinates": [ 132.097855518670002, 34.848130322536903 ] } },
{ "type": "Feature", "properties": { "P05_001": "32202", "P05_002": "4", "P05_003": "長見町２町内公民館", "P05_004": "浜田市長見町2町内" }, "geometry": { "type": "Point", "coordinates": [ 132.116473035495005, 34.854516438819402 ] } },
{ "type": "Feature", "properties": { "P05_001": "32202", "P05_002": "4", "P05_003": "大麻公民館", "P05_004": "浜田市西村町1038-8" }, "geometry": { "type": "Point", "coordinates": [ 131.985949, 34.82626 ] } },
{ "type": "Feature", "properties": { "P05_001": "32202", "P05_002": "5", "P05_003": "長沢２町内児童会館", "P05_004": "浜田市長沢町2-1町内" }, "geometry": { "type": "Point", "coordinates": [ 132.0974865, 34.90772365 ] } },
{ "type": "Feature", "properties": { "P05_001": "32202", "P05_002": "4", "P05_003": "長浜１０町内公民館", "P05_004": "浜田市長浜町131-1" }, "geometry": { "type": "Point", "coordinates": [ 132.047164400000014, 34.8708343 ] } },
{ "type": "Feature", "properties": { "P05_001": "32202", "P05_002": "4", "P05_003": "長浜９町内公民館", "P05_004": "浜田市長浜町9町内" }, "geometry": { "type": "Point", "coordinates": [ 132.043525515933993, 34.8635283494026 ] } },
{ "type": "Feature", "properties": { "P05_001": "32202", "P05_002": "5", "P05_003": "長浜商港会館", "P05_004": "浜田市長浜町8-1" }, "geometry": { "type": "Point", "coordinates": [ 132.039866665901997, 34.874347315350903 ] } },
{ "type": "Feature", "properties": { "P05_001": "32202", "P05_002": "5", "P05_003": "塚の元集会所", "P05_004": "浜田市弥栄町木都賀" }, "geometry": { "type": "Point", "coordinates": [ 132.0731753, 34.76618177 ] } },
{ "type": "Feature", "properties": { "P05_001": "32202", "P05_002": "5", "P05_003": "程原下集会所", "P05_004": "浜田市弥栄町程原" }, "geometry": { "type": "Point", "coordinates": [ 132.10433230000001, 34.73879105 ] } },
{ "type": "Feature", "properties": { "P05_001": "32202", "P05_002": "5", "P05_003": "程原上集会所", "P05_004": "浜田市弥栄町程原" }, "geometry": { "type": "Point", "coordinates": [ 132.10433230000001, 34.73877105 ] } },
{ "type": "Feature", "properties": { "P05_001": "32202", "P05_002": "5", "P05_003": "天狗石農村交流研修センター", "P05_004": "浜田市旭町市木2560-1" }, "geometry": { "type": "Point", "coordinates": [ 132.3774244, 34.83730134 ] } },
{ "type": "Feature", "properties": { "P05_001": "32202", "P05_002": "5", "P05_003": "天神会館", "P05_004": "浜田市長浜町4町内" }, "geometry": { "type": "Point", "coordinates": [ 132.045325860119988, 34.871277713827801 ] } },
{ "type": "Feature", "properties": { "P05_001": "32202", "P05_002": "5", "P05_003": "天神生活改善センター", "P05_004": "浜田市上府町913" }, "geometry": { "type": "Point", "coordinates": [ 132.123756317788008, 34.929298637398503 ] } },
{ "type": "Feature", "properties": { "P05_001": "32202", "P05_002": "5", "P05_003": "田橋上町内集会所", "P05_004": "浜田市田橋町上町内" }, "geometry": { "type": "Point", "coordinates": [ 132.056888438469997, 34.837636535512402 ] } },
{ "type": "Feature", "properties": { "P05_001": "32202", "P05_002": "5", "P05_003": "田原集会所", "P05_004": "浜田市佐野町町ロ173-3" }, "geometry": { "type": "Point", "coordinates": [ 132.156179962215987, 34.897288105041604 ] } },
{ "type": "Feature", "properties": { "P05_001": "32202", "P05_002": "5", "P05_003": "都川交流促進施設谷間美呼", "P05_004": "浜田市旭町都川920" }, "geometry": { "type": "Point", "coordinates": [ 132.3091509, 34.83437238 ] } },
{ "type": "Feature", "properties": { "P05_001": "32202", "P05_002": "5", "P05_003": "都川高齢者活動促進センター", "P05_004": "浜田市旭町都川889" }, "geometry": { "type": "Point", "coordinates": [ 132.310970200000014, 34.83585561 ] } },
{ "type": "Feature", "properties": { "P05_001": "32202", "P05_002": "4", "P05_003": "唐鐘公民館", "P05_004": "浜田市国分町唐金4町内" }, "geometry": { "type": "Point", "coordinates": [ 132.1111431, 34.94094529 ] } },
{ "type": "Feature", "properties": { "P05_001": "32202", "P05_002": "5", "P05_003": "島根県歯科医師会西部会館", "P05_004": "浜田市久代町1-8" }, "geometry": { "type": "Point", "coordinates": [ 132.1345911, 34.95522751 ] } },
{ "type": "Feature", "properties": { "P05_001": "32202", "P05_002": "4", "P05_003": "東町内公民館", "P05_004": "浜田市宇野町東町内会" }, "geometry": { "type": "Point", "coordinates": [ 132.1548817, 34.92345058 ] } },
{ "type": "Feature", "properties": { "P05_001": "32202", "P05_002": "5", "P05_003": "東平原下集会所", "P05_004": "浜田市三隅町東平原602-1" }, "geometry": { "type": "Point", "coordinates": [ 131.980717143308993, 34.796008666064303 ] } },
{ "type": "Feature", "properties": { "P05_001": "32202", "P05_002": "5", "P05_003": "東平原上集会所", "P05_004": "浜田市三隅町東平原299-1" }, "geometry": { "type": "Point", "coordinates": [ 131.988854321824988, 34.804947272108599 ] } },
{ "type": "Feature", "properties": { "P05_001": "32202", "P05_002": "5", "P05_003": "栃の木集会所", "P05_004": "浜田市三隅町岡見3664-3" }, "geometry": { "type": "Point", "coordinates": [ 131.934788052432992, 34.751803603226698 ] } },
{ "type": "Feature", "properties": { "P05_001": "32202", "P05_002": "5", "P05_003": "栃木集会所", "P05_004": "浜田市弥栄町栃木389-2" }, "geometry": { "type": "Point", "coordinates": [ 132.1065725, 34.78430805 ] } },
{ "type": "Feature", "properties": { "P05_001": "32202", "P05_002": "4", "P05_003": "鍋石公民館", "P05_004": "浜田市鍋石町515-8" }, "geometry": { "type": "Point", "coordinates": [ 132.0723025, 34.8099997 ] } },
{ "type": "Feature", "properties": { "P05_001": "32202", "P05_002": "1", "P05_003": "浜田市役所", "P05_004": "浜田市殿町1" }, "geometry": { "type": "Point", "coordinates": [ 132.079796, 34.899244 ] } },
{ "type": "Feature", "properties": { "P05_001": "32202", "P05_002": "5", "P05_003": "勤労青少年ホーム", "P05_004": "浜田市殿町123-10" }, "geometry": { "type": "Point", "coordinates": [ 132.074964, 34.901191 ] } },
{ "type": "Feature", "properties": { "P05_001": "32202", "P05_002": "5", "P05_003": "二反田集会所", "P05_004": "浜田市長沢町761-6" }, "geometry": { "type": "Point", "coordinates": [ 132.0950809, 34.91615042 ] } },
{ "type": "Feature", "properties": { "P05_001": "32202", "P05_002": "5", "P05_003": "日脚児童館", "P05_004": "浜田市日脚町2町内" }, "geometry": { "type": "Point", "coordinates": [ 132.027314600000011, 34.87137536 ] } },
{ "type": "Feature", "properties": { "P05_001": "32202", "P05_002": "4", "P05_003": "日脚町公民館", "P05_004": "浜田市日脚町2町内" }, "geometry": { "type": "Point", "coordinates": [ 132.0273046, 34.87137536 ] } },
{ "type": "Feature", "properties": { "P05_001": "32202", "P05_002": "4", "P05_003": "中央公民館", "P05_004": "浜田市殿町6-1" }, "geometry": { "type": "Point", "coordinates": [ 132.078856, 34.899352 ] } },
{ "type": "Feature", "properties": { "P05_001": "32202", "P05_002": "4", "P05_003": "浜田公民館", "P05_004": "浜田市殿町6-1" }, "geometry": { "type": "Point", "coordinates": [ 132.078906, 34.899255 ] } },
{ "type": "Feature", "properties": { "P05_001": "32202", "P05_002": "4", "P05_003": "美川公民館美川西分館", "P05_004": "浜田市田橋町494-2" }, "geometry": { "type": "Point", "coordinates": [ 132.044426, 34.833628 ] } },
{ "type": "Feature", "properties": { "P05_001": "32202", "P05_002": "4", "P05_003": "日脚町公民館児童館", "P05_004": "浜田市日脚町987" }, "geometry": { "type": "Point", "coordinates": [ 132.024565, 34.868371 ] } },
{ "type": "Feature", "properties": { "P05_001": "32202", "P05_002": "5", "P05_003": "日脚和泉集会所", "P05_004": "浜田市日脚町218" }, "geometry": { "type": "Point", "coordinates": [ 132.0294241, 34.86509853 ] } },
{ "type": "Feature", "properties": { "P05_001": "32202", "P05_002": "5", "P05_003": "日高集会所", "P05_004": "浜田市弥栄町高内イ400-1" }, "geometry": { "type": "Point", "coordinates": [ 132.120749100000012, 34.79280174 ] } },
{ "type": "Feature", "properties": { "P05_001": "32202", "P05_002": "5", "P05_003": "入野集会所", "P05_004": "浜田市金城町入野ロ318-1" }, "geometry": { "type": "Point", "coordinates": [ 132.2115522, 34.9092522 ] } },
{ "type": "Feature", "properties": { "P05_001": "32202", "P05_002": "4", "P05_003": "美川公民館", "P05_004": "浜田市内村町592-1" }, "geometry": { "type": "Point", "coordinates": [ 132.055576, 34.853532 ] } },
{ "type": "Feature", "properties": { "P05_001": "32202", "P05_002": "5", "P05_003": "熱田１２町内集会所", "P05_004": "浜田市熱田町汐入668-2" }, "geometry": { "type": "Point", "coordinates": [ 132.060804038014993, 34.870528504557697 ] } },
{ "type": "Feature", "properties": { "P05_001": "32202", "P05_002": "5", "P05_003": "熱田７町内会集会所", "P05_004": "浜田市熱田町7町内" }, "geometry": { "type": "Point", "coordinates": [ 132.055239682392994, 34.870423127601597 ] } },
{ "type": "Feature", "properties": { "P05_001": "32202", "P05_002": "5", "P05_003": "畑集会所", "P05_004": "浜田市弥栄町小坂" }, "geometry": { "type": "Point", "coordinates": [ 132.1161214, 34.80258969 ] } },
{ "type": "Feature", "properties": { "P05_001": "32202", "P05_002": "5", "P05_003": "八戸川漁業センター", "P05_004": "浜田市旭町本郷1268-1" }, "geometry": { "type": "Point", "coordinates": [ 132.3268014, 34.871302 ] } },
{ "type": "Feature", "properties": { "P05_001": "32202", "P05_002": "5", "P05_003": "八曽集会所", "P05_004": "浜田市三隅町西河内462-1" }, "geometry": { "type": "Point", "coordinates": [ 131.9547163, 34.79545454 ] } },
{ "type": "Feature", "properties": { "P05_001": "32202", "P05_002": "5", "P05_003": "八幡センター", "P05_004": "浜田市三隅町井野ハ675-4" }, "geometry": { "type": "Point", "coordinates": [ 132.0366635, 34.79247848 ] } },
{ "type": "Feature", "properties": { "P05_001": "32202", "P05_002": "5", "P05_003": "板ケ峠集会所", "P05_004": "浜田市三隅町岡見4343" }, "geometry": { "type": "Point", "coordinates": [ 131.933560445859996, 34.761972340425999 ] } },
{ "type": "Feature", "properties": { "P05_001": "32202", "P05_002": "5", "P05_003": "琵琶町児童館集会所", "P05_004": "浜田市琵琶町127" }, "geometry": { "type": "Point", "coordinates": [ 132.0859768, 34.89982428 ] } },
{ "type": "Feature", "properties": { "P05_001": "32202", "P05_002": "4", "P05_003": "美川公民館西分館", "P05_004": "浜田市田橋町494-2" }, "geometry": { "type": "Point", "coordinates": [ 132.044121, 34.83361658 ] } },
{ "type": "Feature", "properties": { "P05_001": "32202", "P05_002": "4", "P05_003": "長浜公民館", "P05_004": "浜田市熱田町1441-18" }, "geometry": { "type": "Point", "coordinates": [ 132.051064, 34.869551 ] } },
{ "type": "Feature", "properties": { "P05_001": "32202", "P05_002": "4", "P05_003": "美川公民館東分館", "P05_004": "浜田市鍋石町530-3" }, "geometry": { "type": "Point", "coordinates": [ 132.0664945, 34.81548243 ] } },
{ "type": "Feature", "properties": { "P05_001": "32202", "P05_002": "5", "P05_003": "美田会館", "P05_004": "浜田市佐野町美田町内" }, "geometry": { "type": "Point", "coordinates": [ 132.159355152090001, 34.885571027993798 ] } },
{ "type": "Feature", "properties": { "P05_001": "32202", "P05_002": "5", "P05_003": "美又温泉会館", "P05_004": "浜田市金城町追原11乙" }, "geometry": { "type": "Point", "coordinates": [ 132.239165, 34.895303 ] } },
{ "type": "Feature", "properties": { "P05_001": "32202", "P05_002": "5", "P05_003": "美又会館", "P05_004": "浜田市金城町追原176" }, "geometry": { "type": "Point", "coordinates": [ 132.2296355, 34.9037921 ] } },
{ "type": "Feature", "properties": { "P05_001": "32202", "P05_002": "5", "P05_003": "府城センター", "P05_004": "浜田市上府町三重町内" }, "geometry": { "type": "Point", "coordinates": [ 132.133122217886012, 34.920356767717998 ] } },
{ "type": "Feature", "properties": { "P05_001": "32202", "P05_002": "5", "P05_003": "福井地区集会所", "P05_004": "浜田市熱田町1-2" }, "geometry": { "type": "Point", "coordinates": [ 132.060927531993997, 34.8788313572147 ] } },
{ "type": "Feature", "properties": { "P05_001": "32202", "P05_002": "5", "P05_003": "福浦集会所", "P05_004": "浜田市三隅町西河内955" }, "geometry": { "type": "Point", "coordinates": [ 131.9543244, 34.80499529 ] } },
{ "type": "Feature", "properties": { "P05_001": "32202", "P05_002": "5", "P05_003": "福祉センター", "P05_004": "浜田市弥栄町木都賀イ526-3" }, "geometry": { "type": "Point", "coordinates": [ 132.072699300000011, 34.76533462 ] } },
{ "type": "Feature", "properties": { "P05_001": "32202", "P05_002": "5", "P05_003": "平床集会所", "P05_004": "浜田市三階町5町内" }, "geometry": { "type": "Point", "coordinates": [ 132.098982168693993, 34.8605590449353 ] } },
{ "type": "Feature", "properties": { "P05_001": "32202", "P05_002": "5", "P05_003": "本谷集会所", "P05_004": "浜田市三隅町芦谷344" }, "geometry": { "type": "Point", "coordinates": [ 131.995463513564999, 34.789301871558699 ] } },
{ "type": "Feature", "properties": { "P05_001": "32202", "P05_002": "5", "P05_003": "湊浦集会所", "P05_004": "浜田市三隅町湊浦95" }, "geometry": { "type": "Point", "coordinates": [ 131.94088690000001, 34.787869 ] } },
{ "type": "Feature", "properties": { "P05_001": "32202", "P05_002": "5", "P05_003": "門殿集会所", "P05_004": "浜田市三隅町古市場1560-2" }, "geometry": { "type": "Point", "coordinates": [ 131.937479379395995, 34.782133994488198 ] } },
{ "type": "Feature", "properties": { "P05_001": "32202", "P05_002": "4", "P05_003": "野原二公民館", "P05_004": "浜田市野原町2町内" }, "geometry": { "type": "Point", "coordinates": [ 132.079275200000012, 34.89101947 ] } },
{ "type": "Feature", "properties": { "P05_001": "32202", "P05_002": "5", "P05_003": "弥栄会館", "P05_004": "浜田市弥栄町長安本郷544-1" }, "geometry": { "type": "Point", "coordinates": [ 132.10791420000001, 34.7772704 ] } },
{ "type": "Feature", "properties": { "P05_001": "32202", "P05_002": "4", "P05_003": "安城公民館", "P05_004": "浜田市弥栄町長安本郷552-17" }, "geometry": { "type": "Point", "coordinates": [ 132.1066468, 34.775979 ] } },
{ "type": "Feature", "properties": { "P05_001": "32202", "P05_002": "2", "P05_003": "弥栄支所", "P05_004": "浜田市弥栄町長安本郷542-1" }, "geometry": { "type": "Point", "coordinates": [ 132.107743199999987, 34.7778268 ] } },
{ "type": "Feature", "properties": { "P05_001": "32202", "P05_002": "5", "P05_003": "弥栄図書館", "P05_004": "浜田市弥栄町木都賀イ528-1" }, "geometry": { "type": "Point", "coordinates": [ 132.072425399999986, 34.76508242 ] } },
{ "type": "Feature", "properties": { "P05_001": "32202", "P05_002": "5", "P05_003": "上田野原集会所", "P05_004": "浜田市弥栄町田野原157-2" }, "geometry": { "type": "Point", "coordinates": [ 132.069078, 34.711982 ] } },
{ "type": "Feature", "properties": { "P05_001": "32202", "P05_002": "5", "P05_003": "弥栄老人憩の家", "P05_004": "浜田市弥栄町木都賀イ526-3" }, "geometry": { "type": "Point", "coordinates": [ 132.0726893, 34.76533462 ] } },
{ "type": "Feature", "properties": { "P05_001": "32202", "P05_002": "5", "P05_003": "矢原自治会館", "P05_004": "浜田市三隅町矢原482-2" }, "geometry": { "type": "Point", "coordinates": [ 131.984271400000011, 34.72891758 ] } },
{ "type": "Feature", "properties": { "P05_001": "32202", "P05_002": "5", "P05_003": "山賀集会所", "P05_004": "浜田市弥栄町栃木757-3" }, "geometry": { "type": "Point", "coordinates": [ 132.099603, 34.811503 ] } },
{ "type": "Feature", "properties": { "P05_001": "32202", "P05_002": "5", "P05_003": "矢原集会所", "P05_004": "浜田市三隅町矢原1174-1" }, "geometry": { "type": "Point", "coordinates": [ 131.9750832, 34.73373889 ] } },
{ "type": "Feature", "properties": { "P05_001": "32202", "P05_002": "5", "P05_003": "柚根集会所", "P05_004": "浜田市金城町小国ハ210" }, "geometry": { "type": "Point", "coordinates": [ 132.222211499999986, 34.81911685 ] } },
{ "type": "Feature", "properties": { "P05_001": "32202", "P05_002": "5", "P05_003": "小熊集会所", "P05_004": "浜田市弥栄町木都賀イ1510" }, "geometry": { "type": "Point", "coordinates": [ 132.05913, 34.737619 ] } },
{ "type": "Feature", "properties": { "P05_001": "32202", "P05_002": "5", "P05_003": "弥栄老人福祉センター", "P05_004": "浜田市弥栄町木都賀イ526-3" }, "geometry": { "type": "Point", "coordinates": [ 132.072584, 34.765308 ] } },
{ "type": "Feature", "properties": { "P05_001": "32202", "P05_002": "2", "P05_003": "杵束出張所", "P05_004": "浜田市弥栄町木都賀イ526-3" }, "geometry": { "type": "Point", "coordinates": [ 132.072584, 34.765288 ] } },
{ "type": "Feature", "properties": { "P05_001": "32202", "P05_002": "5", "P05_003": "用田橋集会所", "P05_004": "浜田市三隅町河内1276-5" }, "geometry": { "type": "Point", "coordinates": [ 131.982743760704011, 34.763278305491298 ] } },
{ "type": "Feature", "properties": { "P05_001": "32202", "P05_002": "5", "P05_003": "陽光台集会所", "P05_004": "浜田市西村町1450" }, "geometry": { "type": "Point", "coordinates": [ 132.007944726953014, 34.845725700003499 ] } },
{ "type": "Feature", "properties": { "P05_001": "32202", "P05_002": "5", "P05_003": "力石集会所", "P05_004": "浜田市西村町内" }, "geometry": { "type": "Point", "coordinates": [ 132.002895512136007, 34.841731974161597 ] } },
{ "type": "Feature", "properties": { "P05_001": "32202", "P05_002": "4", "P05_003": "杵束公民館", "P05_004": "浜田市弥栄町木都賀イ528-1" }, "geometry": { "type": "Point", "coordinates": [ 132.072719, 34.765256 ] } },
{ "type": "Feature", "properties": { "P05_001": "32202", "P05_002": "5", "P05_003": "緑ケ丘集会所", "P05_004": "浜田市浅井町4-2" }, "geometry": { "type": "Point", "coordinates": [ 132.093660720217002, 34.905482986922998 ] } },
{ "type": "Feature", "properties": { "P05_001": "32202", "P05_002": "5", "P05_003": "老人憩いの家", "P05_004": "浜田市弥栄町木都賀イ528-1" }, "geometry": { "type": "Point", "coordinates": [ 132.072425399999986, 34.76506242 ] } },
{ "type": "Feature", "properties": { "P05_001": "32202", "P05_002": "5", "P05_003": "老人福祉センター三隅", "P05_004": "浜田市三隅町向野田605-2" }, "geometry": { "type": "Point", "coordinates": [ 131.9598024, 34.77416511 ] } },
{ "type": "Feature", "properties": { "P05_001": "32202", "P05_002": "5", "P05_003": "青尾集会所", "P05_004": "浜田市弥栄町門田495-12" }, "geometry": { "type": "Point", "coordinates": [ 132.151088, 34.814447 ] } },
{ "type": "Feature", "properties": { "P05_001": "32202", "P05_002": "5", "P05_003": "六歩谷集会所", "P05_004": "浜田市弥栄町栃木531" }, "geometry": { "type": "Point", "coordinates": [ 132.094748399999986, 34.78576618 ] } },
{ "type": "Feature", "properties": { "P05_001": "32202", "P05_002": "5", "P05_003": "野坂集会所", "P05_004": "浜田市弥栄町野坂266-1" }, "geometry": { "type": "Point", "coordinates": [ 132.074001, 34.789037 ] } },
{ "type": "Feature", "properties": { "P05_001": "32202", "P05_002": "4", "P05_003": "櫟田原公民館", "P05_004": "浜田市櫟田原町櫟田原町内" }, "geometry": { "type": "Point", "coordinates": [ 132.0538343, 34.81832086 ] } },
{ "type": "Feature", "properties": { "P05_001": "32203", "P05_002": "5", "P05_003": "ビッグハート出雲", "P05_004": "出雲市駅南町1-5" }, "geometry": { "type": "Point", "coordinates": [ 132.757957229999988, 35.36049049 ] } },
{ "type": "Feature", "properties": { "P05_001": "32203", "P05_002": "5", "P05_003": "スサノオホール", "P05_004": "出雲市佐田町反辺1747-4" }, "geometry": { "type": "Point", "coordinates": [ 132.7172966, 35.25455728 ] } },
{ "type": "Feature", "properties": { "P05_001": "32203", "P05_002": "5", "P05_003": "塩冶集会所", "P05_004": "出雲市塩冶町1016-14" }, "geometry": { "type": "Point", "coordinates": [ 132.758819, 35.356538 ] } },
{ "type": "Feature", "properties": { "P05_001": "32203", "P05_002": "4", "P05_003": "塩冶コミュニティセンター", "P05_004": "出雲市塩冶町803-2" }, "geometry": { "type": "Point", "coordinates": [ 132.751069, 35.3511208 ] } },
{ "type": "Feature", "properties": { "P05_001": "32203", "P05_002": "5", "P05_003": "出雲市民会館", "P05_004": "出雲市塩冶有原町2-15" }, "geometry": { "type": "Point", "coordinates": [ 132.744954, 35.36193 ] } },
{ "type": "Feature", "properties": { "P05_001": "32203", "P05_002": "4", "P05_003": "川跡コミュニティセンター", "P05_004": "出雲市荻杼町211" }, "geometry": { "type": "Point", "coordinates": [ 132.76929, 35.386282 ] } },
{ "type": "Feature", "properties": { "P05_001": "32203", "P05_002": "4", "P05_003": "乙立コミュニティセンター", "P05_004": "出雲市乙立町3163" }, "geometry": { "type": "Point", "coordinates": [ 132.725171, 35.284554 ] } },
{ "type": "Feature", "properties": { "P05_001": "32203", "P05_002": "5", "P05_003": "下古志集会所", "P05_004": "出雲市下古志町845-2" }, "geometry": { "type": "Point", "coordinates": [ 132.731113, 35.340251 ] } },
{ "type": "Feature", "properties": { "P05_001": "32203", "P05_002": "4", "P05_003": "鰐淵コミュニティセンター", "P05_004": "出雲市河下町720-1" }, "geometry": { "type": "Point", "coordinates": [ 132.745899290000011, 35.44031393 ] } },
{ "type": "Feature", "properties": { "P05_001": "32203", "P05_002": "4", "P05_003": "古志コミュニティセンター", "P05_004": "出雲市古志町1122-6" }, "geometry": { "type": "Point", "coordinates": [ 132.74092492, 35.34338335 ] } },
{ "type": "Feature", "properties": { "P05_001": "32203", "P05_002": "5", "P05_003": "古志スポーツセンター", "P05_004": "出雲市古志町1955" }, "geometry": { "type": "Point", "coordinates": [ 132.743152040000012, 35.33961447 ] } },
{ "type": "Feature", "properties": { "P05_001": "32203", "P05_002": "2", "P05_003": "湖陵行政センター", "P05_004": "出雲市湖陵町二部1320" }, "geometry": { "type": "Point", "coordinates": [ 132.675016, 35.322733 ] } },
{ "type": "Feature", "properties": { "P05_001": "32203", "P05_002": "5", "P05_003": "ひかわ図書館", "P05_004": "出雲市斐川町直江4156" }, "geometry": { "type": "Point", "coordinates": [ 132.8161517, 35.39363227 ] } },
{ "type": "Feature", "properties": { "P05_001": "32203", "P05_002": "4", "P05_003": "湖陵コミュニティセンター", "P05_004": "出雲市湖陵町二部1320" }, "geometry": { "type": "Point", "coordinates": [ 132.6750524, 35.32272809 ] } },
{ "type": "Feature", "properties": { "P05_001": "32203", "P05_002": "5", "P05_003": "まめなが一番館", "P05_004": "出雲市斐川町上庄原1760-1" }, "geometry": { "type": "Point", "coordinates": [ 132.8435265, 35.39248549 ] } },
{ "type": "Feature", "properties": { "P05_001": "32203", "P05_002": "4", "P05_003": "伊波野コミュニティセンター", "P05_004": "出雲市斐川町富村748" }, "geometry": { "type": "Point", "coordinates": [ 132.801210880000014, 35.38671663 ] } },
{ "type": "Feature", "properties": { "P05_001": "32203", "P05_002": "5", "P05_003": "湖陵体育センター", "P05_004": "出雲市湖陵町板津137-1" }, "geometry": { "type": "Point", "coordinates": [ 132.6647762, 35.32091514 ] } },
{ "type": "Feature", "properties": { "P05_001": "32203", "P05_002": "4", "P05_003": "国富コミュニティセンター", "P05_004": "出雲市国富町867" }, "geometry": { "type": "Point", "coordinates": [ 132.80421497, 35.42524519 ] } },
{ "type": "Feature", "properties": { "P05_001": "32203", "P05_002": "5", "P05_003": "出雲中央集会所", "P05_004": "出雲市今市町1213" }, "geometry": { "type": "Point", "coordinates": [ 132.761014, 35.362464 ] } },
{ "type": "Feature", "properties": { "P05_001": "32203", "P05_002": "1", "P05_003": "出雲市役所", "P05_004": "出雲市今市町70" }, "geometry": { "type": "Point", "coordinates": [ 132.754831, 35.367081 ] } },
{ "type": "Feature", "properties": { "P05_001": "32203", "P05_002": "5", "P05_003": "出雲勤労青少年ホーム", "P05_004": "出雲市今市町北本町1-7" }, "geometry": { "type": "Point", "coordinates": [ 132.755934, 35.369221 ] } },
{ "type": "Feature", "properties": { "P05_001": "32203", "P05_002": "5", "P05_003": "海辺の多伎図書館", "P05_004": "出雲市多伎町小田73-1" }, "geometry": { "type": "Point", "coordinates": [ 132.625612499999988, 35.28568118 ] } },
{ "type": "Feature", "properties": { "P05_001": "32203", "P05_002": "5", "P05_003": "サン・アビリティーズいずも", "P05_004": "出雲市今市町北本町3-1-20" }, "geometry": { "type": "Point", "coordinates": [ 132.75968071, 35.36888295 ] } },
{ "type": "Feature", "properties": { "P05_001": "32203", "P05_002": "4", "P05_003": "今市コミュニティセンター", "P05_004": "出雲市今市町本町1578-2" }, "geometry": { "type": "Point", "coordinates": [ 132.76128504, 35.36389576 ] } },
{ "type": "Feature", "properties": { "P05_001": "32203", "P05_002": "5", "P05_003": "佐田老人福祉センター潮の井荘", "P05_004": "出雲市佐田町須佐749-5" }, "geometry": { "type": "Point", "coordinates": [ 132.735296, 35.23593 ] } },
{ "type": "Feature", "properties": { "P05_001": "32203", "P05_002": "4", "P05_003": "窪田コミュニティセンター", "P05_004": "出雲市佐田町八幡原492-6" }, "geometry": { "type": "Point", "coordinates": [ 132.69272285, 35.2471238 ] } },
{ "type": "Feature", "properties": { "P05_001": "32203", "P05_002": "4", "P05_003": "久木コミュニティセンター", "P05_004": "出雲市斐川町福富2-13" }, "geometry": { "type": "Point", "coordinates": [ 132.81908, 35.404319 ] } },
{ "type": "Feature", "properties": { "P05_001": "32203", "P05_002": "5", "P05_003": "県立青少年の家本館", "P05_004": "出雲市小境町1991-2" }, "geometry": { "type": "Point", "coordinates": [ 132.879552, 35.462334 ] } },
{ "type": "Feature", "properties": { "P05_001": "32203", "P05_002": "5", "P05_003": "湖陵コミュニテイーセンター", "P05_004": "出雲市湖陵町二部1320" }, "geometry": { "type": "Point", "coordinates": [ 132.675174, 35.322921 ] } },
{ "type": "Feature", "properties": { "P05_001": "32203", "P05_002": "4", "P05_003": "須佐コミュニティセンター", "P05_004": "出雲市佐田町反辺1747-6" }, "geometry": { "type": "Point", "coordinates": [ 132.718064, 35.253815 ] } },
{ "type": "Feature", "properties": { "P05_001": "32203", "P05_002": "2", "P05_003": "佐田行政センター", "P05_004": "出雲市佐田町反辺1747-6" }, "geometry": { "type": "Point", "coordinates": [ 132.718213, 35.253746 ] } },
{ "type": "Feature", "properties": { "P05_001": "32203", "P05_002": "5", "P05_003": "湖陵図書館", "P05_004": "出雲市湖陵町二部1320" }, "geometry": { "type": "Point", "coordinates": [ 132.675034900000014, 35.32276048 ] } },
{ "type": "Feature", "properties": { "P05_001": "32203", "P05_002": "5", "P05_003": "佐田スポーツセンター", "P05_004": "出雲市佐田町反辺1948-1" }, "geometry": { "type": "Point", "coordinates": [ 132.721333429999987, 35.25161693 ] } },
{ "type": "Feature", "properties": { "P05_001": "32203", "P05_002": "4", "P05_003": "佐香コミュニティセンター", "P05_004": "出雲市坂浦町3601" }, "geometry": { "type": "Point", "coordinates": [ 132.848748, 35.499982 ] } },
{ "type": "Feature", "properties": { "P05_001": "32203", "P05_002": "5", "P05_003": "交流館はまぼうふう", "P05_004": "出雲市西園町3367" }, "geometry": { "type": "Point", "coordinates": [ 132.67926, 35.364076 ] } },
{ "type": "Feature", "properties": { "P05_001": "32203", "P05_002": "4", "P05_003": "東コミュニティセンター", "P05_004": "出雲市鹿園寺町49-3" }, "geometry": { "type": "Point", "coordinates": [ 132.87036801, 35.45894514 ] } },
{ "type": "Feature", "properties": { "P05_001": "32203", "P05_002": "4", "P05_003": "北浜コミュニティセンター", "P05_004": "出雲市十六島町1851-1" }, "geometry": { "type": "Point", "coordinates": [ 132.755053, 35.457537 ] } },
{ "type": "Feature", "properties": { "P05_001": "32203", "P05_002": "4", "P05_003": "朝山コミュニティセンター", "P05_004": "出雲市所原町185" }, "geometry": { "type": "Point", "coordinates": [ 132.76587841, 35.31864638 ] } },
{ "type": "Feature", "properties": { "P05_001": "32203", "P05_002": "5", "P05_003": "国際交流プラザ", "P05_004": "出雲市平成町2320-1" }, "geometry": { "type": "Point", "coordinates": [ 132.714158700000013, 35.31668971 ] } },
{ "type": "Feature", "properties": { "P05_001": "32203", "P05_002": "4", "P05_003": "四絡コミュニティセンター", "P05_004": "出雲市小山町650-21" }, "geometry": { "type": "Point", "coordinates": [ 132.746365, 35.375204 ] } },
{ "type": "Feature", "properties": { "P05_001": "32203", "P05_002": "4", "P05_003": "高松コミュニティセンター", "P05_004": "出雲市松寄下町761-1" }, "geometry": { "type": "Point", "coordinates": [ 132.71963953, 35.3628673 ] } },
{ "type": "Feature", "properties": { "P05_001": "32203", "P05_002": "5", "P05_003": "佐田図書館", "P05_004": "出雲市佐田町反辺1747-4" }, "geometry": { "type": "Point", "coordinates": [ 132.7172966, 35.25453728 ] } },
{ "type": "Feature", "properties": { "P05_001": "32203", "P05_002": "4", "P05_003": "上津コミュニティセンター", "P05_004": "出雲市上島町1031" }, "geometry": { "type": "Point", "coordinates": [ 132.835824, 35.334907 ] } },
{ "type": "Feature", "properties": { "P05_001": "32203", "P05_002": "4", "P05_003": "神西コミュニティセンター", "P05_004": "出雲市神西沖町447" }, "geometry": { "type": "Point", "coordinates": [ 132.6981576, 35.33173441 ] } },
{ "type": "Feature", "properties": { "P05_001": "32203", "P05_002": "5", "P05_003": "三津町自治会館", "P05_004": "出雲市三津町146-7" }, "geometry": { "type": "Point", "coordinates": [ 132.82898433, 35.49561685 ] } },
{ "type": "Feature", "properties": { "P05_001": "32203", "P05_002": "5", "P05_003": "社会福祉センター", "P05_004": "出雲市今市町543" }, "geometry": { "type": "Point", "coordinates": [ 132.760861, 35.36477 ] } },
{ "type": "Feature", "properties": { "P05_001": "32203", "P05_002": "5", "P05_003": "朱鷺会館", "P05_004": "出雲市西新町2-2456-4" }, "geometry": { "type": "Point", "coordinates": [ 132.72566046, 35.33219183 ] } },
{ "type": "Feature", "properties": { "P05_001": "32203", "P05_002": "5", "P05_003": "平田体育館", "P05_004": "出雲市西平田町16" }, "geometry": { "type": "Point", "coordinates": [ 132.816692, 35.434109 ] } },
{ "type": "Feature", "properties": { "P05_001": "32203", "P05_002": "5", "P05_003": "多伎勤労者体育センター", "P05_004": "出雲市多伎町久村1341-1" }, "geometry": { "type": "Point", "coordinates": [ 132.643229389999988, 35.29728521 ] } },
{ "type": "Feature", "properties": { "P05_001": "32203", "P05_002": "5", "P05_003": "多伎体育館", "P05_004": "出雲市多伎町小田11-1" }, "geometry": { "type": "Point", "coordinates": [ 132.628445, 35.282248 ] } },
{ "type": "Feature", "properties": { "P05_001": "32203", "P05_002": "5", "P05_003": "多伎女性研修館", "P05_004": "出雲市多伎町小田471-8" }, "geometry": { "type": "Point", "coordinates": [ 132.622097, 35.281824 ] } },
{ "type": "Feature", "properties": { "P05_001": "32203", "P05_002": "5", "P05_003": "多伎地域福祉センター", "P05_004": "出雲市多伎町小田50" }, "geometry": { "type": "Point", "coordinates": [ 132.626087, 35.284357 ] } },
{ "type": "Feature", "properties": { "P05_001": "32203", "P05_002": "5", "P05_003": "うなばら会館", "P05_004": "出雲市多伎町小田50" }, "geometry": { "type": "Point", "coordinates": [ 132.626077, 35.284357 ] } },
{ "type": "Feature", "properties": { "P05_001": "32203", "P05_002": "4", "P05_003": "多伎コミュニティセンター", "P05_004": "出雲市多伎町小田73" }, "geometry": { "type": "Point", "coordinates": [ 132.62543262, 35.28516093 ] } },
{ "type": "Feature", "properties": { "P05_001": "32203", "P05_002": "5", "P05_003": "出雲こどもホーム", "P05_004": "出雲市今市町北本町1-7" }, "geometry": { "type": "Point", "coordinates": [ 132.755911200000014, 35.36924257 ] } },
{ "type": "Feature", "properties": { "P05_001": "32203", "P05_002": "5", "P05_003": "出雲ドーム", "P05_004": "出雲市矢野町999" }, "geometry": { "type": "Point", "coordinates": [ 132.7396819, 35.38220737 ] } },
{ "type": "Feature", "properties": { "P05_001": "32203", "P05_002": "4", "P05_003": "檜山コミュニティセンター", "P05_004": "出雲市多久町10" }, "geometry": { "type": "Point", "coordinates": [ 132.84587739, 35.46055579 ] } },
{ "type": "Feature", "properties": { "P05_001": "32203", "P05_002": "5", "P05_003": "出雲ゆうプラザ", "P05_004": "出雲市西新町1-2547-2" }, "geometry": { "type": "Point", "coordinates": [ 132.7228379, 35.33513746 ] } },
{ "type": "Feature", "properties": { "P05_001": "32203", "P05_002": "4", "P05_003": "日御碕コミュニティセンター", "P05_004": "出雲市大社町宇龍338-3" }, "geometry": { "type": "Point", "coordinates": [ 132.63608947, 35.42913349 ] } },
{ "type": "Feature", "properties": { "P05_001": "32203", "P05_002": "4", "P05_003": "大社コミュニティセンター", "P05_004": "出雲市大社町杵築南1051-1" }, "geometry": { "type": "Point", "coordinates": [ 132.67992608, 35.39462688 ] } },
{ "type": "Feature", "properties": { "P05_001": "32203", "P05_002": "5", "P05_003": "出雲斎場", "P05_004": "出雲市平成町1599-5" }, "geometry": { "type": "Point", "coordinates": [ 132.7102842, 35.31505647 ] } },
{ "type": "Feature", "properties": { "P05_001": "32203", "P05_002": "5", "P05_003": "大社文化プレイスうらら館", "P05_004": "出雲市大社町杵築南1338-9" }, "geometry": { "type": "Point", "coordinates": [ 132.684852, 35.390816 ] } },
{ "type": "Feature", "properties": { "P05_001": "32203", "P05_002": "5", "P05_003": "出雲市隣保館", "P05_004": "出雲市上塩冶町2657-1" }, "geometry": { "type": "Point", "coordinates": [ 132.7614859, 35.3560473 ] } },
{ "type": "Feature", "properties": { "P05_001": "32203", "P05_002": "2", "P05_003": "大社行政センター", "P05_004": "出雲市大社町杵築南1397-2" }, "geometry": { "type": "Point", "coordinates": [ 132.685606650000011, 35.39091804 ] } },
{ "type": "Feature", "properties": { "P05_001": "32203", "P05_002": "4", "P05_003": "鵜鷺コミュニティセンター", "P05_004": "出雲市大社町鷺浦1045-1" }, "geometry": { "type": "Point", "coordinates": [ 132.691723419999988, 35.4414337 ] } },
{ "type": "Feature", "properties": { "P05_001": "32203", "P05_002": "2", "P05_003": "出雲地方合同庁舎", "P05_004": "出雲市塩冶善行町13-3" }, "geometry": { "type": "Point", "coordinates": [ 132.754761, 35.358387 ] } },
{ "type": "Feature", "properties": { "P05_001": "32203", "P05_002": "4", "P05_003": "荒木コミュニティセンター", "P05_004": "出雲市大社町北荒木389-2" }, "geometry": { "type": "Point", "coordinates": [ 132.690448, 35.383004 ] } },
{ "type": "Feature", "properties": { "P05_001": "32203", "P05_002": "4", "P05_003": "出西コミュニティセンター", "P05_004": "出雲市斐川町求院965" }, "geometry": { "type": "Point", "coordinates": [ 132.79355752, 35.36483276 ] } },
{ "type": "Feature", "properties": { "P05_001": "32203", "P05_002": "4", "P05_003": "遙堪コミュニティセンター", "P05_004": "出雲市大社町遙堪359-2" }, "geometry": { "type": "Point", "coordinates": [ 132.719455, 35.39228631 ] } },
{ "type": "Feature", "properties": { "P05_001": "32203", "P05_002": "5", "P05_003": "出雲中央図書館", "P05_004": "出雲市大津町1134" }, "geometry": { "type": "Point", "coordinates": [ 132.765376159999988, 35.36851829 ] } },
{ "type": "Feature", "properties": { "P05_001": "32203", "P05_002": "4", "P05_003": "大津コミュニティセンター", "P05_004": "出雲市大津町1727-5" }, "geometry": { "type": "Point", "coordinates": [ 132.776215, 35.366929 ] } },
{ "type": "Feature", "properties": { "P05_001": "32203", "P05_002": "5", "P05_003": "水産センター", "P05_004": "出雲市三津町146-7" }, "geometry": { "type": "Point", "coordinates": [ 132.82897433, 35.49561685 ] } },
{ "type": "Feature", "properties": { "P05_001": "32203", "P05_002": "4", "P05_003": "神門コミュニティセンター", "P05_004": "出雲市知井宮町801-1" }, "geometry": { "type": "Point", "coordinates": [ 132.720143869999987, 35.33632654 ] } },
{ "type": "Feature", "properties": { "P05_001": "32203", "P05_002": "5", "P05_003": "青少年の家サンレイク", "P05_004": "出雲市小境町1991-2" }, "geometry": { "type": "Point", "coordinates": [ 132.87953108, 35.46222896 ] } },
{ "type": "Feature", "properties": { "P05_001": "32203", "P05_002": "4", "P05_003": "長浜コミュニティセンター", "P05_004": "出雲市長浜町514-11" }, "geometry": { "type": "Point", "coordinates": [ 132.69649659000001, 35.35525599 ] } },
{ "type": "Feature", "properties": { "P05_001": "32203", "P05_002": "4", "P05_003": "荘原コミュニティセンター", "P05_004": "出雲市斐川町荘原3835" }, "geometry": { "type": "Point", "coordinates": [ 132.85750594000001, 35.39693339 ] } },
{ "type": "Feature", "properties": { "P05_001": "32203", "P05_002": "5", "P05_003": "出雲西部体育館", "P05_004": "出雲市長浜町514-11" }, "geometry": { "type": "Point", "coordinates": [ 132.696343, 35.355326 ] } },
{ "type": "Feature", "properties": { "P05_001": "32203", "P05_002": "4", "P05_003": "久多美コミュニティセンター", "P05_004": "出雲市東郷町175" }, "geometry": { "type": "Point", "coordinates": [ 132.82190712, 35.45665616 ] } },
{ "type": "Feature", "properties": { "P05_001": "32203", "P05_002": "2", "P05_003": "多伎行政センター", "P05_004": "出雲市多伎町小田74-1" }, "geometry": { "type": "Point", "coordinates": [ 132.6249321, 35.28467576 ] } },
{ "type": "Feature", "properties": { "P05_001": "32203", "P05_002": "4", "P05_003": "鳶巣コミュニティセンター", "P05_004": "出雲市東林木町890-4" }, "geometry": { "type": "Point", "coordinates": [ 132.77776633, 35.4038736 ] } },
{ "type": "Feature", "properties": { "P05_001": "32203", "P05_002": "5", "P05_003": "大社図書館", "P05_004": "出雲市大社町杵築南1338-9" }, "geometry": { "type": "Point", "coordinates": [ 132.6851474, 35.39033403 ] } },
{ "type": "Feature", "properties": { "P05_001": "32203", "P05_002": "4", "P05_003": "灘分コミュニティセンター", "P05_004": "出雲市灘分町1933" }, "geometry": { "type": "Point", "coordinates": [ 132.83740058, 35.43106446 ] } },
{ "type": "Feature", "properties": { "P05_001": "32203", "P05_002": "4", "P05_003": "阿宮コミュニティセンター", "P05_004": "出雲市斐川町阿宮2323-2" }, "geometry": { "type": "Point", "coordinates": [ 132.839802730017993, 35.341737851676001 ] } },
{ "type": "Feature", "properties": { "P05_001": "32203", "P05_002": "5", "P05_003": "男女共同参画センター", "P05_004": "出雲市大津町2096-3" }, "geometry": { "type": "Point", "coordinates": [ 132.766249, 35.36479916 ] } },
{ "type": "Feature", "properties": { "P05_001": "32203", "P05_002": "4", "P05_003": "出東コミュニティセンター", "P05_004": "出雲市斐川町三分市1801" }, "geometry": { "type": "Point", "coordinates": [ 132.854522, 35.416778 ] } },
{ "type": "Feature", "properties": { "P05_001": "32203", "P05_002": "5", "P05_003": "猪目交流センター", "P05_004": "出雲市猪目町230-1" }, "geometry": { "type": "Point", "coordinates": [ 132.711463970000011, 35.43826027 ] } },
{ "type": "Feature", "properties": { "P05_001": "32203", "P05_002": "5", "P05_003": "アクティーひかわ体育館", "P05_004": "出雲市斐川町上直江2469" }, "geometry": { "type": "Point", "coordinates": [ 132.816745, 35.378864 ] } },
{ "type": "Feature", "properties": { "P05_001": "32203", "P05_002": "5", "P05_003": "アクティーひかわ", "P05_004": "出雲市斐川町上直江2469" }, "geometry": { "type": "Point", "coordinates": [ 132.817333, 35.379226 ] } },
{ "type": "Feature", "properties": { "P05_001": "32203", "P05_002": "4", "P05_003": "直江コミュニティセンター", "P05_004": "出雲市斐川町直江4865-1" }, "geometry": { "type": "Point", "coordinates": [ 132.8206583, 35.39011868 ] } },
{ "type": "Feature", "properties": { "P05_001": "32203", "P05_002": "5", "P05_003": "斐川第１体育館", "P05_004": "出雲市斐川町荘原2876-3" }, "geometry": { "type": "Point", "coordinates": [ 132.85501423, 35.3968851 ] } },
{ "type": "Feature", "properties": { "P05_001": "32203", "P05_002": "2", "P05_003": "島根県出雲合同庁舎", "P05_004": "出雲市大津町1139" }, "geometry": { "type": "Point", "coordinates": [ 132.76478229, 35.36934928 ] } },
{ "type": "Feature", "properties": { "P05_001": "32203", "P05_002": "2", "P05_003": "斐川行政センター", "P05_004": "出雲市斐川町荘原町2172" }, "geometry": { "type": "Point", "coordinates": [ 132.843201, 35.39287 ] } },
{ "type": "Feature", "properties": { "P05_001": "32203", "P05_002": "5", "P05_003": "斐川第２体育館", "P05_004": "出雲市斐川町直江1231" }, "geometry": { "type": "Point", "coordinates": [ 132.8177876, 35.38727476 ] } },
{ "type": "Feature", "properties": { "P05_001": "32203", "P05_002": "4", "P05_003": "東神西コミュニティセンター", "P05_004": "出雲市東神西町939" }, "geometry": { "type": "Point", "coordinates": [ 132.70158053, 35.32496289 ] } },
{ "type": "Feature", "properties": { "P05_001": "32203", "P05_002": "5", "P05_003": "斐川文化会館", "P05_004": "出雲市斐川町荘原2166-1" }, "geometry": { "type": "Point", "coordinates": [ 132.84241824, 35.39326878 ] } },
{ "type": "Feature", "properties": { "P05_001": "32203", "P05_002": "4", "P05_003": "稗原コミュニティセンター", "P05_004": "出雲市稗原町2859" }, "geometry": { "type": "Point", "coordinates": [ 132.805278, 35.306139 ] } },
{ "type": "Feature", "properties": { "P05_001": "32203", "P05_002": "5", "P05_003": "稗原交流センター", "P05_004": "出雲市稗原町2799-1" }, "geometry": { "type": "Point", "coordinates": [ 132.80401942, 35.30645744 ] } },
{ "type": "Feature", "properties": { "P05_001": "32203", "P05_002": "5", "P05_003": "福祉館", "P05_004": "出雲市平田町2112-1" }, "geometry": { "type": "Point", "coordinates": [ 132.821037, 35.428979 ] } },
{ "type": "Feature", "properties": { "P05_001": "32203", "P05_002": "5", "P05_003": "平田図書館", "P05_004": "出雲市平田町2110-1" }, "geometry": { "type": "Point", "coordinates": [ 132.8200998, 35.42898142 ] } },
{ "type": "Feature", "properties": { "P05_001": "32203", "P05_002": "5", "P05_003": "平田文化館", "P05_004": "出雲市平田町2112-1" }, "geometry": { "type": "Point", "coordinates": [ 132.821153, 35.429046 ] } },
{ "type": "Feature", "properties": { "P05_001": "32203", "P05_002": "5", "P05_003": "平田農業就業改善センター", "P05_004": "出雲市東福町2110" }, "geometry": { "type": "Point", "coordinates": [ 132.8041021, 35.45034349 ] } },
{ "type": "Feature", "properties": { "P05_001": "32203", "P05_002": "5", "P05_003": "平田福祉館", "P05_004": "出雲市平田町2112-1" }, "geometry": { "type": "Point", "coordinates": [ 132.821027, 35.428979 ] } },
{ "type": "Feature", "properties": { "P05_001": "32203", "P05_002": "4", "P05_003": "平田コミュニティセンター", "P05_004": "出雲市平田町911" }, "geometry": { "type": "Point", "coordinates": [ 132.823434, 35.436182 ] } },
{ "type": "Feature", "properties": { "P05_001": "32203", "P05_002": "2", "P05_003": "平田行政センター", "P05_004": "出雲市平田町951-1" }, "geometry": { "type": "Point", "coordinates": [ 132.822428, 35.435113 ] } },
{ "type": "Feature", "properties": { "P05_001": "32203", "P05_002": "4", "P05_003": "高浜コミュニティセンター", "P05_004": "出雲市平野町1183" }, "geometry": { "type": "Point", "coordinates": [ 132.739982700000013, 35.39262009 ] } },
{ "type": "Feature", "properties": { "P05_001": "32203", "P05_002": "4", "P05_003": "西田コミュニティセンター", "P05_004": "出雲市万田町692" }, "geometry": { "type": "Point", "coordinates": [ 132.784081, 35.443749 ] } },
{ "type": "Feature", "properties": { "P05_001": "32203", "P05_002": "4", "P05_003": "伊野コミュニティセンター", "P05_004": "出雲市野郷町492-5" }, "geometry": { "type": "Point", "coordinates": [ 132.894926, 35.485147 ] } },
{ "type": "Feature", "properties": { "P05_001": "32203", "P05_002": "4", "P05_003": "遥堪コミュニティセンター", "P05_004": "出雲市大社町遥堪359-2" }, "geometry": { "type": "Point", "coordinates": [ 132.719507, 35.392272 ] } },
{ "type": "Feature", "properties": { "P05_001": "32204", "P05_002": "4", "P05_003": "安田公民館", "P05_004": "益田市遠田町384-6" }, "geometry": { "type": "Point", "coordinates": [ 131.8616594, 34.71712976 ] } },
{ "type": "Feature", "properties": { "P05_001": "32204", "P05_002": "4", "P05_003": "益田公民館", "P05_004": "益田市本町6-8" }, "geometry": { "type": "Point", "coordinates": [ 131.860213, 34.67705557 ] } },
{ "type": "Feature", "properties": { "P05_001": "32204", "P05_002": "2", "P05_003": "益田市役所分館", "P05_004": "益田市常盤町1-1" }, "geometry": { "type": "Point", "coordinates": [ 131.8428615, 34.67481378 ] } },
{ "type": "Feature", "properties": { "P05_001": "32204", "P05_002": "5", "P05_003": "市民体育館", "P05_004": "益田市下本郷町291" }, "geometry": { "type": "Point", "coordinates": [ 131.855008, 34.685901 ] } },
{ "type": "Feature", "properties": { "P05_001": "32204", "P05_002": "5", "P05_003": "開発地営農研修センター", "P05_004": "益田市喜阿弥町イ1393-8" }, "geometry": { "type": "Point", "coordinates": [ 131.774439, 34.662917 ] } },
{ "type": "Feature", "properties": { "P05_001": "32204", "P05_002": "5", "P05_003": "久城会館", "P05_004": "益田市久城町1351-1" }, "geometry": { "type": "Point", "coordinates": [ 131.858315, 34.69848 ] } },
{ "type": "Feature", "properties": { "P05_001": "32204", "P05_002": "4", "P05_003": "鎌手公民館", "P05_004": "益田市西平原町571-7" }, "geometry": { "type": "Point", "coordinates": [ 131.881051, 34.75266021 ] } },
{ "type": "Feature", "properties": { "P05_001": "32204", "P05_002": "4", "P05_003": "吉田公民館", "P05_004": "益田市元町11-26" }, "geometry": { "type": "Point", "coordinates": [ 131.840926, 34.674653 ] } },
{ "type": "Feature", "properties": { "P05_001": "32204", "P05_002": "4", "P05_003": "高津公民館", "P05_004": "益田市高津2-5-2" }, "geometry": { "type": "Point", "coordinates": [ 131.8219719, 34.67704082 ] } },
{ "type": "Feature", "properties": { "P05_001": "32204", "P05_002": "4", "P05_003": "種公民館", "P05_004": "益田市下種町1179-1" }, "geometry": { "type": "Point", "coordinates": [ 131.9179686, 34.72188015 ] } },
{ "type": "Feature", "properties": { "P05_001": "32204", "P05_002": "5", "P05_003": "上黒谷集会所", "P05_004": "益田市上黒谷町710-3" }, "geometry": { "type": "Point", "coordinates": [ 131.737846, 34.603679 ] } },
{ "type": "Feature", "properties": { "P05_001": "32204", "P05_002": "1", "P05_003": "益田市役所", "P05_004": "益田市常盤町1-1" }, "geometry": { "type": "Point", "coordinates": [ 131.842862, 34.674814 ] } },
{ "type": "Feature", "properties": { "P05_001": "32204", "P05_002": "4", "P05_003": "小野公民館", "P05_004": "益田市戸田町イ501" }, "geometry": { "type": "Point", "coordinates": [ 131.738661, 34.67114855 ] } },
{ "type": "Feature", "properties": { "P05_001": "32204", "P05_002": "4", "P05_003": "西益田公民館", "P05_004": "益田市神田町イ635-1" }, "geometry": { "type": "Point", "coordinates": [ 131.802698, 34.617448 ] } },
{ "type": "Feature", "properties": { "P05_001": "32204", "P05_002": "4", "P05_003": "真砂公民館", "P05_004": "益田市波田町イ538-1" }, "geometry": { "type": "Point", "coordinates": [ 131.938659300000012, 34.6342113 ] } },
{ "type": "Feature", "properties": { "P05_001": "32204", "P05_002": "5", "P05_003": "総合福祉センター", "P05_004": "益田市須子町3-1" }, "geometry": { "type": "Point", "coordinates": [ 131.830807099999987, 34.67939632 ] } },
{ "type": "Feature", "properties": { "P05_001": "32204", "P05_002": "4", "P05_003": "中西公民館", "P05_004": "益田市白上町イ744-2" }, "geometry": { "type": "Point", "coordinates": [ 131.7768663, 34.64887649 ] } },
{ "type": "Feature", "properties": { "P05_001": "32204", "P05_002": "5", "P05_003": "勤労青少年ホーム", "P05_004": "益田市赤城町18-6" }, "geometry": { "type": "Point", "coordinates": [ 131.83814, 34.675114 ] } },
{ "type": "Feature", "properties": { "P05_001": "32204", "P05_002": "4", "P05_003": "都茂公民館", "P05_004": "益田市美都町都茂1692-甲" }, "geometry": { "type": "Point", "coordinates": [ 131.9858606, 34.66606523 ] } },
{ "type": "Feature", "properties": { "P05_001": "32204", "P05_002": "4", "P05_003": "東仙道公民館", "P05_004": "益田市美都町仙道253-1" }, "geometry": { "type": "Point", "coordinates": [ 131.9364881, 34.6795853 ] } },
{ "type": "Feature", "properties": { "P05_001": "32204", "P05_002": "5", "P05_003": "猪木谷集会所", "P05_004": "益田市猪木谷町ロ525-1" }, "geometry": { "type": "Point", "coordinates": [ 131.864799, 34.597642 ] } },
{ "type": "Feature", "properties": { "P05_001": "32204", "P05_002": "5", "P05_003": "柿原集会所", "P05_004": "益田市長沢町ハ426-8" }, "geometry": { "type": "Point", "coordinates": [ 131.90094, 34.601624 ] } },
{ "type": "Feature", "properties": { "P05_001": "32204", "P05_002": "5", "P05_003": "西長沢集会所", "P05_004": "益田市長沢町ロ790-続1" }, "geometry": { "type": "Point", "coordinates": [ 131.904129, 34.590369 ] } },
{ "type": "Feature", "properties": { "P05_001": "32204", "P05_002": "4", "P05_003": "道川公民館", "P05_004": "益田市匹見町道川イ133-1" }, "geometry": { "type": "Point", "coordinates": [ 132.0915494, 34.64052856 ] } },
{ "type": "Feature", "properties": { "P05_001": "32204", "P05_002": "5", "P05_003": "ホタルの里農業センター", "P05_004": "益田市柏原町890-2" }, "geometry": { "type": "Point", "coordinates": [ 131.755998, 34.589527 ] } },
{ "type": "Feature", "properties": { "P05_001": "32204", "P05_002": "5", "P05_003": "小野集会所", "P05_004": "益田市白岩町ロ240-1" }, "geometry": { "type": "Point", "coordinates": [ 131.849838, 34.603081 ] } },
{ "type": "Feature", "properties": { "P05_001": "32204", "P05_002": "4", "P05_003": "二条公民館", "P05_004": "益田市桂平町76-1" }, "geometry": { "type": "Point", "coordinates": [ 131.728116199999988, 34.60165976 ] } },
{ "type": "Feature", "properties": { "P05_001": "32204", "P05_002": "4", "P05_003": "二川公民館", "P05_004": "益田市美都町宇津川ロ377-3" }, "geometry": { "type": "Point", "coordinates": [ 132.0276227, 34.69050234 ] } },
{ "type": "Feature", "properties": { "P05_001": "32204", "P05_002": "4", "P05_003": "美濃公民館", "P05_004": "益田市美濃地町イ140-1" }, "geometry": { "type": "Point", "coordinates": [ 131.7253629, 34.627401 ] } },
{ "type": "Feature", "properties": { "P05_001": "32204", "P05_002": "5", "P05_003": "東仙道集会所", "P05_004": "益田市美都町仙道638-1" }, "geometry": { "type": "Point", "coordinates": [ 131.932233, 34.679258 ] } },
{ "type": "Feature", "properties": { "P05_001": "32204", "P05_002": "5", "P05_003": "都茂上集会所", "P05_004": "益田市美都町都茂1098-6" }, "geometry": { "type": "Point", "coordinates": [ 131.99041, 34.670329 ] } },
{ "type": "Feature", "properties": { "P05_001": "32204", "P05_002": "4", "P05_003": "匹見下公民館", "P05_004": "益田市匹見町澄川イ327" }, "geometry": { "type": "Point", "coordinates": [ 131.9527904, 34.60622885 ] } },
{ "type": "Feature", "properties": { "P05_001": "32204", "P05_002": "5", "P05_003": "美都ミニ福祉センター", "P05_004": "益田市美都町都茂1718-2" }, "geometry": { "type": "Point", "coordinates": [ 131.984164, 34.66542 ] } },
{ "type": "Feature", "properties": { "P05_001": "32204", "P05_002": "2", "P05_003": "美都総合支所", "P05_004": "益田市美都町都茂1803-1" }, "geometry": { "type": "Point", "coordinates": [ 131.986205, 34.666663 ] } },
{ "type": "Feature", "properties": { "P05_001": "32204", "P05_002": "5", "P05_003": "朝日団地集会所", "P05_004": "益田市美都町都茂1820-4" }, "geometry": { "type": "Point", "coordinates": [ 131.987186, 34.667571 ] } },
{ "type": "Feature", "properties": { "P05_001": "32204", "P05_002": "5", "P05_003": "美濃地区多目的集会所", "P05_004": "益田市美濃地町イ135-7" }, "geometry": { "type": "Point", "coordinates": [ 131.726437, 34.62813 ] } },
{ "type": "Feature", "properties": { "P05_001": "32204", "P05_002": "4", "P05_003": "匹見上公民館", "P05_004": "益田市匹見町匹見イ674" }, "geometry": { "type": "Point", "coordinates": [ 132.022361100000012, 34.56822117 ] } },
{ "type": "Feature", "properties": { "P05_001": "32204", "P05_002": "5", "P05_003": "広瀬自治会館", "P05_004": "益田市匹見町広瀬イ159" }, "geometry": { "type": "Point", "coordinates": [ 131.976191, 34.585769 ] } },
{ "type": "Feature", "properties": { "P05_001": "32204", "P05_002": "5", "P05_003": "荒木地区山村活性化センター", "P05_004": "益田市匹見町紙祖イ127-6" }, "geometry": { "type": "Point", "coordinates": [ 132.014056, 34.565602 ] } },
{ "type": "Feature", "properties": { "P05_001": "32204", "P05_002": "5", "P05_003": "七村集会所", "P05_004": "益田市匹見町紙祖ハ273-1" }, "geometry": { "type": "Point", "coordinates": [ 131.973777, 34.524139 ] } },
{ "type": "Feature", "properties": { "P05_001": "32204", "P05_002": "5", "P05_003": "三葛地区農林漁家婦人活動促進施設", "P05_004": "益田市匹見町紙祖ロ214-1" }, "geometry": { "type": "Point", "coordinates": [ 132.01677, 34.482599 ] } },
{ "type": "Feature", "properties": { "P05_001": "32204", "P05_002": "5", "P05_003": "匹見三葛体育館", "P05_004": "益田市匹見町紙祖ロ806" }, "geometry": { "type": "Point", "coordinates": [ 132.00086, 34.487451 ] } },
{ "type": "Feature", "properties": { "P05_001": "32204", "P05_002": "5", "P05_003": "長尾原集会所", "P05_004": "益田市匹見町澄川イ1687-内3" }, "geometry": { "type": "Point", "coordinates": [ 131.950519, 34.605204 ] } },
{ "type": "Feature", "properties": { "P05_001": "32204", "P05_002": "4", "P05_003": "豊川公民館", "P05_004": "益田市大谷町334-1" }, "geometry": { "type": "Point", "coordinates": [ 131.8761673, 34.67260096 ] } },
{ "type": "Feature", "properties": { "P05_001": "32204", "P05_002": "5", "P05_003": "持三郎集会所", "P05_004": "益田市匹見町澄川イ65-1" }, "geometry": { "type": "Point", "coordinates": [ 131.964745, 34.602946 ] } },
{ "type": "Feature", "properties": { "P05_001": "32204", "P05_002": "5", "P05_003": "土井の原集会所", "P05_004": "益田市匹見町澄川イ996-4" }, "geometry": { "type": "Point", "coordinates": [ 131.944444, 34.59914 ] } },
{ "type": "Feature", "properties": { "P05_001": "32204", "P05_002": "5", "P05_003": "谷口老人集会所", "P05_004": "益田市匹見町澄川ロ411" }, "geometry": { "type": "Point", "coordinates": [ 131.933368, 34.58565 ] } },
{ "type": "Feature", "properties": { "P05_001": "32204", "P05_002": "5", "P05_003": "内石自治会館", "P05_004": "益田市匹見町石谷イ303" }, "geometry": { "type": "Point", "coordinates": [ 131.944062, 34.557591 ] } },
{ "type": "Feature", "properties": { "P05_001": "32204", "P05_002": "5", "P05_003": "石谷老人福祉センター", "P05_004": "益田市匹見町石谷ロ416" }, "geometry": { "type": "Point", "coordinates": [ 131.926637, 34.535369 ] } },
{ "type": "Feature", "properties": { "P05_001": "32204", "P05_002": "5", "P05_003": "匹見石谷体育館", "P05_004": "益田市匹見町石谷ロ424" }, "geometry": { "type": "Point", "coordinates": [ 131.927024, 34.535904 ] } },
{ "type": "Feature", "properties": { "P05_001": "32204", "P05_002": "4", "P05_003": "豊田公民館", "P05_004": "益田市横田町454-3" }, "geometry": { "type": "Point", "coordinates": [ 131.806408, 34.62353589 ] } },
{ "type": "Feature", "properties": { "P05_001": "32204", "P05_002": "5", "P05_003": "日の里集会所", "P05_004": "益田市匹見町道川イ954" }, "geometry": { "type": "Point", "coordinates": [ 132.084181, 34.658805 ] } },
{ "type": "Feature", "properties": { "P05_001": "32204", "P05_002": "5", "P05_003": "下道川上集会所", "P05_004": "益田市匹見町道川ロ351-1" }, "geometry": { "type": "Point", "coordinates": [ 132.078604, 34.622635 ] } },
{ "type": "Feature", "properties": { "P05_001": "32204", "P05_002": "5", "P05_003": "野入東自治会館", "P05_004": "益田市匹見町匹見イ1175-6" }, "geometry": { "type": "Point", "coordinates": [ 132.015935, 34.572106 ] } },
{ "type": "Feature", "properties": { "P05_001": "32204", "P05_002": "2", "P05_003": "匹見総合支所", "P05_004": "益田市匹見町匹見イ1260" }, "geometry": { "type": "Point", "coordinates": [ 132.014337, 34.57101 ] } },
{ "type": "Feature", "properties": { "P05_001": "32204", "P05_002": "5", "P05_003": "匹見タウンホール", "P05_004": "益田市匹見町匹見イ1260" }, "geometry": { "type": "Point", "coordinates": [ 132.014337, 34.57099 ] } },
{ "type": "Feature", "properties": { "P05_001": "32204", "P05_002": "5", "P05_003": "野入西自治会館", "P05_004": "益田市匹見町匹見イ1268-1" }, "geometry": { "type": "Point", "coordinates": [ 132.01527, 34.570638 ] } },
{ "type": "Feature", "properties": { "P05_001": "32204", "P05_002": "4", "P05_003": "北仙道公民館", "P05_004": "益田市大草町665-1" }, "geometry": { "type": "Point", "coordinates": [ 131.890746, 34.69809908 ] } },
{ "type": "Feature", "properties": { "P05_001": "32204", "P05_002": "5", "P05_003": "匹見中央体育館", "P05_004": "益田市匹見町匹見イ674" }, "geometry": { "type": "Point", "coordinates": [ 132.021908, 34.568252 ] } },
{ "type": "Feature", "properties": { "P05_001": "32204", "P05_002": "5", "P05_003": "植地集会所", "P05_004": "益田市匹見町匹見イ961-2" }, "geometry": { "type": "Point", "coordinates": [ 132.02222, 34.567791 ] } },
{ "type": "Feature", "properties": { "P05_001": "32204", "P05_002": "5", "P05_003": "落合自治会館", "P05_004": "益田市匹見町落合イ15-2" }, "geometry": { "type": "Point", "coordinates": [ 132.007967, 34.581157 ] } },
{ "type": "Feature", "properties": { "P05_001": "32204", "P05_002": "5", "P05_003": "千原集会所", "P05_004": "益田市匹見町落合ホ59-3" }, "geometry": { "type": "Point", "coordinates": [ 132.006103, 34.579143 ] } },
{ "type": "Feature", "properties": { "P05_001": "32204", "P05_002": "5", "P05_003": "明見団地集会所", "P05_004": "益田市須子町イ683-174" }, "geometry": { "type": "Point", "coordinates": [ 131.8289268, 34.67621886 ] } },
{ "type": "Feature", "properties": { "P05_001": "32205", "P05_002": "3", "P05_003": "井田まちづくりセンター", "P05_004": "大田市温泉津町井田ロ255" }, "geometry": { "type": "Point", "coordinates": [ 132.38614761, 35.03234393 ] } },
{ "type": "Feature", "properties": { "P05_001": "32205", "P05_002": "5", "P05_003": "荻村集会所", "P05_004": "大田市温泉津町荻村218" }, "geometry": { "type": "Point", "coordinates": [ 132.397738, 35.060643 ] } },
{ "type": "Feature", "properties": { "P05_001": "32205", "P05_002": "5", "P05_003": "温泉津総合体育館", "P05_004": "大田市温泉津町温泉津イ207" }, "geometry": { "type": "Point", "coordinates": [ 132.347527, 35.099045 ] } },
{ "type": "Feature", "properties": { "P05_001": "32205", "P05_002": "5", "P05_003": "温泉津会館", "P05_004": "大田市温泉津町温泉津ロ180" }, "geometry": { "type": "Point", "coordinates": [ 132.347517, 35.096267 ] } },
{ "type": "Feature", "properties": { "P05_001": "32205", "P05_002": "5", "P05_003": "小浜会館", "P05_004": "大田市温泉津町小浜イ154" }, "geometry": { "type": "Point", "coordinates": [ 132.349524, 35.092668 ] } },
{ "type": "Feature", "properties": { "P05_001": "32205", "P05_002": "3", "P05_003": "温泉津まちづくりセンター", "P05_004": "大田市温泉津町小浜イ486" }, "geometry": { "type": "Point", "coordinates": [ 132.35729262000001, 35.09000396 ] } },
{ "type": "Feature", "properties": { "P05_001": "32205", "P05_002": "5", "P05_003": "おおだふれあい会館", "P05_004": "大田市大田町大田イ121-1" }, "geometry": { "type": "Point", "coordinates": [ 132.501437790000011, 35.19460298 ] } },
{ "type": "Feature", "properties": { "P05_001": "32205", "P05_002": "5", "P05_003": "コミュニティよずくの里", "P05_004": "大田市温泉津町西田620-3" }, "geometry": { "type": "Point", "coordinates": [ 132.397905189999989, 35.08720478 ] } },
{ "type": "Feature", "properties": { "P05_001": "32205", "P05_002": "4", "P05_003": "温泉津公民館", "P05_004": "大田市温泉津町小浜イ486" }, "geometry": { "type": "Point", "coordinates": [ 132.357511, 35.089979 ] } },
{ "type": "Feature", "properties": { "P05_001": "32205", "P05_002": "5", "P05_003": "水仙会館", "P05_004": "大田市温泉津町上村456-2" }, "geometry": { "type": "Point", "coordinates": [ 132.349151, 35.070527 ] } },
{ "type": "Feature", "properties": { "P05_001": "32205", "P05_002": "5", "P05_003": "上村会館", "P05_004": "大田市温泉津町上村73-1" }, "geometry": { "type": "Point", "coordinates": [ 132.366622, 35.079932 ] } },
{ "type": "Feature", "properties": { "P05_001": "32205", "P05_002": "2", "P05_003": "温泉津支所", "P05_004": "大田市温泉津町小浜イ486" }, "geometry": { "type": "Point", "coordinates": [ 132.357209, 35.090059 ] } },
{ "type": "Feature", "properties": { "P05_001": "32205", "P05_002": "3", "P05_003": "湯里まちづくりセンター", "P05_004": "大田市温泉津町湯里1655" }, "geometry": { "type": "Point", "coordinates": [ 132.37904773, 35.10723207 ] } },
{ "type": "Feature", "properties": { "P05_001": "32205", "P05_002": "3", "P05_003": "福波まちづくりセンター", "P05_004": "大田市温泉津町福光ハ467-1" }, "geometry": { "type": "Point", "coordinates": [ 132.33347993000001, 35.07270555 ] } },
{ "type": "Feature", "properties": { "P05_001": "32205", "P05_002": "3", "P05_003": "久手まちづくりセンター", "P05_004": "大田市久手町波根西1748" }, "geometry": { "type": "Point", "coordinates": [ 132.50924319, 35.22945682 ] } },
{ "type": "Feature", "properties": { "P05_001": "32205", "P05_002": "5", "P05_003": "温泉津図書館", "P05_004": "大田市温泉津町小浜イ486" }, "geometry": { "type": "Point", "coordinates": [ 132.357554, 35.089981 ] } },
{ "type": "Feature", "properties": { "P05_001": "32205", "P05_002": "5", "P05_003": "久手駅集会所", "P05_004": "大田市久手町波根西1762-5" }, "geometry": { "type": "Point", "coordinates": [ 132.508237, 35.229414 ] } },
{ "type": "Feature", "properties": { "P05_001": "32205", "P05_002": "3", "P05_003": "久利まちづくりセンター", "P05_004": "大田市久利町久利790-1" }, "geometry": { "type": "Point", "coordinates": [ 132.47484068, 35.15273902 ] } },
{ "type": "Feature", "properties": { "P05_001": "32205", "P05_002": "3", "P05_003": "五十猛まちづくりセンター", "P05_004": "大田市五十猛町1481-2" }, "geometry": { "type": "Point", "coordinates": [ 132.432962120000013, 35.18890696 ] } },
{ "type": "Feature", "properties": { "P05_001": "32205", "P05_002": "3", "P05_003": "志学まちづくりセンター", "P05_004": "大田市三瓶町志学ロ869-1" }, "geometry": { "type": "Point", "coordinates": [ 132.631275460000012, 35.11352718 ] } },
{ "type": "Feature", "properties": { "P05_001": "32205", "P05_002": "5", "P05_003": "高齢者生活福祉センターむつみ苑", "P05_004": "大田市仁摩町天河内831" }, "geometry": { "type": "Point", "coordinates": [ 132.407856, 35.144163 ] } },
{ "type": "Feature", "properties": { "P05_001": "32205", "P05_002": "5", "P05_003": "小屋原自治会館", "P05_004": "大田市三瓶町小屋原424" }, "geometry": { "type": "Point", "coordinates": [ 132.593093, 35.154818 ] } },
{ "type": "Feature", "properties": { "P05_001": "32205", "P05_002": "3", "P05_003": "北三瓶まちづくりセンター多根分館", "P05_004": "大田市三瓶町多根イ252-1" }, "geometry": { "type": "Point", "coordinates": [ 132.60349517, 35.17198037 ] } },
{ "type": "Feature", "properties": { "P05_001": "32205", "P05_002": "5", "P05_003": "三瓶スポーツ施設", "P05_004": "大田市三瓶町小屋原1911-1" }, "geometry": { "type": "Point", "coordinates": [ 132.602502, 35.130605 ] } },
{ "type": "Feature", "properties": { "P05_001": "32205", "P05_002": "3", "P05_003": "池田まちづくりセンター", "P05_004": "大田市三瓶町池田1887-1" }, "geometry": { "type": "Point", "coordinates": [ 132.58361012, 35.14472271 ] } },
{ "type": "Feature", "properties": { "P05_001": "32205", "P05_002": "5", "P05_003": "野城報徳会館", "P05_004": "大田市三瓶町野城イ623" }, "geometry": { "type": "Point", "coordinates": [ 132.578795, 35.178003 ] } },
{ "type": "Feature", "properties": { "P05_001": "32205", "P05_002": "3", "P05_003": "北三瓶まちづくりセンター", "P05_004": "大田市山口町山口1181-1" }, "geometry": { "type": "Point", "coordinates": [ 132.62719152, 35.17289291 ] } },
{ "type": "Feature", "properties": { "P05_001": "32205", "P05_002": "4", "P05_003": "三瓶公民館", "P05_004": "大田市三瓶町池田1887-1" }, "geometry": { "type": "Point", "coordinates": [ 132.58361012, 35.14474271 ] } },
{ "type": "Feature", "properties": { "P05_001": "32205", "P05_002": "5", "P05_003": "仁摩農村環境改善センター", "P05_004": "大田市仁摩町仁万540-1" }, "geometry": { "type": "Point", "coordinates": [ 132.40550511, 35.14883208 ] } },
{ "type": "Feature", "properties": { "P05_001": "32205", "P05_002": "3", "P05_003": "市民センター", "P05_004": "大田市大田町大田イ140-2" }, "geometry": { "type": "Point", "coordinates": [ 132.501144149999988, 35.1940408 ] } },
{ "type": "Feature", "properties": { "P05_001": "32205", "P05_002": "3", "P05_003": "仁万まちづくりセンター", "P05_004": "大田市仁摩町仁万562-3" }, "geometry": { "type": "Point", "coordinates": [ 132.40610881, 35.14838485 ] } },
{ "type": "Feature", "properties": { "P05_001": "32205", "P05_002": "5", "P05_003": "仁摩ふれあい交流館", "P05_004": "大田市仁摩町天河内975" }, "geometry": { "type": "Point", "coordinates": [ 132.405174, 35.14693 ] } },
{ "type": "Feature", "properties": { "P05_001": "32205", "P05_002": "5", "P05_003": "仁摩生涯学習センター", "P05_004": "大田市仁摩町仁万565-1" }, "geometry": { "type": "Point", "coordinates": [ 132.407119, 35.148247 ] } },
{ "type": "Feature", "properties": { "P05_001": "32205", "P05_002": "4", "P05_003": "仁摩公民館", "P05_004": "大田市仁摩町仁万562-3" }, "geometry": { "type": "Point", "coordinates": [ 132.40610881, 35.14840485 ] } },
{ "type": "Feature", "properties": { "P05_001": "32205", "P05_002": "4", "P05_003": "仁万コミュニティセンター", "P05_004": "大田市仁摩町仁万837-6" }, "geometry": { "type": "Point", "coordinates": [ 132.402822, 35.153067 ] } },
{ "type": "Feature", "properties": { "P05_001": "32205", "P05_002": "5", "P05_003": "仁摩文化振興会館", "P05_004": "大田市仁摩町大国1246" }, "geometry": { "type": "Point", "coordinates": [ 132.42427759, 35.12663159 ] } },
{ "type": "Feature", "properties": { "P05_001": "32205", "P05_002": "2", "P05_003": "仁摩支所", "P05_004": "大田市仁摩町仁万562-3" }, "geometry": { "type": "Point", "coordinates": [ 132.406508, 35.148396 ] } },
{ "type": "Feature", "properties": { "P05_001": "32205", "P05_002": "3", "P05_003": "大国まちづくりセンター", "P05_004": "大田市仁摩町大国1269" }, "geometry": { "type": "Point", "coordinates": [ 132.42415957, 35.12679148 ] } },
{ "type": "Feature", "properties": { "P05_001": "32205", "P05_002": "3", "P05_003": "宅野まちづくりセンター", "P05_004": "大田市仁摩町宅野79" }, "geometry": { "type": "Point", "coordinates": [ 132.405965009999989, 35.16705978 ] } },
{ "type": "Feature", "properties": { "P05_001": "32205", "P05_002": "5", "P05_003": "仁摩図書館", "P05_004": "大田市仁摩町仁万565-1" }, "geometry": { "type": "Point", "coordinates": [ 132.407119, 35.148265 ] } },
{ "type": "Feature", "properties": { "P05_001": "32205", "P05_002": "5", "P05_003": "仁摩葬斎場", "P05_004": "大田市仁摩町仁万322" }, "geometry": { "type": "Point", "coordinates": [ 132.392199, 35.145466 ] } },
{ "type": "Feature", "properties": { "P05_001": "32205", "P05_002": "5", "P05_003": "仁摩老人福祉センターびしゃもん", "P05_004": "大田市仁摩町天河内895-2" }, "geometry": { "type": "Point", "coordinates": [ 132.409297, 35.144786 ] } },
{ "type": "Feature", "properties": { "P05_001": "32205", "P05_002": "3", "P05_003": "馬路まちづくりセンター", "P05_004": "大田市仁摩町馬路1737-6" }, "geometry": { "type": "Point", "coordinates": [ 132.38860824, 35.12960859 ] } },
{ "type": "Feature", "properties": { "P05_001": "32205", "P05_002": "5", "P05_003": "馬路地区体育館", "P05_004": "大田市仁摩町馬路836-1" }, "geometry": { "type": "Point", "coordinates": [ 132.39344485, 35.12904775 ] } },
{ "type": "Feature", "properties": { "P05_001": "32205", "P05_002": "4", "P05_003": "高山公民館", "P05_004": "大田市水上町三久須11-2" }, "geometry": { "type": "Point", "coordinates": [ 132.459733, 35.090959 ] } },
{ "type": "Feature", "properties": { "P05_001": "32205", "P05_002": "3", "P05_003": "水上まちづくりセンター", "P05_004": "大田市水上町三久須21" }, "geometry": { "type": "Point", "coordinates": [ 132.45944734, 35.09058047 ] } },
{ "type": "Feature", "properties": { "P05_001": "32205", "P05_002": "5", "P05_003": "静間駅集会所", "P05_004": "大田市静間町1046-3" }, "geometry": { "type": "Point", "coordinates": [ 132.467907, 35.195486 ] } },
{ "type": "Feature", "properties": { "P05_001": "32205", "P05_002": "4", "P05_003": "西部公民館", "P05_004": "大田市静間町430-1" }, "geometry": { "type": "Point", "coordinates": [ 132.46469403, 35.20366826 ] } },
{ "type": "Feature", "properties": { "P05_001": "32205", "P05_002": "3", "P05_003": "静間まちづくりセンター", "P05_004": "大田市静間町430-1" }, "geometry": { "type": "Point", "coordinates": [ 132.46469403, 35.20364826 ] } },
{ "type": "Feature", "properties": { "P05_001": "32205", "P05_002": "3", "P05_003": "川合まちづくりセンター", "P05_004": "大田市川合町川合1247-1" }, "geometry": { "type": "Point", "coordinates": [ 132.51077396, 35.15442015 ] } },
{ "type": "Feature", "properties": { "P05_001": "32205", "P05_002": "3", "P05_003": "祖式まちづくりセンター", "P05_004": "大田市祖式町546-1" }, "geometry": { "type": "Point", "coordinates": [ 132.45294456, 35.06719336 ] } },
{ "type": "Feature", "properties": { "P05_001": "32205", "P05_002": "3", "P05_003": "大屋まちづくりセンター", "P05_004": "大田市大屋町大国2903-1" }, "geometry": { "type": "Point", "coordinates": [ 132.452047529999987, 35.15348512 ] } },
{ "type": "Feature", "properties": { "P05_001": "32205", "P05_002": "3", "P05_003": "大森まちづくりセンター", "P05_004": "大田市大森町イ490" }, "geometry": { "type": "Point", "coordinates": [ 132.44518055, 35.11862689 ] } },
{ "type": "Feature", "properties": { "P05_001": "32205", "P05_002": "5", "P05_003": "大森町並み交流センター", "P05_004": "大田市大森町イ490" }, "geometry": { "type": "Point", "coordinates": [ 132.44518055, 35.11860689 ] } },
{ "type": "Feature", "properties": { "P05_001": "32205", "P05_002": "5", "P05_003": "銀山口自治会館", "P05_004": "大田市大森町駒ノ足ハ183-1" }, "geometry": { "type": "Point", "coordinates": [ 132.44543453, 35.11461772 ] } },
{ "type": "Feature", "properties": { "P05_001": "32205", "P05_002": "3", "P05_003": "大代まちづくりセンター", "P05_004": "大田市大代町大家1579" }, "geometry": { "type": "Point", "coordinates": [ 132.407620900000012, 35.0329431 ] } },
{ "type": "Feature", "properties": { "P05_001": "32205", "P05_002": "3", "P05_003": "大田市民センター", "P05_004": "大田市大田町大田イ128" }, "geometry": { "type": "Point", "coordinates": [ 132.50149284, 35.19355926 ] } },
{ "type": "Feature", "properties": { "P05_001": "32205", "P05_002": "5", "P05_003": "大田葬斎場", "P05_004": "大田市鳥井町鳥井1135-2" }, "geometry": { "type": "Point", "coordinates": [ 132.48011, 35.206128 ] } },
{ "type": "Feature", "properties": { "P05_001": "32205", "P05_002": "5", "P05_003": "大田市民会館", "P05_004": "大田市大田町大田イ128" }, "geometry": { "type": "Point", "coordinates": [ 132.501144149999988, 35.1940428 ] } },
{ "type": "Feature", "properties": { "P05_001": "32205", "P05_002": "3", "P05_003": "大田まちづくりセンター", "P05_004": "大田市大田町大田イ140-2" }, "geometry": { "type": "Point", "coordinates": [ 132.50115415, 35.1940308 ] } },
{ "type": "Feature", "properties": { "P05_001": "32205", "P05_002": "5", "P05_003": "大田老人福祉センター", "P05_004": "大田市大田町大田イ140-2" }, "geometry": { "type": "Point", "coordinates": [ 132.501437, 35.193575 ] } },
{ "type": "Feature", "properties": { "P05_001": "32205", "P05_002": "5", "P05_003": "地域包括支援センター", "P05_004": "大田市大田町大田イ140-2" }, "geometry": { "type": "Point", "coordinates": [ 132.501144149999988, 35.1940308 ] } },
{ "type": "Feature", "properties": { "P05_001": "32205", "P05_002": "4", "P05_003": "中央公民館", "P05_004": "大田市大田町大田イ140-2" }, "geometry": { "type": "Point", "coordinates": [ 132.501144149999988, 35.1940108 ] } },
{ "type": "Feature", "properties": { "P05_001": "32205", "P05_002": "5", "P05_003": "島根県立男女共同参画センター", "P05_004": "大田市大田町大田イ236-4" }, "geometry": { "type": "Point", "coordinates": [ 132.49851332, 35.20001248 ] } },
{ "type": "Feature", "properties": { "P05_001": "32205", "P05_002": "4", "P05_003": "東部公民館", "P05_004": "大田市久手町波根西1748" }, "geometry": { "type": "Point", "coordinates": [ 132.50924319, 35.22943682 ] } },
{ "type": "Feature", "properties": { "P05_001": "32205", "P05_002": "1", "P05_003": "大田市役所", "P05_004": "大田市大田町大田ロ1111" }, "geometry": { "type": "Point", "coordinates": [ 132.499151, 35.192203 ] } },
{ "type": "Feature", "properties": { "P05_001": "32205", "P05_002": "5", "P05_003": "サンレディー大田", "P05_004": "大田市大田町大田ロ1329-9" }, "geometry": { "type": "Point", "coordinates": [ 132.50028267, 35.19096495 ] } },
{ "type": "Feature", "properties": { "P05_001": "32205", "P05_002": "5", "P05_003": "大田総合体育館", "P05_004": "大田市大田町大田ロ1451" }, "geometry": { "type": "Point", "coordinates": [ 132.50855475, 35.18564195 ] } },
{ "type": "Feature", "properties": { "P05_001": "32205", "P05_002": "3", "P05_003": "朝山まちづくりセンター", "P05_004": "大田市朝山町朝倉420-1" }, "geometry": { "type": "Point", "coordinates": [ 132.56473159, 35.24842069 ] } },
{ "type": "Feature", "properties": { "P05_001": "32205", "P05_002": "5", "P05_003": "稲用中自治会館", "P05_004": "大田市長久町稲用491-4" }, "geometry": { "type": "Point", "coordinates": [ 132.484659, 35.183632 ] } },
{ "type": "Feature", "properties": { "P05_001": "32205", "P05_002": "3", "P05_003": "長久まちづくりセンター", "P05_004": "大田市長久町長久イ612-1" }, "geometry": { "type": "Point", "coordinates": [ 132.483103559999989, 35.19622321 ] } },
{ "type": "Feature", "properties": { "P05_001": "32205", "P05_002": "5", "P05_003": "文化振興会館", "P05_004": "大田市仁摩町大国1246" }, "geometry": { "type": "Point", "coordinates": [ 132.42427759, 35.12661159 ] } },
{ "type": "Feature", "properties": { "P05_001": "32205", "P05_002": "3", "P05_003": "鳥井まちづくりセンター", "P05_004": "大田市鳥井町鳥井412-4" }, "geometry": { "type": "Point", "coordinates": [ 132.47931567, 35.21723445 ] } },
{ "type": "Feature", "properties": { "P05_001": "32205", "P05_002": "5", "P05_003": "波根駅集会所", "P05_004": "大田市波根町1327-3" }, "geometry": { "type": "Point", "coordinates": [ 132.526399, 35.240366 ] } },
{ "type": "Feature", "properties": { "P05_001": "32205", "P05_002": "3", "P05_003": "波根まちづくりセンター", "P05_004": "大田市波根町1751-2" }, "geometry": { "type": "Point", "coordinates": [ 132.535947639999989, 35.24363811 ] } },
{ "type": "Feature", "properties": { "P05_001": "32205", "P05_002": "3", "P05_003": "富山まちづくりセンター", "P05_004": "大田市富山町山中1684" }, "geometry": { "type": "Point", "coordinates": [ 132.57673845, 35.21477193 ] } },
{ "type": "Feature", "properties": { "P05_001": "32206", "P05_002": "5", "P05_003": "社日交流センター", "P05_004": "安来市安来町1281-1" }, "geometry": { "type": "Point", "coordinates": [ 133.247865499999989, 35.4227041 ] } },
{ "type": "Feature", "properties": { "P05_001": "32206", "P05_002": "5", "P05_003": "いきいきの郷はくた", "P05_004": "安来市伯太町安田1687" }, "geometry": { "type": "Point", "coordinates": [ 133.27412739, 35.37260107 ] } },
{ "type": "Feature", "properties": { "P05_001": "32206", "P05_002": "5", "P05_003": "ふれあいプラザ", "P05_004": "安来市古川町848" }, "geometry": { "type": "Point", "coordinates": [ 133.1969765, 35.374913 ] } },
{ "type": "Feature", "properties": { "P05_001": "32206", "P05_002": "5", "P05_003": "安田老人福祉センター", "P05_004": "安来市伯太町安田中159" }, "geometry": { "type": "Point", "coordinates": [ 133.283749300000011, 35.37099375 ] } },
{ "type": "Feature", "properties": { "P05_001": "32206", "P05_002": "5", "P05_003": "安来市民体育館", "P05_004": "安来市安来町1365" }, "geometry": { "type": "Point", "coordinates": [ 133.196629300000012, 35.3754074 ] } },
{ "type": "Feature", "properties": { "P05_001": "32206", "P05_002": "2", "P05_003": "安来市役所伯太庁舎", "P05_004": "安来市伯太町東母里580" }, "geometry": { "type": "Point", "coordinates": [ 133.27775, 35.356144 ] } },
{ "type": "Feature", "properties": { "P05_001": "32206", "P05_002": "5", "P05_003": "交流センター宇賀荘", "P05_004": "安来市宇賀荘町98-1" }, "geometry": { "type": "Point", "coordinates": [ 133.262931, 35.39544 ] } },
{ "type": "Feature", "properties": { "P05_001": "32206", "P05_002": "5", "P05_003": "安来中央交流センター", "P05_004": "安来市安来町896-1" }, "geometry": { "type": "Point", "coordinates": [ 133.2514113, 35.4316616 ] } },
{ "type": "Feature", "properties": { "P05_001": "32206", "P05_002": "5", "P05_003": "宇波交流センター", "P05_004": "安来市広瀬町宇波482-2" }, "geometry": { "type": "Point", "coordinates": [ 133.19163623, 35.31099792 ] } },
{ "type": "Feature", "properties": { "P05_001": "32206", "P05_002": "5", "P05_003": "奥田原交流センター", "P05_004": "安来市広瀬町奥田原602-1" }, "geometry": { "type": "Point", "coordinates": [ 133.076985, 35.279776 ] } },
{ "type": "Feature", "properties": { "P05_001": "32206", "P05_002": "5", "P05_003": "下山佐交流センター", "P05_004": "安来市広瀬町下山佐500-1" }, "geometry": { "type": "Point", "coordinates": [ 133.149275100000011, 35.3463262 ] } },
{ "type": "Feature", "properties": { "P05_001": "32206", "P05_002": "2", "P05_003": "安来庁舎", "P05_004": "安来市安来町878-2" }, "geometry": { "type": "Point", "coordinates": [ 133.250851, 35.431451 ] } },
{ "type": "Feature", "properties": { "P05_001": "32206", "P05_002": "5", "P05_003": "井尻老人憩の家", "P05_004": "安来市伯太町井尻77" }, "geometry": { "type": "Point", "coordinates": [ 133.2730344, 35.3339832 ] } },
{ "type": "Feature", "properties": { "P05_001": "32206", "P05_002": "5", "P05_003": "井尻老人福祉センター", "P05_004": "安来市伯太町井尻857-1" }, "geometry": { "type": "Point", "coordinates": [ 133.26316789, 35.3286135 ] } },
{ "type": "Feature", "properties": { "P05_001": "32206", "P05_002": "5", "P05_003": "勤労者体育センター", "P05_004": "安来市広瀬町西比田1441-2" }, "geometry": { "type": "Point", "coordinates": [ 133.13174261, 35.23899761 ] } },
{ "type": "Feature", "properties": { "P05_001": "32206", "P05_002": "3", "P05_003": "広瀬地域センター", "P05_004": "安来市広瀬町広瀬703" }, "geometry": { "type": "Point", "coordinates": [ 133.172392, 35.365266 ] } },
{ "type": "Feature", "properties": { "P05_001": "32206", "P05_002": "5", "P05_003": "広瀬体育館", "P05_004": "安来市広瀬町広瀬753-13" }, "geometry": { "type": "Point", "coordinates": [ 133.1710808, 35.36516129 ] } },
{ "type": "Feature", "properties": { "P05_001": "32206", "P05_002": "5", "P05_003": "憩いの家", "P05_004": "安来市広瀬町富田1031-1" }, "geometry": { "type": "Point", "coordinates": [ 133.181422246206012, 35.360065517804003 ] } },
{ "type": "Feature", "properties": { "P05_001": "32206", "P05_002": "5", "P05_003": "健康福祉センター", "P05_004": "安来市広瀬町広瀬1930-1" }, "geometry": { "type": "Point", "coordinates": [ 133.178066699999988, 35.3701686 ] } },
{ "type": "Feature", "properties": { "P05_001": "32206", "P05_002": "5", "P05_003": "広瀬社会福祉センター", "P05_004": "安来市広瀬町広瀬754" }, "geometry": { "type": "Point", "coordinates": [ 133.17093667, 35.36555336 ] } },
{ "type": "Feature", "properties": { "P05_001": "32206", "P05_002": "5", "P05_003": "広瀬中央交流センター", "P05_004": "安来市広瀬町広瀬811" }, "geometry": { "type": "Point", "coordinates": [ 133.17346032, 35.36645909 ] } },
{ "type": "Feature", "properties": { "P05_001": "32206", "P05_002": "2", "P05_003": "山佐出張所", "P05_004": "安来市広瀬町上山佐645-5" }, "geometry": { "type": "Point", "coordinates": [ 133.108445, 35.324188 ] } },
{ "type": "Feature", "properties": { "P05_001": "32206", "P05_002": "5", "P05_003": "山佐交流センター", "P05_004": "安来市広瀬町上山佐654-5" }, "geometry": { "type": "Point", "coordinates": [ 133.108391399999988, 35.3241275 ] } },
{ "type": "Feature", "properties": { "P05_001": "32206", "P05_002": "5", "P05_003": "菅原交流センター", "P05_004": "安来市広瀬町菅原604" }, "geometry": { "type": "Point", "coordinates": [ 133.173015740000011, 35.33684288 ] } },
{ "type": "Feature", "properties": { "P05_001": "32206", "P05_002": "5", "P05_003": "西谷交流センター", "P05_004": "安来市広瀬町西谷376-6" }, "geometry": { "type": "Point", "coordinates": [ 133.124000059999986, 35.27673205 ] } },
{ "type": "Feature", "properties": { "P05_001": "32206", "P05_002": "2", "P05_003": "広瀬庁舎", "P05_004": "安来市広瀬町広瀬703" }, "geometry": { "type": "Point", "coordinates": [ 133.172392, 35.365286 ] } },
{ "type": "Feature", "properties": { "P05_001": "32206", "P05_002": "5", "P05_003": "広瀬町総合体育館", "P05_004": "安来市広瀬町広瀬307" }, "geometry": { "type": "Point", "coordinates": [ 133.1247626, 35.2765088 ] } },
{ "type": "Feature", "properties": { "P05_001": "32206", "P05_002": "5", "P05_003": "比田交流センター", "P05_004": "安来市広瀬町西比田1708-4" }, "geometry": { "type": "Point", "coordinates": [ 133.1354158, 35.2421179 ] } },
{ "type": "Feature", "properties": { "P05_001": "32206", "P05_002": "2", "P05_003": "比田出張所", "P05_004": "安来市広瀬町西比田1708-4" }, "geometry": { "type": "Point", "coordinates": [ 133.13541544, 35.24211733 ] } },
{ "type": "Feature", "properties": { "P05_001": "32206", "P05_002": "5", "P05_003": "広瀬町民会館", "P05_004": "安来市広瀬町広瀬772-2" }, "geometry": { "type": "Point", "coordinates": [ 133.173206099999987, 35.3655995 ] } },
{ "type": "Feature", "properties": { "P05_001": "32206", "P05_002": "5", "P05_003": "東比田交流センター", "P05_004": "安来市広瀬町東比田950-11" }, "geometry": { "type": "Point", "coordinates": [ 133.17727579000001, 35.25234226 ] } },
{ "type": "Feature", "properties": { "P05_001": "32206", "P05_002": "5", "P05_003": "広瀬絣センター", "P05_004": "安来市広瀬町町帳775-1" }, "geometry": { "type": "Point", "coordinates": [ 133.18062268, 35.36822511 ] } },
{ "type": "Feature", "properties": { "P05_001": "32206", "P05_002": "5", "P05_003": "布部交流センター", "P05_004": "安来市広瀬町布部345-40" }, "geometry": { "type": "Point", "coordinates": [ 133.15082261, 35.30634773 ] } },
{ "type": "Feature", "properties": { "P05_001": "32206", "P05_002": "2", "P05_003": "布部出張所", "P05_004": "安来市広瀬町布部345-40" }, "geometry": { "type": "Point", "coordinates": [ 133.150823, 35.306403 ] } },
{ "type": "Feature", "properties": { "P05_001": "32206", "P05_002": "5", "P05_003": "荒島交流センター", "P05_004": "安来市荒島町3353-5" }, "geometry": { "type": "Point", "coordinates": [ 133.20844705, 35.4341034 ] } },
{ "type": "Feature", "properties": { "P05_001": "32206", "P05_002": "5", "P05_003": "吉田交流センター", "P05_004": "安来市上吉田町618-1" }, "geometry": { "type": "Point", "coordinates": [ 133.234559, 35.363475 ] } },
{ "type": "Feature", "properties": { "P05_001": "32206", "P05_002": "5", "P05_003": "赤江交流センター", "P05_004": "安来市上坂田町574" }, "geometry": { "type": "Point", "coordinates": [ 133.2264027, 35.4294535 ] } },
{ "type": "Feature", "properties": { "P05_001": "32206", "P05_002": "5", "P05_003": "高齢者生活福祉センター", "P05_004": "安来市伯太町安田1687" }, "geometry": { "type": "Point", "coordinates": [ 133.2741155, 35.3725509 ] } },
{ "type": "Feature", "properties": { "P05_001": "32206", "P05_002": "5", "P05_003": "斎場独松山霊苑", "P05_004": "安来市飯生町445" }, "geometry": { "type": "Point", "coordinates": [ 133.2407543, 35.4410025 ] } },
{ "type": "Feature", "properties": { "P05_001": "32206", "P05_002": "2", "P05_003": "新安来庁舎", "P05_004": "安来市安来町878-2" }, "geometry": { "type": "Point", "coordinates": [ 133.2508512, 35.4314506 ] } },
{ "type": "Feature", "properties": { "P05_001": "32206", "P05_002": "5", "P05_003": "大塚交流センター", "P05_004": "安来市大塚町400-1" }, "geometry": { "type": "Point", "coordinates": [ 133.26330864, 35.37933271 ] } },
{ "type": "Feature", "properties": { "P05_001": "32206", "P05_002": "5", "P05_003": "丸山集会所", "P05_004": "安来市大塚町652-4" }, "geometry": { "type": "Point", "coordinates": [ 133.261014, 35.376195 ] } },
{ "type": "Feature", "properties": { "P05_001": "32206", "P05_002": "5", "P05_003": "西谷生活改善センター", "P05_004": "安来市広瀬町西谷403" }, "geometry": { "type": "Point", "coordinates": [ 133.12448594, 35.27572665 ] } },
{ "type": "Feature", "properties": { "P05_001": "32206", "P05_002": "5", "P05_003": "安来南体育館", "P05_004": "安来市沢町東ノ代461-5" }, "geometry": { "type": "Point", "coordinates": [ 133.24762714, 35.39771632 ] } },
{ "type": "Feature", "properties": { "P05_001": "32206", "P05_002": "5", "P05_003": "赤屋老人福祉センター", "P05_004": "安来市伯太町赤屋116-6" }, "geometry": { "type": "Point", "coordinates": [ 133.259807239999986, 35.29580302 ] } },
{ "type": "Feature", "properties": { "P05_001": "32206", "P05_002": "5", "P05_003": "総合文化ホール", "P05_004": "安来市飯島町70※開設準備室安来町1964" }, "geometry": { "type": "Point", "coordinates": [ 133.236977, 35.423217 ] } },
{ "type": "Feature", "properties": { "P05_001": "32206", "P05_002": "5", "P05_003": "安田交流センター", "P05_004": "安来市伯太町安田中158" }, "geometry": { "type": "Point", "coordinates": [ 133.28367343, 35.37116956 ] } },
{ "type": "Feature", "properties": { "P05_001": "32206", "P05_002": "5", "P05_003": "大塚ふれあいセンター", "P05_004": "安来市大塚町350" }, "geometry": { "type": "Point", "coordinates": [ 133.263831470000014, 35.37789145 ] } },
{ "type": "Feature", "properties": { "P05_001": "32206", "P05_002": "5", "P05_003": "井尻交流センター", "P05_004": "安来市伯太町井尻77" }, "geometry": { "type": "Point", "coordinates": [ 133.2730344, 35.3339632 ] } },
{ "type": "Feature", "properties": { "P05_001": "32206", "P05_002": "5", "P05_003": "中央交流センター", "P05_004": "安来市安来町896-1" }, "geometry": { "type": "Point", "coordinates": [ 133.251476, 35.431712 ] } },
{ "type": "Feature", "properties": { "P05_001": "32206", "P05_002": "5", "P05_003": "伯太体育館", "P05_004": "安来市伯太町西母里231-5" }, "geometry": { "type": "Point", "coordinates": [ 133.2479598, 35.4293257 ] } },
{ "type": "Feature", "properties": { "P05_001": "32206", "P05_002": "5", "P05_003": "町民会館", "P05_004": "安来市広瀬町広瀬772-2" }, "geometry": { "type": "Point", "coordinates": [ 133.17321014, 35.36551357 ] } },
{ "type": "Feature", "properties": { "P05_001": "32206", "P05_002": "5", "P05_003": "赤屋交流センター", "P05_004": "安来市伯太町赤屋118-2" }, "geometry": { "type": "Point", "coordinates": [ 133.26005935, 35.29604382 ] } },
{ "type": "Feature", "properties": { "P05_001": "32206", "P05_002": "5", "P05_003": "伯太中央交流センター", "P05_004": "安来市伯太町東母里572-1" }, "geometry": { "type": "Point", "coordinates": [ 133.27762773, 35.3546682 ] } },
{ "type": "Feature", "properties": { "P05_001": "32206", "P05_002": "5", "P05_003": "南体育館", "P05_004": "安来市沢町461-5" }, "geometry": { "type": "Point", "coordinates": [ 133.225236099999989, 35.4293285 ] } },
{ "type": "Feature", "properties": { "P05_001": "32206", "P05_002": "2", "P05_003": "伯太庁舎", "P05_004": "安来市伯太町東母里580" }, "geometry": { "type": "Point", "coordinates": [ 133.2777495, 35.3561442 ] } },
{ "type": "Feature", "properties": { "P05_001": "32206", "P05_002": "3", "P05_003": "伯太地域センター", "P05_004": "安来市伯太町東母里580" }, "geometry": { "type": "Point", "coordinates": [ 133.277749, 35.356144 ] } },
{ "type": "Feature", "properties": { "P05_001": "32206", "P05_002": "5", "P05_003": "母里交流センター", "P05_004": "安来市伯太町母里28" }, "geometry": { "type": "Point", "coordinates": [ 133.273317, 35.3526 ] } },
{ "type": "Feature", "properties": { "P05_001": "32206", "P05_002": "5", "P05_003": "比田いきいき交流館", "P05_004": "安来市広瀬町梶福留1268" }, "geometry": { "type": "Point", "coordinates": [ 133.272491699999989, 35.352689 ] } },
{ "type": "Feature", "properties": { "P05_001": "32206", "P05_002": "5", "P05_003": "独松山霊苑", "P05_004": "安来市飯生町445" }, "geometry": { "type": "Point", "coordinates": [ 133.220169, 35.384207 ] } },
{ "type": "Feature", "properties": { "P05_001": "32206", "P05_002": "5", "P05_003": "能義交流センター", "P05_004": "安来市飯生町566-3" }, "geometry": { "type": "Point", "coordinates": [ 133.2272634, 35.39260709 ] } },
{ "type": "Feature", "properties": { "P05_001": "32206", "P05_002": "5", "P05_003": "隣保館", "P05_004": "安来市大塚町350" }, "geometry": { "type": "Point", "coordinates": [ 133.263838, 35.377953 ] } },
{ "type": "Feature", "properties": { "P05_001": "32206", "P05_002": "5", "P05_003": "飯梨交流センター", "P05_004": "安来市飯梨町445-1" }, "geometry": { "type": "Point", "coordinates": [ 133.203755, 35.39172 ] } },
{ "type": "Feature", "properties": { "P05_001": "32206", "P05_002": "5", "P05_003": "東飯梨集会所", "P05_004": "安来市飯梨町761-1" }, "geometry": { "type": "Point", "coordinates": [ 133.2070779, 35.3911452 ] } },
{ "type": "Feature", "properties": { "P05_001": "32206", "P05_002": "5", "P05_003": "島田交流センター", "P05_004": "安来市穂日島町485" }, "geometry": { "type": "Point", "coordinates": [ 133.2956294, 35.41985103 ] } },
{ "type": "Feature", "properties": { "P05_001": "32207", "P05_002": "5", "P05_003": "下河戸集会所", "P05_004": "江津市松川町下河戸519-1" }, "geometry": { "type": "Point", "coordinates": [ 132.2843, 35.0122 ] } },
{ "type": "Feature", "properties": { "P05_001": "32207", "P05_002": "5", "P05_003": "嘉久志地域コミュニティ交流センター", "P05_004": "江津市嘉久志町イ1503" }, "geometry": { "type": "Point", "coordinates": [ 132.2119, 35.0055 ] } },
{ "type": "Feature", "properties": { "P05_001": "32207", "P05_002": "5", "P05_003": "郷田地域コミュニティ交流センター", "P05_004": "江津市江津町995" }, "geometry": { "type": "Point", "coordinates": [ 132.2215874, 35.00964915 ] } },
{ "type": "Feature", "properties": { "P05_001": "32207", "P05_002": "4", "P05_003": "金田公民館", "P05_004": "江津市金田町214" }, "geometry": { "type": "Point", "coordinates": [ 132.249845, 35.007126 ] } },
{ "type": "Feature", "properties": { "P05_001": "32207", "P05_002": "5", "P05_003": "金田ふれあいセンター", "P05_004": "江津市金田町214" }, "geometry": { "type": "Point", "coordinates": [ 132.2498668, 35.00712959 ] } },
{ "type": "Feature", "properties": { "P05_001": "32207", "P05_002": "5", "P05_003": "敬川地域コミュニティ交流センター", "P05_004": "江津市敬川町1716-5" }, "geometry": { "type": "Point", "coordinates": [ 132.1741, 34.975 ] } },
{ "type": "Feature", "properties": { "P05_001": "32207", "P05_002": "5", "P05_003": "後山集落センター", "P05_004": "江津市桜江町後山418-1" }, "geometry": { "type": "Point", "coordinates": [ 132.3081138, 34.96111292 ] } },
{ "type": "Feature", "properties": { "P05_001": "32207", "P05_002": "5", "P05_003": "波来浜集会所", "P05_004": "江津市後地町2969-28" }, "geometry": { "type": "Point", "coordinates": [ 132.2944, 35.0453 ] } },
{ "type": "Feature", "properties": { "P05_001": "32207", "P05_002": "5", "P05_003": "江津斎場", "P05_004": "江津市和木町538" }, "geometry": { "type": "Point", "coordinates": [ 132.2055, 35.0005 ] } },
{ "type": "Feature", "properties": { "P05_001": "32207", "P05_002": "1", "P05_003": "江津市役所", "P05_004": "江津市江津町1016-4" }, "geometry": { "type": "Point", "coordinates": [ 132.218, 35.0115 ] } },
{ "type": "Feature", "properties": { "P05_001": "32207", "P05_002": "5", "P05_003": "江津市図書館桜江分館", "P05_004": "江津市桜江町川戸11-1" }, "geometry": { "type": "Point", "coordinates": [ 132.33544, 34.9585 ] } },
{ "type": "Feature", "properties": { "P05_001": "32207", "P05_002": "3", "P05_003": "総合市民センター", "P05_004": "江津市江津町1110-17" }, "geometry": { "type": "Point", "coordinates": [ 132.218561, 35.012359 ] } },
{ "type": "Feature", "properties": { "P05_001": "32207", "P05_002": "2", "P05_003": "江津市役所分庁舎", "P05_004": "江津市江津町947-2" }, "geometry": { "type": "Point", "coordinates": [ 132.2215, 35.0111 ] } },
{ "type": "Feature", "properties": { "P05_001": "32207", "P05_002": "5", "P05_003": "黒松ふれあい交流センター", "P05_004": "江津市黒松町586" }, "geometry": { "type": "Point", "coordinates": [ 132.3118, 35.0552 ] } },
{ "type": "Feature", "properties": { "P05_001": "32207", "P05_002": "5", "P05_003": "黒松地域コミュニティ交流センター", "P05_004": "江津市黒松町586" }, "geometry": { "type": "Point", "coordinates": [ 132.3115, 35.0552 ] } },
{ "type": "Feature", "properties": { "P05_001": "32207", "P05_002": "5", "P05_003": "今田集会所", "P05_004": "江津市桜江町今田502-1" }, "geometry": { "type": "Point", "coordinates": [ 132.3357825, 34.94247532 ] } },
{ "type": "Feature", "properties": { "P05_001": "32207", "P05_002": "4", "P05_003": "黒松公民館", "P05_004": "江津市黒松町586" }, "geometry": { "type": "Point", "coordinates": [ 132.311766, 35.055186 ] } },
{ "type": "Feature", "properties": { "P05_001": "32207", "P05_002": "4", "P05_003": "桜江コミュニティセンター", "P05_004": "江津市桜江町川戸11-1" }, "geometry": { "type": "Point", "coordinates": [ 132.3354, 34.95852 ] } },
{ "type": "Feature", "properties": { "P05_001": "32207", "P05_002": "5", "P05_003": "桜江高齢者生活福祉センター", "P05_004": "江津市桜江町小田138-1" }, "geometry": { "type": "Point", "coordinates": [ 132.3297, 34.9504 ] } },
{ "type": "Feature", "properties": { "P05_001": "32207", "P05_002": "2", "P05_003": "桜江支所", "P05_004": "江津市桜江町川戸11-1" }, "geometry": { "type": "Point", "coordinates": [ 132.3354, 34.958532 ] } },
{ "type": "Feature", "properties": { "P05_001": "32207", "P05_002": "5", "P05_003": "桜江総合センター", "P05_004": "江津市桜江町川戸11-1" }, "geometry": { "type": "Point", "coordinates": [ 132.335413499999987, 34.95862205 ] } },
{ "type": "Feature", "properties": { "P05_001": "32207", "P05_002": "5", "P05_003": "三田地集会所", "P05_004": "江津市桜江町川戸655-5" }, "geometry": { "type": "Point", "coordinates": [ 132.34382020000001, 34.94972636 ] } },
{ "type": "Feature", "properties": { "P05_001": "32207", "P05_002": "5", "P05_003": "山中集会所", "P05_004": "江津市桜江町長谷292-2" }, "geometry": { "type": "Point", "coordinates": [ 132.2610403, 34.91942289 ] } },
{ "type": "Feature", "properties": { "P05_001": "32207", "P05_002": "5", "P05_003": "川越生涯学習センター", "P05_004": "江津市桜江町川越631" }, "geometry": { "type": "Point", "coordinates": [ 132.413706, 34.947232 ] } },
{ "type": "Feature", "properties": { "P05_001": "32207", "P05_002": "5", "P05_003": "川越地区体育館", "P05_004": "江津市桜江町川越678" }, "geometry": { "type": "Point", "coordinates": [ 132.413, 34.946 ] } },
{ "type": "Feature", "properties": { "P05_001": "32207", "P05_002": "5", "P05_003": "市山地域コミュニティ交流センター", "P05_004": "江津市桜江町市山481" }, "geometry": { "type": "Point", "coordinates": [ 132.3186, 34.94 ] } },
{ "type": "Feature", "properties": { "P05_001": "32207", "P05_002": "5", "P05_003": "市山文化福祉センター", "P05_004": "江津市桜江町市山351" }, "geometry": { "type": "Point", "coordinates": [ 132.3198, 34.9423 ] } },
{ "type": "Feature", "properties": { "P05_001": "32207", "P05_002": "5", "P05_003": "鹿賀会館", "P05_004": "江津市桜江町鹿賀426-2" }, "geometry": { "type": "Point", "coordinates": [ 132.445235200000013, 34.96233918 ] } },
{ "type": "Feature", "properties": { "P05_001": "32207", "P05_002": "5", "P05_003": "松平地域コミュニティ交流センター", "P05_004": "江津市松川町市村123" }, "geometry": { "type": "Point", "coordinates": [ 132.2707872, 34.99971687 ] } },
{ "type": "Feature", "properties": { "P05_001": "32207", "P05_002": "5", "P05_003": "上河戸集会所", "P05_004": "江津市松川町上河戸156-1" }, "geometry": { "type": "Point", "coordinates": [ 132.2924, 35.0205 ] } },
{ "type": "Feature", "properties": { "P05_001": "32207", "P05_002": "4", "P05_003": "コミュニティセンター", "P05_004": "江津市桜江町川戸11-1" }, "geometry": { "type": "Point", "coordinates": [ 132.335452, 34.958729 ] } },
{ "type": "Feature", "properties": { "P05_001": "32207", "P05_002": "5", "P05_003": "跡市地域コミュニティ交流センター", "P05_004": "江津市跡市町625-1" }, "geometry": { "type": "Point", "coordinates": [ 132.2239, 34.9557 ] } },
{ "type": "Feature", "properties": { "P05_001": "32207", "P05_002": "5", "P05_003": "桜江Ｂ＆Ｇ海洋センター体育館", "P05_004": "江津市桜江町川戸1264" }, "geometry": { "type": "Point", "coordinates": [ 132.334432, 34.952325 ] } },
{ "type": "Feature", "properties": { "P05_001": "32207", "P05_002": "5", "P05_003": "川越地域コミュニティ交流センター", "P05_004": "江津市桜江町坂本2025" }, "geometry": { "type": "Point", "coordinates": [ 132.4262, 34.9631 ] } },
{ "type": "Feature", "properties": { "P05_001": "32207", "P05_002": "5", "P05_003": "川越生活改善センター", "P05_004": "江津市桜江町大貫445-1" }, "geometry": { "type": "Point", "coordinates": [ 132.405437, 34.951739 ] } },
{ "type": "Feature", "properties": { "P05_001": "32207", "P05_002": "5", "P05_003": "桜江第１柔剣道場", "P05_004": "江津市桜江町大貫445-2" }, "geometry": { "type": "Point", "coordinates": [ 132.405419, 34.951879 ] } },
{ "type": "Feature", "properties": { "P05_001": "32207", "P05_002": "5", "P05_003": "川戸地域コミュニティ交流センター", "P05_004": "江津市桜江町川戸11-1" }, "geometry": { "type": "Point", "coordinates": [ 132.3354, 34.9585 ] } },
{ "type": "Feature", "properties": { "P05_001": "32207", "P05_002": "5", "P05_003": "谷住郷生涯学習センター", "P05_004": "江津市桜江町谷住郷1871" }, "geometry": { "type": "Point", "coordinates": [ 132.338402, 34.967511 ] } },
{ "type": "Feature", "properties": { "P05_001": "32207", "P05_002": "5", "P05_003": "浅利地域コミュニティ交流センター", "P05_004": "江津市浅利町2102" }, "geometry": { "type": "Point", "coordinates": [ 132.272400299999987, 35.03548933 ] } },
{ "type": "Feature", "properties": { "P05_001": "32207", "P05_002": "5", "P05_003": "長谷生活改善センター", "P05_004": "江津市桜江町長谷1585-8" }, "geometry": { "type": "Point", "coordinates": [ 132.274907500000012, 34.92434405 ] } },
{ "type": "Feature", "properties": { "P05_001": "32207", "P05_002": "5", "P05_003": "長谷地区体育館", "P05_004": "江津市桜江町長谷1877-6" }, "geometry": { "type": "Point", "coordinates": [ 132.2856, 34.9321 ] } },
{ "type": "Feature", "properties": { "P05_001": "32207", "P05_002": "5", "P05_003": "谷住郷多目的集会所", "P05_004": "江津市桜江町谷住郷1871-1" }, "geometry": { "type": "Point", "coordinates": [ 132.3381417, 34.96668087 ] } },
{ "type": "Feature", "properties": { "P05_001": "32207", "P05_002": "5", "P05_003": "谷住郷地域コミュニティ交流センター", "P05_004": "江津市桜江町谷住郷1824-1" }, "geometry": { "type": "Point", "coordinates": [ 132.3384, 34.9659 ] } },
{ "type": "Feature", "properties": { "P05_001": "32207", "P05_002": "5", "P05_003": "地場産業振興センター", "P05_004": "江津市嘉久志町イ405" }, "geometry": { "type": "Point", "coordinates": [ 132.2146094, 35.00263342 ] } },
{ "type": "Feature", "properties": { "P05_001": "32207", "P05_002": "5", "P05_003": "長谷地域コミュニティ交流センター", "P05_004": "江津市桜江町長谷1587-2" }, "geometry": { "type": "Point", "coordinates": [ 132.2741, 34.9247 ] } },
{ "type": "Feature", "properties": { "P05_001": "32207", "P05_002": "5", "P05_003": "上津井ふれあいセンター", "P05_004": "江津市松川町上津井151" }, "geometry": { "type": "Point", "coordinates": [ 132.3077171, 35.00832667 ] } },
{ "type": "Feature", "properties": { "P05_001": "32207", "P05_002": "5", "P05_003": "渡津地域コミュニティ交流センター", "P05_004": "江津市渡津町658-1" }, "geometry": { "type": "Point", "coordinates": [ 132.2328, 35.021 ] } },
{ "type": "Feature", "properties": { "P05_001": "32207", "P05_002": "5", "P05_003": "都治地域コミュニティ交流センター", "P05_004": "江津市後地町829-1" }, "geometry": { "type": "Point", "coordinates": [ 132.3006, 35.0372 ] } },
{ "type": "Feature", "properties": { "P05_001": "32207", "P05_002": "4", "P05_003": "川平公民館", "P05_004": "江津市川平町南川上515-1" }, "geometry": { "type": "Point", "coordinates": [ 132.282689, 34.991439 ] } },
{ "type": "Feature", "properties": { "P05_001": "32207", "P05_002": "5", "P05_003": "都野津会館", "P05_004": "江津市都野津町2088" }, "geometry": { "type": "Point", "coordinates": [ 132.1909549, 34.99043427 ] } },
{ "type": "Feature", "properties": { "P05_001": "32207", "P05_002": "5", "P05_003": "都野津地域コミュニティ交流センター", "P05_004": "江津市都野津町2358-1" }, "geometry": { "type": "Point", "coordinates": [ 132.191, 34.9862 ] } },
{ "type": "Feature", "properties": { "P05_001": "32207", "P05_002": "5", "P05_003": "島の星集会所", "P05_004": "江津市島の星町291-1" }, "geometry": { "type": "Point", "coordinates": [ 132.238178, 34.99488724 ] } },
{ "type": "Feature", "properties": { "P05_001": "32207", "P05_002": "5", "P05_003": "島根県立少年自然の家", "P05_004": "江津市松川町太田610" }, "geometry": { "type": "Point", "coordinates": [ 132.25305130000001, 35.0238414 ] } },
{ "type": "Feature", "properties": { "P05_001": "32207", "P05_002": "5", "P05_003": "二宮地域コミュニティ交流センター", "P05_004": "江津市二宮町神主イ171" }, "geometry": { "type": "Point", "coordinates": [ 132.1935, 34.9792 ] } },
{ "type": "Feature", "properties": { "P05_001": "32207", "P05_002": "5", "P05_003": "波子地域コミュニティ交流センター", "P05_004": "江津市波子町イ1272-4" }, "geometry": { "type": "Point", "coordinates": [ 132.1506, 34.9654 ] } },
{ "type": "Feature", "properties": { "P05_001": "32207", "P05_002": "5", "P05_003": "波積ふれあいホール", "P05_004": "江津市波積町本郷325" }, "geometry": { "type": "Point", "coordinates": [ 132.3296, 35.0502 ] } },
{ "type": "Feature", "properties": { "P05_001": "32207", "P05_002": "5", "P05_003": "波積地域コミュニティ交流センター", "P05_004": "江津市波積町本郷325-1" }, "geometry": { "type": "Point", "coordinates": [ 132.3294, 35.0342 ] } },
{ "type": "Feature", "properties": { "P05_001": "32207", "P05_002": "5", "P05_003": "波来浜ふれあい集会所", "P05_004": "江津市後地町2969-28" }, "geometry": { "type": "Point", "coordinates": [ 132.29428714, 35.04529584 ] } },
{ "type": "Feature", "properties": { "P05_001": "32207", "P05_002": "5", "P05_003": "分田谷集会所", "P05_004": "江津市嘉久志町イ405-9" }, "geometry": { "type": "Point", "coordinates": [ 132.214375499999989, 35.00263745 ] } },
{ "type": "Feature", "properties": { "P05_001": "32207", "P05_002": "5", "P05_003": "本明自治会館", "P05_004": "江津市有福温泉町本明1395" }, "geometry": { "type": "Point", "coordinates": [ 132.2118721, 34.9370406 ] } },
{ "type": "Feature", "properties": { "P05_001": "32207", "P05_002": "5", "P05_003": "有福温泉地域コミュニティ交流センター", "P05_004": "江津市有福温泉町8-3" }, "geometry": { "type": "Point", "coordinates": [ 132.2002, 34.9462 ] } },
{ "type": "Feature", "properties": { "P05_001": "32207", "P05_002": "5", "P05_003": "和木集会所", "P05_004": "江津市和木町241" }, "geometry": { "type": "Point", "coordinates": [ 132.196631599999989, 34.99921672 ] } },
{ "type": "Feature", "properties": { "P05_001": "32207", "P05_002": "5", "P05_003": "和木地域コミュニティ交流センター", "P05_004": "江津市和木町570-1" }, "geometry": { "type": "Point", "coordinates": [ 132.1988, 35.0012 ] } },
{ "type": "Feature", "properties": { "P05_001": "32207", "P05_002": "5", "P05_003": "桜江文化福祉センター", "P05_004": "桜江町市山351" }, "geometry": { "type": "Point", "coordinates": [ 132.31966, 34.942352 ] } },
{ "type": "Feature", "properties": { "P05_001": "32207", "P05_002": "5", "P05_003": "市山多目的研修施設", "P05_004": "桜江町市山351" }, "geometry": { "type": "Point", "coordinates": [ 132.31986, 34.94254 ] } },
{ "type": "Feature", "properties": { "P05_001": "32209", "P05_002": "5", "P05_003": "加茂Ｂ＆Ｇ海洋センター体育館", "P05_004": "雲南市加茂町宇治228-1" }, "geometry": { "type": "Point", "coordinates": [ 132.900484, 35.344936 ] } },
{ "type": "Feature", "properties": { "P05_001": "32209", "P05_002": "5", "P05_003": "加茂文化ホールラメール", "P05_004": "雲南市加茂町宇治303" }, "geometry": { "type": "Point", "coordinates": [ 132.905904, 35.342832 ] } },
{ "type": "Feature", "properties": { "P05_001": "32209", "P05_002": "5", "P05_003": "加茂健康福祉センター", "P05_004": "雲南市加茂町宇治328" }, "geometry": { "type": "Point", "coordinates": [ 132.906271, 35.341774 ] } },
{ "type": "Feature", "properties": { "P05_001": "32209", "P05_002": "5", "P05_003": "加茂集会所", "P05_004": "雲南市加茂町加茂中36-2地" }, "geometry": { "type": "Point", "coordinates": [ 132.903805, 35.349831 ] } },
{ "type": "Feature", "properties": { "P05_001": "32209", "P05_002": "5", "P05_003": "加茂文化ホール", "P05_004": "雲南市加茂町宇治303" }, "geometry": { "type": "Point", "coordinates": [ 132.9038, 35.3429 ] } },
{ "type": "Feature", "properties": { "P05_001": "32209", "P05_002": "5", "P05_003": "加茂交流センター", "P05_004": "雲南市加茂町加茂中972-5" }, "geometry": { "type": "Point", "coordinates": [ 132.90722, 35.346992 ] } },
{ "type": "Feature", "properties": { "P05_001": "32209", "P05_002": "5", "P05_003": "加茂総合センター", "P05_004": "雲南市加茂町加茂中972-5" }, "geometry": { "type": "Point", "coordinates": [ 132.90727, 35.347126 ] } },
{ "type": "Feature", "properties": { "P05_001": "32209", "P05_002": "5", "P05_003": "掛合健康福祉センター", "P05_004": "雲南市掛合町掛合1262-1" }, "geometry": { "type": "Point", "coordinates": [ 132.814397, 35.195453 ] } },
{ "type": "Feature", "properties": { "P05_001": "32209", "P05_002": "5", "P05_003": "掛合体育館", "P05_004": "雲南市掛合町掛合2125-3" }, "geometry": { "type": "Point", "coordinates": [ 132.814694, 35.196503 ] } },
{ "type": "Feature", "properties": { "P05_001": "32209", "P05_002": "5", "P05_003": "掛合交流センター", "P05_004": "雲南市掛合町掛合2151-1" }, "geometry": { "type": "Point", "coordinates": [ 132.815336, 35.196816 ] } },
{ "type": "Feature", "properties": { "P05_001": "32209", "P05_002": "5", "P05_003": "掛合総合センター", "P05_004": "雲南市掛合町掛合2151-1" }, "geometry": { "type": "Point", "coordinates": [ 132.815452709999988, 35.19698166 ] } },
{ "type": "Feature", "properties": { "P05_001": "32209", "P05_002": "5", "P05_003": "掛合まめなかセンター", "P05_004": "雲南市掛合町掛合821-1" }, "geometry": { "type": "Point", "coordinates": [ 132.8184, 35.1908 ] } },
{ "type": "Feature", "properties": { "P05_001": "32209", "P05_002": "5", "P05_003": "掛合総合営農指導センター", "P05_004": "雲南市掛合町松笠748-4" }, "geometry": { "type": "Point", "coordinates": [ 132.790231, 35.217304 ] } },
{ "type": "Feature", "properties": { "P05_001": "32209", "P05_002": "5", "P05_003": "松笠交流センター", "P05_004": "雲南市掛合町松笠748-18" }, "geometry": { "type": "Point", "coordinates": [ 132.78977, 35.217052 ] } },
{ "type": "Feature", "properties": { "P05_001": "32209", "P05_002": "5", "P05_003": "多根交流センター", "P05_004": "雲南市掛合町多根418-1" }, "geometry": { "type": "Point", "coordinates": [ 132.817717, 35.237389 ] } },
{ "type": "Feature", "properties": { "P05_001": "32209", "P05_002": "4", "P05_003": "入間コミュニティセンター", "P05_004": "雲南市掛合町入間482-3" }, "geometry": { "type": "Point", "coordinates": [ 132.782297, 35.148684 ] } },
{ "type": "Feature", "properties": { "P05_001": "32209", "P05_002": "5", "P05_003": "入間交流センター", "P05_004": "雲南市掛合町入間498-5" }, "geometry": { "type": "Point", "coordinates": [ 132.782812, 35.149084 ] } },
{ "type": "Feature", "properties": { "P05_001": "32209", "P05_002": "5", "P05_003": "掛合町ミニ福祉センター", "P05_004": "雲南市掛合町波多451-1" }, "geometry": { "type": "Point", "coordinates": [ 132.737797, 35.141356 ] } },
{ "type": "Feature", "properties": { "P05_001": "32209", "P05_002": "5", "P05_003": "波多交流センター", "P05_004": "雲南市掛合町波多459-1" }, "geometry": { "type": "Point", "coordinates": [ 132.737128, 35.14032 ] } },
{ "type": "Feature", "properties": { "P05_001": "32209", "P05_002": "5", "P05_003": "吉田交流センター", "P05_004": "雲南市吉田町吉田1061-1" }, "geometry": { "type": "Point", "coordinates": [ 132.856536, 35.168192 ] } },
{ "type": "Feature", "properties": { "P05_001": "32209", "P05_002": "5", "P05_003": "吉田総合センター", "P05_004": "雲南市吉田町吉田1066" }, "geometry": { "type": "Point", "coordinates": [ 132.855833, 35.168091 ] } },
{ "type": "Feature", "properties": { "P05_001": "32209", "P05_002": "5", "P05_003": "吉田勤労者体育センター", "P05_004": "雲南市吉田町吉田1061-2" }, "geometry": { "type": "Point", "coordinates": [ 132.857352, 35.168185 ] } },
{ "type": "Feature", "properties": { "P05_001": "32209", "P05_002": "5", "P05_003": "勤労青少年ホーム", "P05_004": "雲南市木次町木次1012-1" }, "geometry": { "type": "Point", "coordinates": [ 132.901087, 35.287522 ] } },
{ "type": "Feature", "properties": { "P05_001": "32209", "P05_002": "5", "P05_003": "穴見集会所", "P05_004": "雲南市掛合町穴見299-1" }, "geometry": { "type": "Point", "coordinates": [ 132.767877, 35.17079 ] } },
{ "type": "Feature", "properties": { "P05_001": "32209", "P05_002": "5", "P05_003": "吉田健康福祉センター", "P05_004": "雲南市吉田町吉田1066" }, "geometry": { "type": "Point", "coordinates": [ 132.855804, 35.168063 ] } },
{ "type": "Feature", "properties": { "P05_001": "32209", "P05_002": "5", "P05_003": "吉田町生涯学習交流館", "P05_004": "雲南市吉田町吉田1082-8" }, "geometry": { "type": "Point", "coordinates": [ 132.851672, 35.166175 ] } },
{ "type": "Feature", "properties": { "P05_001": "32209", "P05_002": "5", "P05_003": "田井交流センター", "P05_004": "雲南市吉田町深野61-4" }, "geometry": { "type": "Point", "coordinates": [ 132.916318, 35.202252 ] } },
{ "type": "Feature", "properties": { "P05_001": "32209", "P05_002": "4", "P05_003": "高齢者コミュニティセンター", "P05_004": "雲南市木次町新市3" }, "geometry": { "type": "Point", "coordinates": [ 132.897393, 35.290217 ] } },
{ "type": "Feature", "properties": { "P05_001": "32209", "P05_002": "5", "P05_003": "三新塔交流センター", "P05_004": "雲南市木次町木次446-2" }, "geometry": { "type": "Point", "coordinates": [ 132.900223, 35.292004 ] } },
{ "type": "Feature", "properties": { "P05_001": "32209", "P05_002": "5", "P05_003": "鍋山交流センター", "P05_004": "雲南市三刀屋町乙加宮1208-1" }, "geometry": { "type": "Point", "coordinates": [ 132.829417, 35.264127 ] } },
{ "type": "Feature", "properties": { "P05_001": "32209", "P05_002": "5", "P05_003": "一宮交流センター", "P05_004": "雲南市三刀屋町給下764" }, "geometry": { "type": "Point", "coordinates": [ 132.877837, 35.297525 ] } },
{ "type": "Feature", "properties": { "P05_001": "32209", "P05_002": "5", "P05_003": "三刀屋文化体育館アスパル", "P05_004": "雲南市三刀屋町古城1-1" }, "geometry": { "type": "Point", "coordinates": [ 132.877208, 35.294156 ] } },
{ "type": "Feature", "properties": { "P05_001": "32209", "P05_002": "5", "P05_003": "根波生活改善センター", "P05_004": "雲南市三刀屋町根波別所342-2" }, "geometry": { "type": "Point", "coordinates": [ 132.811706, 35.282082 ] } },
{ "type": "Feature", "properties": { "P05_001": "32209", "P05_002": "5", "P05_003": "三刀屋健康福祉センター", "P05_004": "雲南市三刀屋町三刀屋1212-3" }, "geometry": { "type": "Point", "coordinates": [ 132.8825, 35.2939 ] } },
{ "type": "Feature", "properties": { "P05_001": "32209", "P05_002": "5", "P05_003": "三刀屋交流センター", "P05_004": "雲南市三刀屋町三刀屋144-1" }, "geometry": { "type": "Point", "coordinates": [ 132.871067, 35.289796 ] } },
{ "type": "Feature", "properties": { "P05_001": "32209", "P05_002": "5", "P05_003": "三刀屋総合センター", "P05_004": "雲南市三刀屋町三刀屋144-1" }, "geometry": { "type": "Point", "coordinates": [ 132.871397, 35.289825 ] } },
{ "type": "Feature", "properties": { "P05_001": "32209", "P05_002": "5", "P05_003": "飯石生活改善センター", "P05_004": "雲南市三刀屋町多久和1150" }, "geometry": { "type": "Point", "coordinates": [ 132.873126, 35.257432 ] } },
{ "type": "Feature", "properties": { "P05_001": "32209", "P05_002": "5", "P05_003": "飯石交流センター", "P05_004": "雲南市三刀屋町多久和516-2" }, "geometry": { "type": "Point", "coordinates": [ 132.871435, 35.255971 ] } },
{ "type": "Feature", "properties": { "P05_001": "32209", "P05_002": "5", "P05_003": "中野交流センター", "P05_004": "雲南市三刀屋町中野375-2" }, "geometry": { "type": "Point", "coordinates": [ 132.857132, 35.230912 ] } },
{ "type": "Feature", "properties": { "P05_001": "32209", "P05_002": "5", "P05_003": "塩田交流センター", "P05_004": "雲南市大東町塩田84" }, "geometry": { "type": "Point", "coordinates": [ 133.02198, 35.295556 ] } },
{ "type": "Feature", "properties": { "P05_001": "32209", "P05_002": "5", "P05_003": "大東ふれあいセンター体育施設", "P05_004": "雲南市大東町下阿用401-1" }, "geometry": { "type": "Point", "coordinates": [ 132.96975, 35.319392 ] } },
{ "type": "Feature", "properties": { "P05_001": "32209", "P05_002": "5", "P05_003": "久野交流センター", "P05_004": "雲南市大東町上久野30-4" }, "geometry": { "type": "Point", "coordinates": [ 133.024627, 35.266864 ] } },
{ "type": "Feature", "properties": { "P05_001": "32209", "P05_002": "5", "P05_003": "佐世交流センター", "P05_004": "雲南市大東町上佐世1385-3" }, "geometry": { "type": "Point", "coordinates": [ 132.945587, 35.309985 ] } },
{ "type": "Feature", "properties": { "P05_001": "32209", "P05_002": "5", "P05_003": "幡屋交流センター", "P05_004": "雲南市大東町仁和寺833-10" }, "geometry": { "type": "Point", "coordinates": [ 132.942696, 35.347064 ] } },
{ "type": "Feature", "properties": { "P05_001": "32209", "P05_002": "4", "P05_003": "海潮コミュニティセンター", "P05_004": "雲南市大東町須賀379-1" }, "geometry": { "type": "Point", "coordinates": [ 133.030002, 35.354504 ] } },
{ "type": "Feature", "properties": { "P05_001": "32209", "P05_002": "5", "P05_003": "大東総合センター", "P05_004": "雲南市大東町大東1038" }, "geometry": { "type": "Point", "coordinates": [ 132.964415, 35.32117 ] } },
{ "type": "Feature", "properties": { "P05_001": "32209", "P05_002": "5", "P05_003": "大東町地域福祉センター", "P05_004": "雲南市大東町大東1038" }, "geometry": { "type": "Point", "coordinates": [ 132.964192, 35.320767 ] } },
{ "type": "Feature", "properties": { "P05_001": "32209", "P05_002": "5", "P05_003": "大東地域交流センター", "P05_004": "雲南市大東町大東2419-1" }, "geometry": { "type": "Point", "coordinates": [ 132.964162, 35.321838 ] } },
{ "type": "Feature", "properties": { "P05_001": "32209", "P05_002": "5", "P05_003": "大東体育文化センター", "P05_004": "雲南市大東町大東1405" }, "geometry": { "type": "Point", "coordinates": [ 132.971111, 35.321587 ] } },
{ "type": "Feature", "properties": { "P05_001": "32209", "P05_002": "5", "P05_003": "大東ねんりんセンター", "P05_004": "雲南市大東町大東1884-1" }, "geometry": { "type": "Point", "coordinates": [ 132.971433, 35.325018 ] } },
{ "type": "Feature", "properties": { "P05_001": "32209", "P05_002": "5", "P05_003": "大東交流センター", "P05_004": "雲南市大東町大東2419-1" }, "geometry": { "type": "Point", "coordinates": [ 132.96466, 35.321917 ] } },
{ "type": "Feature", "properties": { "P05_001": "32209", "P05_002": "5", "P05_003": "春殖交流センター", "P05_004": "雲南市大東町大東下分235-1" }, "geometry": { "type": "Point", "coordinates": [ 132.952764, 35.329804 ] } },
{ "type": "Feature", "properties": { "P05_001": "32209", "P05_002": "5", "P05_003": "向島集会所", "P05_004": "雲南市大東町大東下分448" }, "geometry": { "type": "Point", "coordinates": [ 132.948346, 35.330401 ] } },
{ "type": "Feature", "properties": { "P05_001": "32209", "P05_002": "5", "P05_003": "大東農村環境改善センター", "P05_004": "雲南市大東町中湯石204-1" }, "geometry": { "type": "Point", "coordinates": [ 132.9924, 35.3258 ] } },
{ "type": "Feature", "properties": { "P05_001": "32209", "P05_002": "5", "P05_003": "阿用交流センター", "P05_004": "雲南市大東町東阿用33-1" }, "geometry": { "type": "Point", "coordinates": [ 132.96775, 35.308937 ] } },
{ "type": "Feature", "properties": { "P05_001": "32209", "P05_002": "5", "P05_003": "海潮交流センター", "P05_004": "雲南市大東町南村234-1" }, "geometry": { "type": "Point", "coordinates": [ 133.022492, 35.335267 ] } },
{ "type": "Feature", "properties": { "P05_001": "32209", "P05_002": "5", "P05_003": "下熊谷交流センター", "P05_004": "雲南市木次町下熊谷1096-1" }, "geometry": { "type": "Point", "coordinates": [ 132.897804, 35.296573 ] } },
{ "type": "Feature", "properties": { "P05_001": "32209", "P05_002": "5", "P05_003": "日登交流センター", "P05_004": "雲南市木次町寺領526-3" }, "geometry": { "type": "Point", "coordinates": [ 132.909575, 35.269804 ] } },
{ "type": "Feature", "properties": { "P05_001": "32209", "P05_002": "5", "P05_003": "尾原地域づくり支援センター", "P05_004": "雲南市木次町平田36-1" }, "geometry": { "type": "Point", "coordinates": [ 132.9468, 35.2171 ] } },
{ "type": "Feature", "properties": { "P05_001": "32209", "P05_002": "5", "P05_003": "民谷交流センター", "P05_004": "雲南市吉田町民谷456" }, "geometry": { "type": "Point", "coordinates": [ 132.822896, 35.13879 ] } },
{ "type": "Feature", "properties": { "P05_001": "32209", "P05_002": "5", "P05_003": "新市交流センター", "P05_004": "雲南市木次町新市379" }, "geometry": { "type": "Point", "coordinates": [ 132.897929, 35.288189 ] } },
{ "type": "Feature", "properties": { "P05_001": "32209", "P05_002": "5", "P05_003": "木次体育館", "P05_004": "雲南市木次町新市409" }, "geometry": { "type": "Point", "coordinates": [ 132.89839, 35.286927 ] } },
{ "type": "Feature", "properties": { "P05_001": "32209", "P05_002": "5", "P05_003": "西日登交流センター", "P05_004": "雲南市木次町西日登990-1" }, "geometry": { "type": "Point", "coordinates": [ 132.907178, 35.269069 ] } },
{ "type": "Feature", "properties": { "P05_001": "32209", "P05_002": "5", "P05_003": "民谷集落センター", "P05_004": "雲南市吉田町民谷918" }, "geometry": { "type": "Point", "coordinates": [ 132.816607, 35.129085 ] } },
{ "type": "Feature", "properties": { "P05_001": "32209", "P05_002": "5", "P05_003": "温泉交流センター", "P05_004": "雲南市木次町平田799-3" }, "geometry": { "type": "Point", "coordinates": [ 132.936383, 35.213418 ] } },
{ "type": "Feature", "properties": { "P05_001": "32209", "P05_002": "5", "P05_003": "八日市交流センター", "P05_004": "雲南市木次町木次299-1" }, "geometry": { "type": "Point", "coordinates": [ 132.902834, 35.288811 ] } },
{ "type": "Feature", "properties": { "P05_001": "32209", "P05_002": "5", "P05_003": "木次町郷土文化保存伝習施設", "P05_004": "雲南市木次町湯村344-2" }, "geometry": { "type": "Point", "coordinates": [ 132.933198, 35.231923 ] } },
{ "type": "Feature", "properties": { "P05_001": "32209", "P05_002": "5", "P05_003": "木次勤労者総合福祉センター", "P05_004": "雲南市木次町木次952-29" }, "geometry": { "type": "Point", "coordinates": [ 132.908382, 35.285165 ] } },
{ "type": "Feature", "properties": { "P05_001": "32209", "P05_002": "1", "P05_003": "雲南市役所", "P05_004": "雲南市木次町里方521-1" }, "geometry": { "type": "Point", "coordinates": [ 132.9003, 35.3077 ] } },
{ "type": "Feature", "properties": { "P05_001": "32209", "P05_002": "4", "P05_003": "木次町高齢者コミュニティセンター", "P05_004": "雲南市木次町新市3" }, "geometry": { "type": "Point", "coordinates": [ 132.8951, 35.2903 ] } },
{ "type": "Feature", "properties": { "P05_001": "32209", "P05_002": "5", "P05_003": "木次経済文化会館チェリヴァホール", "P05_004": "雲南市木次町里方55" }, "geometry": { "type": "Point", "coordinates": [ 132.90168, 35.295161 ] } },
{ "type": "Feature", "properties": { "P05_001": "32209", "P05_002": "5", "P05_003": "斐伊交流センター", "P05_004": "雲南市木次町里方912" }, "geometry": { "type": "Point", "coordinates": [ 132.905625, 35.306624 ] } },
{ "type": "Feature", "properties": { "P05_001": "32209", "P05_002": "5", "P05_003": "斐伊体育館", "P05_004": "雲南市木次町里方917" }, "geometry": { "type": "Point", "coordinates": [ 132.9042, 35.3066 ] } },
{ "type": "Feature", "properties": { "P05_001": "32209", "P05_002": "5", "P05_003": "新市中央集会所", "P05_004": "木次町新市296" }, "geometry": { "type": "Point", "coordinates": [ 132.896781, 35.28742 ] } },
{ "type": "Feature", "properties": { "P05_001": "32209", "P05_002": "5", "P05_003": "木次総合センター", "P05_004": "木次町新市379" }, "geometry": { "type": "Point", "coordinates": [ 132.897936, 35.288195 ] } },
{ "type": "Feature", "properties": { "P05_001": "32343", "P05_002": "4", "P05_003": "あいコミュニティセンター", "P05_004": "奥出雲町下阿井355-1" }, "geometry": { "type": "Point", "coordinates": [ 132.966734519999989, 35.15942253 ] } },
{ "type": "Feature", "properties": { "P05_001": "32343", "P05_002": "4", "P05_003": "横田公民館", "P05_004": "奥出雲町横田1037" }, "geometry": { "type": "Point", "coordinates": [ 133.093597, 35.179363 ] } },
{ "type": "Feature", "properties": { "P05_001": "32343", "P05_002": "5", "P05_003": "ふるさと交流センターパスカル", "P05_004": "奥出雲町三成1626" }, "geometry": { "type": "Point", "coordinates": [ 132.9962017, 35.19581567 ] } },
{ "type": "Feature", "properties": { "P05_001": "32343", "P05_002": "5", "P05_003": "ふれあい交流館一味同心塾", "P05_004": "奥出雲町上阿井2112" }, "geometry": { "type": "Point", "coordinates": [ 132.958706799999987, 35.14917837 ] } },
{ "type": "Feature", "properties": { "P05_001": "32343", "P05_002": "5", "P05_003": "奥出雲福祉センター", "P05_004": "奥出雲町三成226" }, "geometry": { "type": "Point", "coordinates": [ 133.0003566, 35.19901805 ] } },
{ "type": "Feature", "properties": { "P05_001": "32343", "P05_002": "5", "P05_003": "横田定住促進センター", "P05_004": "奥出雲町横田1091" }, "geometry": { "type": "Point", "coordinates": [ 133.09411481, 35.17937961 ] } },
{ "type": "Feature", "properties": { "P05_001": "32343", "P05_002": "4", "P05_003": "横田コミュニティセンター", "P05_004": "奥出雲町横田1037" }, "geometry": { "type": "Point", "coordinates": [ 133.09310789, 35.17946665 ] } },
{ "type": "Feature", "properties": { "P05_001": "32343", "P05_002": "5", "P05_003": "横田ふれあいプラザ", "P05_004": "奥出雲町横田1057-1" }, "geometry": { "type": "Point", "coordinates": [ 133.0913799, 35.17963797 ] } },
{ "type": "Feature", "properties": { "P05_001": "32343", "P05_002": "2", "P05_003": "横田庁舎", "P05_004": "奥出雲町横田1037" }, "geometry": { "type": "Point", "coordinates": [ 133.093704699999989, 35.17956024 ] } },
{ "type": "Feature", "properties": { "P05_001": "32343", "P05_002": "4", "P05_003": "八川公民館", "P05_004": "奥出雲町下横田456-1" }, "geometry": { "type": "Point", "coordinates": [ 133.091293, 35.155575 ] } },
{ "type": "Feature", "properties": { "P05_001": "32343", "P05_002": "5", "P05_003": "土橋集会所", "P05_004": "奥出雲町下横田619-4" }, "geometry": { "type": "Point", "coordinates": [ 133.076615, 35.15774 ] } },
{ "type": "Feature", "properties": { "P05_001": "32343", "P05_002": "5", "P05_003": "横田農村婦人の家", "P05_004": "奥出雲町横田1038" }, "geometry": { "type": "Point", "coordinates": [ 133.0938825, 35.17987409 ] } },
{ "type": "Feature", "properties": { "P05_001": "32343", "P05_002": "5", "P05_003": "亀嵩基幹集落センター", "P05_004": "奥出雲町亀嵩2215-1" }, "geometry": { "type": "Point", "coordinates": [ 133.076291160000011, 35.22063552 ] } },
{ "type": "Feature", "properties": { "P05_001": "32343", "P05_002": "4", "P05_003": "亀嵩公民館", "P05_004": "奥出雲町亀嵩2215" }, "geometry": { "type": "Point", "coordinates": [ 133.079239, 35.223366 ] } },
{ "type": "Feature", "properties": { "P05_001": "32343", "P05_002": "5", "P05_003": "亀嵩地区広域総合営農指導拠点施設", "P05_004": "奥出雲町亀嵩41" }, "geometry": { "type": "Point", "coordinates": [ 133.086009505745011, 35.224081368491497 ] } },
{ "type": "Feature", "properties": { "P05_001": "32343", "P05_002": "5", "P05_003": "玉峰交流施設", "P05_004": "奥出雲町亀嵩3609-1" }, "geometry": { "type": "Point", "coordinates": [ 133.0857057, 35.22373535 ] } },
{ "type": "Feature", "properties": { "P05_001": "32343", "P05_002": "5", "P05_003": "玉峰山森林総合利用施設", "P05_004": "奥出雲町亀嵩3646-4" }, "geometry": { "type": "Point", "coordinates": [ 133.0795923, 35.2226688 ] } },
{ "type": "Feature", "properties": { "P05_001": "32343", "P05_002": "5", "P05_003": "佐白地区交流拠点施設", "P05_004": "奥出雲町佐白223-5" }, "geometry": { "type": "Point", "coordinates": [ 132.986110700000012, 35.23261223 ] } },
{ "type": "Feature", "properties": { "P05_001": "32343", "P05_002": "4", "P05_003": "高田コミュニティセンター", "P05_004": "奥出雲町高田456-3" }, "geometry": { "type": "Point", "coordinates": [ 133.04613, 35.227659 ] } },
{ "type": "Feature", "properties": { "P05_001": "32343", "P05_002": "5", "P05_003": "佐白地区集会所", "P05_004": "奥出雲町佐白1721" }, "geometry": { "type": "Point", "coordinates": [ 132.990323, 35.23007 ] } },
{ "type": "Feature", "properties": { "P05_001": "32343", "P05_002": "5", "P05_003": "酒蔵奥出雲交流館", "P05_004": "奥出雲町亀嵩2212-31" }, "geometry": { "type": "Point", "coordinates": [ 133.0770537, 35.22052463 ] } },
{ "type": "Feature", "properties": { "P05_001": "32343", "P05_002": "4", "P05_003": "真地コミュニティセンター", "P05_004": "奥出雲町上阿井1552-2" }, "geometry": { "type": "Point", "coordinates": [ 132.93768233, 35.11033945 ] } },
{ "type": "Feature", "properties": { "P05_001": "32343", "P05_002": "5", "P05_003": "奥出雲スポーツセンター", "P05_004": "奥出雲町三成1625-1" }, "geometry": { "type": "Point", "coordinates": [ 132.99620934, 35.19663597 ] } },
{ "type": "Feature", "properties": { "P05_001": "32343", "P05_002": "5", "P05_003": "仁多斎場", "P05_004": "奥出雲町三成1619-1" }, "geometry": { "type": "Point", "coordinates": [ 132.99696560000001, 35.19231054 ] } },
{ "type": "Feature", "properties": { "P05_001": "32343", "P05_002": "5", "P05_003": "滝の上第二集会所", "P05_004": "奥出雲町三成1667-8" }, "geometry": { "type": "Point", "coordinates": [ 132.9915, 35.197538 ] } },
{ "type": "Feature", "properties": { "P05_001": "32343", "P05_002": "2", "P05_003": "仁多庁舎", "P05_004": "奥出雲町三成358-1" }, "geometry": { "type": "Point", "coordinates": [ 133.0019231, 35.19728218 ] } },
{ "type": "Feature", "properties": { "P05_001": "32343", "P05_002": "4", "P05_003": "町立中央公民館", "P05_004": "奥出雲町三成445-3" }, "geometry": { "type": "Point", "coordinates": [ 133.0070169, 35.19697116 ] } },
{ "type": "Feature", "properties": { "P05_001": "32343", "P05_002": "1", "P05_003": "奥出雲町役場", "P05_004": "奥出雲町三成358-1" }, "geometry": { "type": "Point", "coordinates": [ 133.002548, 35.197433 ] } },
{ "type": "Feature", "properties": { "P05_001": "32343", "P05_002": "5", "P05_003": "農村環境改善センター", "P05_004": "奥出雲町三成436" }, "geometry": { "type": "Point", "coordinates": [ 133.006312, 35.197371 ] } },
{ "type": "Feature", "properties": { "P05_001": "32343", "P05_002": "5", "P05_003": "町民体育館", "P05_004": "奥出雲町三成445-3" }, "geometry": { "type": "Point", "coordinates": [ 133.007017, 35.196971 ] } },
{ "type": "Feature", "properties": { "P05_001": "32343", "P05_002": "4", "P05_003": "鳥上コミュニティセンター", "P05_004": "奥出雲町大呂1182-2" }, "geometry": { "type": "Point", "coordinates": [ 133.131127639999988, 35.18318346 ] } },
{ "type": "Feature", "properties": { "P05_001": "32343", "P05_002": "4", "P05_003": "三成中央公民館", "P05_004": "奥出雲町三成445-3" }, "geometry": { "type": "Point", "coordinates": [ 133.005844, 35.197395 ] } },
{ "type": "Feature", "properties": { "P05_001": "32343", "P05_002": "5", "P05_003": "滝の上第一集会所", "P05_004": "奥出雲町三沢1628-12" }, "geometry": { "type": "Point", "coordinates": [ 132.990356, 35.198082 ] } },
{ "type": "Feature", "properties": { "P05_001": "32343", "P05_002": "5", "P05_003": "林原団地集会所", "P05_004": "奥出雲町三沢1639-7" }, "geometry": { "type": "Point", "coordinates": [ 132.986587, 35.190738 ] } },
{ "type": "Feature", "properties": { "P05_001": "32343", "P05_002": "4", "P05_003": "三沢公民館", "P05_004": "奥出雲町三沢383" }, "geometry": { "type": "Point", "coordinates": [ 133.002167, 35.182957 ] } },
{ "type": "Feature", "properties": { "P05_001": "32343", "P05_002": "4", "P05_003": "馬木コミュニティセンター", "P05_004": "奥出雲町大馬木1968-2" }, "geometry": { "type": "Point", "coordinates": [ 133.0434142, 35.1263182 ] } },
{ "type": "Feature", "properties": { "P05_001": "32343", "P05_002": "4", "P05_003": "阿井公民館", "P05_004": "奥出雲町上阿井188-1" }, "geometry": { "type": "Point", "coordinates": [ 132.951689, 35.146049 ] } },
{ "type": "Feature", "properties": { "P05_001": "32343", "P05_002": "4", "P05_003": "八川コミュニティセンター", "P05_004": "奥出雲町下横田456-1" }, "geometry": { "type": "Point", "coordinates": [ 133.08557651000001, 35.15790043 ] } },
{ "type": "Feature", "properties": { "P05_001": "32343", "P05_002": "4", "P05_003": "馬木公民館", "P05_004": "奥出雲町大馬木1968-2" }, "geometry": { "type": "Point", "coordinates": [ 133.058594, 35.108231 ] } },
{ "type": "Feature", "properties": { "P05_001": "32343", "P05_002": "4", "P05_003": "布勢コミュニティセンター", "P05_004": "奥出雲町馬馳13-4" }, "geometry": { "type": "Point", "coordinates": [ 133.0012529, 35.22882994 ] } },
{ "type": "Feature", "properties": { "P05_001": "32343", "P05_002": "4", "P05_003": "鳥上公民館", "P05_004": "奥出雲町大呂1182-2" }, "geometry": { "type": "Point", "coordinates": [ 133.122543, 35.190041 ] } },
{ "type": "Feature", "properties": { "P05_001": "32343", "P05_002": "5", "P05_003": "要害山交流拠点施設", "P05_004": "奥出雲町河内36" }, "geometry": { "type": "Point", "coordinates": [ 132.964643700000011, 35.20398604 ] } },
{ "type": "Feature", "properties": { "P05_001": "32343", "P05_002": "4", "P05_003": "眞地コミュニティセンター", "P05_004": "奥出雲町上阿井1552-2" }, "geometry": { "type": "Point", "coordinates": [ 132.9448644, 35.13849319 ] } },
{ "type": "Feature", "properties": { "P05_001": "32343", "P05_002": "4", "P05_003": "布勢公民館", "P05_004": "奥出雲町馬馳17" }, "geometry": { "type": "Point", "coordinates": [ 132.999664, 35.219921 ] } },
{ "type": "Feature", "properties": { "P05_001": "32386", "P05_002": "5", "P05_003": "谷体育館", "P05_004": "飯南町井戸谷393-3" }, "geometry": { "type": "Point", "coordinates": [ 132.677806, 34.98863 ] } },
{ "type": "Feature", "properties": { "P05_001": "32386", "P05_002": "4", "P05_003": "谷公民館", "P05_004": "飯南町井戸谷478" }, "geometry": { "type": "Point", "coordinates": [ 132.67751612, 34.98613282 ] } },
{ "type": "Feature", "properties": { "P05_001": "32386", "P05_002": "5", "P05_003": "さつき会館", "P05_004": "飯南町八神117-1" }, "geometry": { "type": "Point", "coordinates": [ 132.696001, 35.112716 ] } },
{ "type": "Feature", "properties": { "P05_001": "32386", "P05_002": "5", "P05_003": "安江会館", "P05_004": "飯南町上来島415-1" }, "geometry": { "type": "Point", "coordinates": [ 132.7348528, 35.01991017 ] } },
{ "type": "Feature", "properties": { "P05_001": "32386", "P05_002": "5", "P05_003": "安波岐公会堂", "P05_004": "飯南町佐見508-4" }, "geometry": { "type": "Point", "coordinates": [ 132.7649841, 35.06462664 ] } },
{ "type": "Feature", "properties": { "P05_001": "32386", "P05_002": "5", "P05_003": "伊比集会所", "P05_004": "飯南町角井1167-1" }, "geometry": { "type": "Point", "coordinates": [ 132.6689295, 35.14373433 ] } },
{ "type": "Feature", "properties": { "P05_001": "32386", "P05_002": "5", "P05_003": "隠岐原集会所", "P05_004": "飯南町都加賀47-1" }, "geometry": { "type": "Point", "coordinates": [ 132.7965724, 35.11438826 ] } },
{ "type": "Feature", "properties": { "P05_001": "32386", "P05_002": "5", "P05_003": "宇山交流センター", "P05_004": "飯南町頓原1161" }, "geometry": { "type": "Point", "coordinates": [ 132.8032077, 35.07842808 ] } },
{ "type": "Feature", "properties": { "P05_001": "32386", "P05_002": "5", "P05_003": "宇山小和田公会堂", "P05_004": "飯南町頓原1133" }, "geometry": { "type": "Point", "coordinates": [ 132.798572900000011, 35.0786148 ] } },
{ "type": "Feature", "properties": { "P05_001": "32386", "P05_002": "5", "P05_003": "塩谷下会館", "P05_004": "飯南町塩谷554-3" }, "geometry": { "type": "Point", "coordinates": [ 132.6791868, 34.99735314 ] } },
{ "type": "Feature", "properties": { "P05_001": "32386", "P05_002": "5", "P05_003": "赤名農村環境改善センター", "P05_004": "飯南町下赤名862" }, "geometry": { "type": "Point", "coordinates": [ 132.7129948, 34.99799335 ] } },
{ "type": "Feature", "properties": { "P05_001": "32386", "P05_002": "5", "P05_003": "赤名農林会館", "P05_004": "飯南町下赤名876" }, "geometry": { "type": "Point", "coordinates": [ 132.714653, 34.998068 ] } },
{ "type": "Feature", "properties": { "P05_001": "32386", "P05_002": "4", "P05_003": "塩谷上公民館", "P05_004": "飯南町塩谷376-7" }, "geometry": { "type": "Point", "coordinates": [ 132.68462550000001, 35.000592 ] } },
{ "type": "Feature", "properties": { "P05_001": "32386", "P05_002": "4", "P05_003": "奥真木公民館", "P05_004": "飯南町真木333-2" }, "geometry": { "type": "Point", "coordinates": [ 132.7463043, 35.00014542 ] } },
{ "type": "Feature", "properties": { "P05_001": "32386", "P05_002": "4", "P05_003": "川尻公民館", "P05_004": "飯南町下来島1470-1" }, "geometry": { "type": "Point", "coordinates": [ 132.710683, 35.06820322 ] } },
{ "type": "Feature", "properties": { "P05_001": "32386", "P05_002": "5", "P05_003": "横路集会所", "P05_004": "飯南町上来島837-4" }, "geometry": { "type": "Point", "coordinates": [ 132.7437016, 35.02127678 ] } },
{ "type": "Feature", "properties": { "P05_001": "32386", "P05_002": "5", "P05_003": "下三日市生活改善センター", "P05_004": "飯南町野萱980-2" }, "geometry": { "type": "Point", "coordinates": [ 132.740860199999986, 35.04226274 ] } },
{ "type": "Feature", "properties": { "P05_001": "32386", "P05_002": "5", "P05_003": "下来島多目的集会施設", "P05_004": "飯南町下来島707-2" }, "geometry": { "type": "Point", "coordinates": [ 132.7351035, 35.04988186 ] } },
{ "type": "Feature", "properties": { "P05_001": "32386", "P05_002": "5", "P05_003": "下来島健康増進施設", "P05_004": "飯南町下来島707-2" }, "geometry": { "type": "Point", "coordinates": [ 132.7350935, 35.04988186 ] } },
{ "type": "Feature", "properties": { "P05_001": "32386", "P05_002": "5", "P05_003": "都市交流センター", "P05_004": "飯南町花栗48" }, "geometry": { "type": "Point", "coordinates": [ 132.785606, 35.089858 ] } },
{ "type": "Feature", "properties": { "P05_001": "32386", "P05_002": "5", "P05_003": "協和公会堂", "P05_004": "飯南町花栗499-5" }, "geometry": { "type": "Point", "coordinates": [ 132.7706157, 35.08816682 ] } },
{ "type": "Feature", "properties": { "P05_001": "32386", "P05_002": "5", "P05_003": "琴引集会所", "P05_004": "飯南町頓原1907-4" }, "geometry": { "type": "Point", "coordinates": [ 132.782467200000013, 35.06662667 ] } },
{ "type": "Feature", "properties": { "P05_001": "32386", "P05_002": "5", "P05_003": "琴麓集会所", "P05_004": "飯南町野萱496" }, "geometry": { "type": "Point", "coordinates": [ 132.7458586, 35.02375992 ] } },
{ "type": "Feature", "properties": { "P05_001": "32386", "P05_002": "5", "P05_003": "角井自治会館", "P05_004": "飯南町角井419-2" }, "geometry": { "type": "Point", "coordinates": [ 132.668541, 35.133475 ] } },
{ "type": "Feature", "properties": { "P05_001": "32386", "P05_002": "5", "P05_003": "古城団地集会所", "P05_004": "飯南町頓原1508" }, "geometry": { "type": "Point", "coordinates": [ 132.7894637, 35.07935585 ] } },
{ "type": "Feature", "properties": { "P05_001": "32386", "P05_002": "5", "P05_003": "交流センターつがか", "P05_004": "飯南町都加賀274-3" }, "geometry": { "type": "Point", "coordinates": [ 132.7913423, 35.11734262 ] } },
{ "type": "Feature", "properties": { "P05_001": "32386", "P05_002": "5", "P05_003": "口真木集会所", "P05_004": "飯南町真木166-2" }, "geometry": { "type": "Point", "coordinates": [ 132.747373900000014, 35.01482503 ] } },
{ "type": "Feature", "properties": { "P05_001": "32386", "P05_002": "5", "P05_003": "向谷会館", "P05_004": "飯南町上赤名1603-1" }, "geometry": { "type": "Point", "coordinates": [ 132.7128011, 34.99309484 ] } },
{ "type": "Feature", "properties": { "P05_001": "32386", "P05_002": "5", "P05_003": "小田体育館", "P05_004": "飯南町小田276-1" }, "geometry": { "type": "Point", "coordinates": [ 132.750851, 35.01720627 ] } },
{ "type": "Feature", "properties": { "P05_001": "32386", "P05_002": "4", "P05_003": "高屋公民館", "P05_004": "飯南町小田260-6" }, "geometry": { "type": "Point", "coordinates": [ 132.7511145, 35.01767455 ] } },
{ "type": "Feature", "properties": { "P05_001": "32386", "P05_002": "5", "P05_003": "国倉公会堂", "P05_004": "飯南町都加賀845-1" }, "geometry": { "type": "Point", "coordinates": [ 132.797174899999987, 35.12012471 ] } },
{ "type": "Feature", "properties": { "P05_001": "32386", "P05_002": "5", "P05_003": "佐見会館", "P05_004": "飯南町佐見766-8" }, "geometry": { "type": "Point", "coordinates": [ 132.755508, 35.06123452 ] } },
{ "type": "Feature", "properties": { "P05_001": "32386", "P05_002": "5", "P05_003": "才谷集会所", "P05_004": "飯南町八神1228-4" }, "geometry": { "type": "Point", "coordinates": [ 132.678075799999988, 35.09137658 ] } },
{ "type": "Feature", "properties": { "P05_001": "32386", "P05_002": "5", "P05_003": "上市上団地会館", "P05_004": "飯南町赤名124-16" }, "geometry": { "type": "Point", "coordinates": [ 132.7162229, 34.9940314 ] } },
{ "type": "Feature", "properties": { "P05_001": "32386", "P05_002": "5", "P05_003": "下市集会所", "P05_004": "飯南町上赤名70-1" }, "geometry": { "type": "Point", "coordinates": [ 132.714699, 34.999307 ] } },
{ "type": "Feature", "properties": { "P05_001": "32386", "P05_002": "5", "P05_003": "上赤名会館", "P05_004": "飯南町上赤名394-4" }, "geometry": { "type": "Point", "coordinates": [ 132.729668, 34.97824249 ] } },
{ "type": "Feature", "properties": { "P05_001": "32386", "P05_002": "5", "P05_003": "杉戸生活改善センター", "P05_004": "飯南町上来島1039" }, "geometry": { "type": "Point", "coordinates": [ 132.740079400000013, 35.02503725 ] } },
{ "type": "Feature", "properties": { "P05_001": "32386", "P05_002": "5", "P05_003": "上来島集会所", "P05_004": "飯南町上来島1224-1" }, "geometry": { "type": "Point", "coordinates": [ 132.725804399999987, 35.02308106 ] } },
{ "type": "Feature", "properties": { "P05_001": "32386", "P05_002": "5", "P05_003": "瀬戸会館", "P05_004": "飯南町花栗320-5" }, "geometry": { "type": "Point", "coordinates": [ 132.781425399999989, 35.094141 ] } },
{ "type": "Feature", "properties": { "P05_001": "32386", "P05_002": "4", "P05_003": "瀬戸公民館", "P05_004": "飯南町上赤名1295-1" }, "geometry": { "type": "Point", "coordinates": [ 132.7223166, 34.98511889 ] } },
{ "type": "Feature", "properties": { "P05_001": "32386", "P05_002": "5", "P05_003": "たかばし生活改善センター", "P05_004": "飯南町上来島964-1" }, "geometry": { "type": "Point", "coordinates": [ 132.745443, 35.018911 ] } },
{ "type": "Feature", "properties": { "P05_001": "32386", "P05_002": "5", "P05_003": "西集会所", "P05_004": "飯南町八神483-3" }, "geometry": { "type": "Point", "coordinates": [ 132.6849067, 35.10080782 ] } },
{ "type": "Feature", "properties": { "P05_001": "32386", "P05_002": "5", "P05_003": "石次自治会館", "P05_004": "飯南町下赤名1938-24" }, "geometry": { "type": "Point", "coordinates": [ 132.7184661, 35.01881645 ] } },
{ "type": "Feature", "properties": { "P05_001": "32386", "P05_002": "5", "P05_003": "千束会館", "P05_004": "飯南町下赤名919-1" }, "geometry": { "type": "Point", "coordinates": [ 132.712142699999987, 35.0028565 ] } },
{ "type": "Feature", "properties": { "P05_001": "32386", "P05_002": "5", "P05_003": "太田公会堂", "P05_004": "飯南町頓原723-3" }, "geometry": { "type": "Point", "coordinates": [ 132.80067, 35.0866047 ] } },
{ "type": "Feature", "properties": { "P05_001": "32386", "P05_002": "5", "P05_003": "大万木山麓自治会館", "P05_004": "飯南町頓原140-3" }, "geometry": { "type": "Point", "coordinates": [ 132.825532900000013, 35.09626539 ] } },
{ "type": "Feature", "properties": { "P05_001": "32386", "P05_002": "4", "P05_003": "赤名公民館", "P05_004": "飯南町赤名862" }, "geometry": { "type": "Point", "coordinates": [ 132.713728, 34.99715 ] } },
{ "type": "Feature", "properties": { "P05_001": "32386", "P05_002": "4", "P05_003": "谷高齢者コミュニティセンター", "P05_004": "飯南町井戸谷478-1" }, "geometry": { "type": "Point", "coordinates": [ 132.677396, 34.986427 ] } },
{ "type": "Feature", "properties": { "P05_001": "32386", "P05_002": "5", "P05_003": "谷川南会館", "P05_004": "飯南町八神634-2" }, "geometry": { "type": "Point", "coordinates": [ 132.6924257, 35.10880272 ] } },
{ "type": "Feature", "properties": { "P05_001": "32386", "P05_002": "5", "P05_003": "中市下自治会交流会館", "P05_004": "飯南町赤名38-2" }, "geometry": { "type": "Point", "coordinates": [ 132.7153772, 34.9985765 ] } },
{ "type": "Feature", "properties": { "P05_001": "32386", "P05_002": "5", "P05_003": "中市上自治会館", "P05_004": "飯南町赤名797-1" }, "geometry": { "type": "Point", "coordinates": [ 132.716499199999987, 34.99662249 ] } },
{ "type": "Feature", "properties": { "P05_001": "32386", "P05_002": "5", "P05_003": "中小田集会所", "P05_004": "飯南町小田409-1" }, "geometry": { "type": "Point", "coordinates": [ 132.761864300000013, 35.01704966 ] } },
{ "type": "Feature", "properties": { "P05_001": "32386", "P05_002": "5", "P05_003": "中通生活研修センター", "P05_004": "飯南町下赤名1317-2" }, "geometry": { "type": "Point", "coordinates": [ 132.714733599999988, 35.01071752 ] } },
{ "type": "Feature", "properties": { "P05_001": "32386", "P05_002": "5", "P05_003": "張戸会館", "P05_004": "飯南町下赤名244-1" }, "geometry": { "type": "Point", "coordinates": [ 132.724239399999988, 35.00851972 ] } },
{ "type": "Feature", "properties": { "P05_001": "32386", "P05_002": "5", "P05_003": "張戸公会堂", "P05_004": "飯南町頓原517-1" }, "geometry": { "type": "Point", "coordinates": [ 132.8096311, 35.08701501 ] } },
{ "type": "Feature", "properties": { "P05_001": "32386", "P05_002": "4", "P05_003": "長谷公民館", "P05_004": "飯南町長谷517-1" }, "geometry": { "type": "Point", "coordinates": [ 132.743435799999986, 35.09098466 ] } },
{ "type": "Feature", "properties": { "P05_001": "32386", "P05_002": "5", "P05_003": "塚原生活改善センター", "P05_004": "飯南町野萱766" }, "geometry": { "type": "Point", "coordinates": [ 132.7416517, 35.03133315 ] } },
{ "type": "Feature", "properties": { "P05_001": "32386", "P05_002": "5", "P05_003": "程原集会所", "P05_004": "飯南町井戸谷593-2" }, "geometry": { "type": "Point", "coordinates": [ 132.6960724, 34.96582922 ] } },
{ "type": "Feature", "properties": { "P05_001": "32386", "P05_002": "5", "P05_003": "東下集会所", "P05_004": "飯南町下赤名3486-5" }, "geometry": { "type": "Point", "coordinates": [ 132.72280760000001, 35.01476153 ] } },
{ "type": "Feature", "properties": { "P05_001": "32386", "P05_002": "5", "P05_003": "頓原農村環境改善センター", "P05_004": "飯南町頓原2093" }, "geometry": { "type": "Point", "coordinates": [ 132.7833923, 35.08043835 ] } },
{ "type": "Feature", "properties": { "P05_001": "32386", "P05_002": "5", "P05_003": "頓原拠点複合施設", "P05_004": "飯南町頓原2212-3" }, "geometry": { "type": "Point", "coordinates": [ 132.787947, 35.080844 ] } },
{ "type": "Feature", "properties": { "P05_001": "32386", "P05_002": "2", "P05_003": "頓原庁舎", "P05_004": "飯南町頓原2319" }, "geometry": { "type": "Point", "coordinates": [ 132.7879117, 35.08045633 ] } },
{ "type": "Feature", "properties": { "P05_001": "32386", "P05_002": "4", "P05_003": "頓原公民館", "P05_004": "飯南町頓原2212-3" }, "geometry": { "type": "Point", "coordinates": [ 132.787944939999988, 35.08092211 ] } },
{ "type": "Feature", "properties": { "P05_001": "32386", "P05_002": "5", "P05_003": "板屋谷集会所", "P05_004": "飯南町上赤名1265-2" }, "geometry": { "type": "Point", "coordinates": [ 132.7216508, 34.98237882 ] } },
{ "type": "Feature", "properties": { "P05_001": "32386", "P05_002": "1", "P05_003": "飯南町役場", "P05_004": "飯南町下赤名880" }, "geometry": { "type": "Point", "coordinates": [ 132.713278, 34.998678 ] } },
{ "type": "Feature", "properties": { "P05_001": "32386", "P05_002": "2", "P05_003": "志々支所", "P05_004": "飯南町八神117-1" }, "geometry": { "type": "Point", "coordinates": [ 132.697161, 35.108754 ] } },
{ "type": "Feature", "properties": { "P05_001": "32386", "P05_002": "4", "P05_003": "志々公民館", "P05_004": "飯南町八神117-1" }, "geometry": { "type": "Point", "coordinates": [ 132.69685, 35.108696 ] } },
{ "type": "Feature", "properties": { "P05_001": "32386", "P05_002": "5", "P05_003": "敷波公会堂", "P05_004": "飯南町頓原2008-3" }, "geometry": { "type": "Point", "coordinates": [ 132.7805616, 35.07511342 ] } },
{ "type": "Feature", "properties": { "P05_001": "32386", "P05_002": "5", "P05_003": "福田自治会館", "P05_004": "飯南町下赤名2531-2" }, "geometry": { "type": "Point", "coordinates": [ 132.7069945, 35.01718384 ] } },
{ "type": "Feature", "properties": { "P05_001": "32386", "P05_002": "5", "P05_003": "保賀集会所", "P05_004": "飯南町下来島173-3" }, "geometry": { "type": "Point", "coordinates": [ 132.7477681, 35.04821727 ] } },
{ "type": "Feature", "properties": { "P05_001": "32386", "P05_002": "5", "P05_003": "保健福祉センター", "P05_004": "飯南町頓原2064" }, "geometry": { "type": "Point", "coordinates": [ 132.780967, 35.079598 ] } },
{ "type": "Feature", "properties": { "P05_001": "32386", "P05_002": "5", "P05_003": "北野下研修センター", "P05_004": "飯南町上赤名626-7" }, "geometry": { "type": "Point", "coordinates": [ 132.733456600000011, 34.96947174 ] } },
{ "type": "Feature", "properties": { "P05_001": "32386", "P05_002": "4", "P05_003": "来島公民館", "P05_004": "飯南町野萱300-1" }, "geometry": { "type": "Point", "coordinates": [ 132.74317688, 35.03537625 ] } },
{ "type": "Feature", "properties": { "P05_001": "32386", "P05_002": "2", "P05_003": "来島支所", "P05_004": "飯南町野萱311-6" }, "geometry": { "type": "Point", "coordinates": [ 132.742988, 35.035043 ] } },
{ "type": "Feature", "properties": { "P05_001": "32386", "P05_002": "5", "P05_003": "北野上集会所", "P05_004": "飯南町上赤名877" }, "geometry": { "type": "Point", "coordinates": [ 132.731432899999987, 34.96295893 ] } },
{ "type": "Feature", "properties": { "P05_001": "32386", "P05_002": "5", "P05_003": "門会館", "P05_004": "飯南町花栗70-5" }, "geometry": { "type": "Point", "coordinates": [ 132.7837427, 35.08742582 ] } },
{ "type": "Feature", "properties": { "P05_001": "32386", "P05_002": "5", "P05_003": "野萱会館", "P05_004": "飯南町野萱98-1" }, "geometry": { "type": "Point", "coordinates": [ 132.7455235, 35.03766831 ] } },
{ "type": "Feature", "properties": { "P05_001": "32386", "P05_002": "5", "P05_003": "三日市集会所", "P05_004": "飯南町野萱869-1" }, "geometry": { "type": "Point", "coordinates": [ 132.742432400000013, 35.03695311 ] } },
{ "type": "Feature", "properties": { "P05_001": "32386", "P05_002": "5", "P05_003": "来島基幹集落センター", "P05_004": "飯南町野萱311-6" }, "geometry": { "type": "Point", "coordinates": [ 132.742988, 35.035023 ] } },
{ "type": "Feature", "properties": { "P05_001": "32386", "P05_002": "4", "P05_003": "和田公民館", "P05_004": "飯南町小田260-6" }, "geometry": { "type": "Point", "coordinates": [ 132.7511045, 35.01767455 ] } },
{ "type": "Feature", "properties": { "P05_001": "32441", "P05_002": "4", "P05_003": "川本西公民館", "P05_004": "川本町因原933-2" }, "geometry": { "type": "Point", "coordinates": [ 132.474706, 34.966942 ] } },
{ "type": "Feature", "properties": { "P05_001": "32441", "P05_002": "5", "P05_003": "市口集会所", "P05_004": "川本町三原392-1" }, "geometry": { "type": "Point", "coordinates": [ 132.418744, 34.985369 ] } },
{ "type": "Feature", "properties": { "P05_001": "32441", "P05_002": "5", "P05_003": "三原多目的集会所", "P05_004": "川本町三原461-1" }, "geometry": { "type": "Point", "coordinates": [ 132.417756, 34.98887 ] } },
{ "type": "Feature", "properties": { "P05_001": "32441", "P05_002": "5", "P05_003": "三俣集会所", "P05_004": "川本町三俣175-4" }, "geometry": { "type": "Point", "coordinates": [ 132.466438, 35.011179 ] } },
{ "type": "Feature", "properties": { "P05_001": "32441", "P05_002": "5", "P05_003": "三大字集会所", "P05_004": "川本町小谷255-5" }, "geometry": { "type": "Point", "coordinates": [ 132.494444, 35.020235 ] } },
{ "type": "Feature", "properties": { "P05_001": "32441", "P05_002": "5", "P05_003": "高齢者生産活動センター", "P05_004": "川本町川下1618" }, "geometry": { "type": "Point", "coordinates": [ 132.463386, 34.964 ] } },
{ "type": "Feature", "properties": { "P05_001": "32441", "P05_002": "5", "P05_003": "絵堂構造改善センター", "P05_004": "川本町川下2164-2" }, "geometry": { "type": "Point", "coordinates": [ 132.43653, 34.97295 ] } },
{ "type": "Feature", "properties": { "P05_001": "32441", "P05_002": "5", "P05_003": "八幡集会所", "P05_004": "川本町川下2546-8" }, "geometry": { "type": "Point", "coordinates": [ 132.449577, 34.983602 ] } },
{ "type": "Feature", "properties": { "P05_001": "32441", "P05_002": "5", "P05_003": "木谷集会所", "P05_004": "川本町川下4421-14" }, "geometry": { "type": "Point", "coordinates": [ 132.469298, 34.970756 ] } },
{ "type": "Feature", "properties": { "P05_001": "32441", "P05_002": "5", "P05_003": "笹畑集会所", "P05_004": "川本町川下706-2" }, "geometry": { "type": "Point", "coordinates": [ 132.462345, 34.996269 ] } },
{ "type": "Feature", "properties": { "P05_001": "32441", "P05_002": "4", "P05_003": "高齢者コミュニティセンター", "P05_004": "川本町川本1054-6" }, "geometry": { "type": "Point", "coordinates": [ 132.49307, 34.986002 ] } },
{ "type": "Feature", "properties": { "P05_001": "32441", "P05_002": "5", "P05_003": "中倉集会所", "P05_004": "川本町川本1290-1" }, "geometry": { "type": "Point", "coordinates": [ 132.492363, 34.976864 ] } },
{ "type": "Feature", "properties": { "P05_001": "32441", "P05_002": "5", "P05_003": "木路原集会所", "P05_004": "川本町川本144-1" }, "geometry": { "type": "Point", "coordinates": [ 132.508195, 35.000788 ] } },
{ "type": "Feature", "properties": { "P05_001": "32441", "P05_002": "5", "P05_003": "市井原集会所", "P05_004": "川本町川本1444-5" }, "geometry": { "type": "Point", "coordinates": [ 132.505273, 34.975716 ] } },
{ "type": "Feature", "properties": { "P05_001": "32441", "P05_002": "5", "P05_003": "長原構造改善センター", "P05_004": "川本町川本1630-4" }, "geometry": { "type": "Point", "coordinates": [ 132.523027, 34.973165 ] } },
{ "type": "Feature", "properties": { "P05_001": "32441", "P05_002": "5", "P05_003": "矢谷集会所", "P05_004": "川本町川本1884-1" }, "geometry": { "type": "Point", "coordinates": [ 132.547008, 34.970141 ] } },
{ "type": "Feature", "properties": { "P05_001": "32441", "P05_002": "5", "P05_003": "芋畑集会所", "P05_004": "川本町川本2091-1" }, "geometry": { "type": "Point", "coordinates": [ 132.561121, 34.980968 ] } },
{ "type": "Feature", "properties": { "P05_001": "32441", "P05_002": "5", "P05_003": "川本町民体育館", "P05_004": "川本町川本2297-19" }, "geometry": { "type": "Point", "coordinates": [ 132.498728, 34.994297 ] } },
{ "type": "Feature", "properties": { "P05_001": "32441", "P05_002": "4", "P05_003": "川本中央公民館", "P05_004": "川本町川本332-15" }, "geometry": { "type": "Point", "coordinates": [ 132.497128, 34.991766 ] } },
{ "type": "Feature", "properties": { "P05_001": "32441", "P05_002": "5", "P05_003": "悠邑ふるさと会館", "P05_004": "川本町川本332-15" }, "geometry": { "type": "Point", "coordinates": [ 132.49720585, 34.99182388 ] } },
{ "type": "Feature", "properties": { "P05_001": "32441", "P05_002": "5", "P05_003": "天神町集会所", "P05_004": "川本町川本488" }, "geometry": { "type": "Point", "coordinates": [ 132.494571, 34.990478 ] } },
{ "type": "Feature", "properties": { "P05_001": "32441", "P05_002": "5", "P05_003": "本町集会所", "P05_004": "川本町川本524-1" }, "geometry": { "type": "Point", "coordinates": [ 132.494157, 34.992264 ] } },
{ "type": "Feature", "properties": { "P05_001": "32441", "P05_002": "5", "P05_003": "畑野集会所", "P05_004": "川本町川本746-1" }, "geometry": { "type": "Point", "coordinates": [ 132.518805, 34.993302 ] } },
{ "type": "Feature", "properties": { "P05_001": "32441", "P05_002": "5", "P05_003": "日向集会所", "P05_004": "川本町川本882" }, "geometry": { "type": "Point", "coordinates": [ 132.484769, 34.972814 ] } },
{ "type": "Feature", "properties": { "P05_001": "32441", "P05_002": "5", "P05_003": "多田集会所", "P05_004": "川本町多田19-4・19-5" }, "geometry": { "type": "Point", "coordinates": [ 132.505222, 35.004801 ] } },
{ "type": "Feature", "properties": { "P05_001": "32441", "P05_002": "1", "P05_003": "川本町役場", "P05_004": "川本町大字川本271-3" }, "geometry": { "type": "Point", "coordinates": [ 132.49581812, 34.99522194 ] } },
{ "type": "Feature", "properties": { "P05_001": "32441", "P05_002": "5", "P05_003": "谷戸集会所", "P05_004": "川本町谷戸435-1" }, "geometry": { "type": "Point", "coordinates": [ 132.477759, 35.002754 ] } },
{ "type": "Feature", "properties": { "P05_001": "32441", "P05_002": "5", "P05_003": "田窪集会所", "P05_004": "川本町田窪930-23" }, "geometry": { "type": "Point", "coordinates": [ 132.406356, 34.994278 ] } },
{ "type": "Feature", "properties": { "P05_001": "32441", "P05_002": "5", "P05_003": "親和集会所", "P05_004": "川本町湯谷291-1" }, "geometry": { "type": "Point", "coordinates": [ 132.426226, 35.007988 ] } },
{ "type": "Feature", "properties": { "P05_001": "32441", "P05_002": "5", "P05_003": "三谷生活改善センター", "P05_004": "川本町湯谷761-1" }, "geometry": { "type": "Point", "coordinates": [ 132.4462, 35.010067 ] } },
{ "type": "Feature", "properties": { "P05_001": "32441", "P05_002": "5", "P05_003": "三谷体育館", "P05_004": "川本町湯谷770-1" }, "geometry": { "type": "Point", "coordinates": [ 132.44739, 35.009966 ] } },
{ "type": "Feature", "properties": { "P05_001": "32441", "P05_002": "4", "P05_003": "川本北公民館", "P05_004": "川本町南佐木236-2" }, "geometry": { "type": "Point", "coordinates": [ 132.41494078, 34.99796883 ] } },
{ "type": "Feature", "properties": { "P05_001": "32441", "P05_002": "5", "P05_003": "古屋口集会所", "P05_004": "川本町北佐木123-1" }, "geometry": { "type": "Point", "coordinates": [ 132.425806, 34.999083 ] } },
{ "type": "Feature", "properties": { "P05_001": "32448", "P05_002": "5", "P05_003": "乙原集会所", "P05_004": "美郷町乙原59-4" }, "geometry": { "type": "Point", "coordinates": [ 132.546114, 35.027322 ] } },
{ "type": "Feature", "properties": { "P05_001": "32448", "P05_002": "5", "P05_003": "久保集会所", "P05_004": "美郷町久保155" }, "geometry": { "type": "Point", "coordinates": [ 132.59573, 35.073488 ] } },
{ "type": "Feature", "properties": { "P05_001": "32448", "P05_002": "5", "P05_003": "いきいき住民活動支援センター", "P05_004": "美郷町粕渕404-5" }, "geometry": { "type": "Point", "coordinates": [ 132.604862, 35.103405 ] } },
{ "type": "Feature", "properties": { "P05_001": "32448", "P05_002": "5", "P05_003": "まほろば福祉センター", "P05_004": "美郷町都賀本郷163" }, "geometry": { "type": "Point", "coordinates": [ 132.64373411, 34.95777176 ] } },
{ "type": "Feature", "properties": { "P05_001": "32448", "P05_002": "5", "P05_003": "君谷体育館", "P05_004": "美郷町京覧原278" }, "geometry": { "type": "Point", "coordinates": [ 132.506778, 35.063263 ] } },
{ "type": "Feature", "properties": { "P05_001": "32448", "P05_002": "4", "P05_003": "沢谷公民館", "P05_004": "美郷町九日市118" }, "geometry": { "type": "Point", "coordinates": [ 132.6614, 35.051647 ] } },
{ "type": "Feature", "properties": { "P05_001": "32448", "P05_002": "5", "P05_003": "基幹集落センター", "P05_004": "美郷町都賀西281-1" }, "geometry": { "type": "Point", "coordinates": [ 132.640168, 34.948115 ] } },
{ "type": "Feature", "properties": { "P05_001": "32448", "P05_002": "5", "P05_003": "九日市集会所", "P05_004": "美郷町九日市298" }, "geometry": { "type": "Point", "coordinates": [ 132.670051, 35.049478 ] } },
{ "type": "Feature", "properties": { "P05_001": "32448", "P05_002": "5", "P05_003": "共栄集会所", "P05_004": "美郷町湯抱1-2" }, "geometry": { "type": "Point", "coordinates": [ 132.585665, 35.079892 ] } },
{ "type": "Feature", "properties": { "P05_001": "32448", "P05_002": "5", "P05_003": "君谷交流センター", "P05_004": "美郷町京覧原277" }, "geometry": { "type": "Point", "coordinates": [ 132.507319, 35.063564 ] } },
{ "type": "Feature", "properties": { "P05_001": "32448", "P05_002": "5", "P05_003": "高畑集会所", "P05_004": "美郷町高畑348-2" }, "geometry": { "type": "Point", "coordinates": [ 132.584615, 35.065249 ] } },
{ "type": "Feature", "properties": { "P05_001": "32448", "P05_002": "5", "P05_003": "志君集会所", "P05_004": "美郷町志君251-3" }, "geometry": { "type": "Point", "coordinates": [ 132.543975, 35.074676 ] } },
{ "type": "Feature", "properties": { "P05_001": "32448", "P05_002": "5", "P05_003": "酒谷集会所", "P05_004": "美郷町酒谷223-6" }, "geometry": { "type": "Point", "coordinates": [ 132.698512, 35.048983 ] } },
{ "type": "Feature", "properties": { "P05_001": "32448", "P05_002": "5", "P05_003": "小林集会所", "P05_004": "美郷町小林528" }, "geometry": { "type": "Point", "coordinates": [ 132.522196, 35.061728 ] } },
{ "type": "Feature", "properties": { "P05_001": "32448", "P05_002": "5", "P05_003": "上川戸集会所", "P05_004": "美郷町小林528" }, "geometry": { "type": "Point", "coordinates": [ 132.617675, 35.057818 ] } },
{ "type": "Feature", "properties": { "P05_001": "32448", "P05_002": "5", "P05_003": "本郷集会所", "P05_004": "美郷町上川戸153-4" }, "geometry": { "type": "Point", "coordinates": [ 132.60876, 35.052635 ] } },
{ "type": "Feature", "properties": { "P05_001": "32448", "P05_002": "5", "P05_003": "上野体育館", "P05_004": "美郷町上野79-2" }, "geometry": { "type": "Point", "coordinates": [ 132.643694, 34.944984 ] } },
{ "type": "Feature", "properties": { "P05_001": "32448", "P05_002": "5", "P05_003": "吾郷集会所", "P05_004": "美郷町吾郷183-1" }, "geometry": { "type": "Point", "coordinates": [ 132.546057, 35.047479 ] } },
{ "type": "Feature", "properties": { "P05_001": "32448", "P05_002": "5", "P05_003": "信喜集会所", "P05_004": "美郷町信喜323-1" }, "geometry": { "type": "Point", "coordinates": [ 132.618701, 35.03571 ] } },
{ "type": "Feature", "properties": { "P05_001": "32448", "P05_002": "5", "P05_003": "上野ふれあい会館", "P05_004": "美郷町上野81-2" }, "geometry": { "type": "Point", "coordinates": [ 132.64372122, 34.9449829 ] } },
{ "type": "Feature", "properties": { "P05_001": "32448", "P05_002": "5", "P05_003": "石見集会所", "P05_004": "美郷町信喜529-1" }, "geometry": { "type": "Point", "coordinates": [ 132.602051, 35.034264 ] } },
{ "type": "Feature", "properties": { "P05_001": "32448", "P05_002": "5", "P05_003": "小松地体育館", "P05_004": "美郷町惣森495" }, "geometry": { "type": "Point", "coordinates": [ 132.529443, 35.092737 ] } },
{ "type": "Feature", "properties": { "P05_001": "32448", "P05_002": "5", "P05_003": "地頭所集会所", "P05_004": "美郷町地頭所77" }, "geometry": { "type": "Point", "coordinates": [ 132.51473, 35.033053 ] } },
{ "type": "Feature", "properties": { "P05_001": "32448", "P05_002": "4", "P05_003": "千原コミュニティセンター", "P05_004": "美郷町石原276-5" }, "geometry": { "type": "Point", "coordinates": [ 132.643414, 35.057241 ] } },
{ "type": "Feature", "properties": { "P05_001": "32448", "P05_002": "5", "P05_003": "大和斎場", "P05_004": "美郷町都賀行623-1" }, "geometry": { "type": "Point", "coordinates": [ 132.628843, 34.977816 ] } },
{ "type": "Feature", "properties": { "P05_001": "32448", "P05_002": "5", "P05_003": "沢谷交流センター", "P05_004": "美郷町九日市118" }, "geometry": { "type": "Point", "coordinates": [ 132.661632, 35.051527 ] } },
{ "type": "Feature", "properties": { "P05_001": "32448", "P05_002": "4", "P05_003": "都賀行公民館", "P05_004": "美郷町都賀行120-1" }, "geometry": { "type": "Point", "coordinates": [ 132.609468, 34.992262 ] } },
{ "type": "Feature", "properties": { "P05_001": "32448", "P05_002": "5", "P05_003": "地域活動支援センターあおぞら", "P05_004": "美郷町粕渕117-1" }, "geometry": { "type": "Point", "coordinates": [ 132.588643, 35.077236 ] } },
{ "type": "Feature", "properties": { "P05_001": "32448", "P05_002": "5", "P05_003": "高梨集会所", "P05_004": "美郷町都賀行582-27" }, "geometry": { "type": "Point", "coordinates": [ 132.619143, 34.983295 ] } },
{ "type": "Feature", "properties": { "P05_001": "32448", "P05_002": "5", "P05_003": "潮会館", "P05_004": "美郷町潮村136" }, "geometry": { "type": "Point", "coordinates": [ 132.6336, 35.018927 ] } },
{ "type": "Feature", "properties": { "P05_001": "32448", "P05_002": "5", "P05_003": "都賀行隣保館", "P05_004": "美郷町都賀行90-16" }, "geometry": { "type": "Point", "coordinates": [ 132.608592, 34.993154 ] } },
{ "type": "Feature", "properties": { "P05_001": "32448", "P05_002": "5", "P05_003": "長藤集会所", "P05_004": "美郷町長藤219-14" }, "geometry": { "type": "Point", "coordinates": [ 132.641573, 34.967293 ] } },
{ "type": "Feature", "properties": { "P05_001": "32448", "P05_002": "4", "P05_003": "都賀公民館", "P05_004": "美郷町都賀本郷163" }, "geometry": { "type": "Point", "coordinates": [ 132.64389709, 34.95755198 ] } },
{ "type": "Feature", "properties": { "P05_001": "32448", "P05_002": "2", "P05_003": "大和事務所", "P05_004": "美郷町都賀本郷163" }, "geometry": { "type": "Point", "coordinates": [ 132.643678, 34.957693 ] } },
{ "type": "Feature", "properties": { "P05_001": "32448", "P05_002": "5", "P05_003": "都賀行交流センター", "P05_004": "美郷町都賀行120-1" }, "geometry": { "type": "Point", "coordinates": [ 132.609914, 34.992645 ] } },
{ "type": "Feature", "properties": { "P05_001": "32448", "P05_002": "5", "P05_003": "都賀本郷地区自治集会所", "P05_004": "美郷町都賀本郷239-1" }, "geometry": { "type": "Point", "coordinates": [ 132.642352, 34.956791 ] } },
{ "type": "Feature", "properties": { "P05_001": "32448", "P05_002": "5", "P05_003": "内田集会所", "P05_004": "美郷町都賀本郷349" }, "geometry": { "type": "Point", "coordinates": [ 132.500396, 35.067262 ] } },
{ "type": "Feature", "properties": { "P05_001": "32448", "P05_002": "5", "P05_003": "御領団地集会所", "P05_004": "美郷町都賀本郷406-14" }, "geometry": { "type": "Point", "coordinates": [ 132.64294, 34.95404 ] } },
{ "type": "Feature", "properties": { "P05_001": "32448", "P05_002": "5", "P05_003": "御領集会所", "P05_004": "美郷町都賀本郷462-13" }, "geometry": { "type": "Point", "coordinates": [ 132.641697, 34.952512 ] } },
{ "type": "Feature", "properties": { "P05_001": "32448", "P05_002": "4", "P05_003": "都賀行公民館潮分館", "P05_004": "美郷町潮村136" }, "geometry": { "type": "Point", "coordinates": [ 132.633642, 35.018945 ] } },
{ "type": "Feature", "properties": { "P05_001": "32448", "P05_002": "4", "P05_003": "粕渕公民館", "P05_004": "美郷町粕渕92-10" }, "geometry": { "type": "Point", "coordinates": [ 132.589738, 35.076103 ] } },
{ "type": "Feature", "properties": { "P05_001": "32448", "P05_002": "5", "P05_003": "邑智会館", "P05_004": "美郷町粕渕166-1" }, "geometry": { "type": "Point", "coordinates": [ 132.591041, 35.076766 ] } },
{ "type": "Feature", "properties": { "P05_001": "32448", "P05_002": "5", "P05_003": "比之宮交流センター", "P05_004": "美郷町宮内562-5" }, "geometry": { "type": "Point", "coordinates": [ 132.602451, 34.953676 ] } },
{ "type": "Feature", "properties": { "P05_001": "32448", "P05_002": "5", "P05_003": "美郷町・川本町斎場", "P05_004": "美郷町吾郷502" }, "geometry": { "type": "Point", "coordinates": [ 132.568746, 35.045122 ] } },
{ "type": "Feature", "properties": { "P05_001": "32448", "P05_002": "1", "P05_003": "美郷町役場", "P05_004": "美郷町粕渕168" }, "geometry": { "type": "Point", "coordinates": [ 132.591006, 35.076758 ] } },
{ "type": "Feature", "properties": { "P05_001": "32448", "P05_002": "4", "P05_003": "別府公民館", "P05_004": "美郷町別府50-2" }, "geometry": { "type": "Point", "coordinates": [ 132.538702, 35.102635 ] } },
{ "type": "Feature", "properties": { "P05_001": "32448", "P05_002": "5", "P05_003": "浜原隣保館", "P05_004": "美郷町浜原122" }, "geometry": { "type": "Point", "coordinates": [ 132.59956154, 35.06156874 ] } },
{ "type": "Feature", "properties": { "P05_001": "32448", "P05_002": "5", "P05_003": "浜原体育館", "P05_004": "美郷町浜原123" }, "geometry": { "type": "Point", "coordinates": [ 132.599599, 35.061746 ] } },
{ "type": "Feature", "properties": { "P05_001": "32448", "P05_002": "5", "P05_003": "保健福祉センター", "P05_004": "美郷町粕渕195-1" }, "geometry": { "type": "Point", "coordinates": [ 132.590911, 35.07576 ] } },
{ "type": "Feature", "properties": { "P05_001": "32448", "P05_002": "5", "P05_003": "野井集会所", "P05_004": "美郷町野井35-1" }, "geometry": { "type": "Point", "coordinates": [ 132.586931, 35.067973 ] } },
{ "type": "Feature", "properties": { "P05_001": "32448", "P05_002": "5", "P05_003": "簗瀬集会所", "P05_004": "美郷町簗瀬171-1" }, "geometry": { "type": "Point", "coordinates": [ 132.560052, 35.04176 ] } },
{ "type": "Feature", "properties": { "P05_001": "32448", "P05_002": "5", "P05_003": "吾郷体育館", "P05_004": "美郷町簗瀬178" }, "geometry": { "type": "Point", "coordinates": [ 132.56074586, 35.04167715 ] } },
{ "type": "Feature", "properties": { "P05_001": "32449", "P05_002": "5", "P05_003": "羽須美体育館", "P05_004": "邑南町阿須那112-5" }, "geometry": { "type": "Point", "coordinates": [ 132.618961, 34.873404 ] } },
{ "type": "Feature", "properties": { "P05_001": "32449", "P05_002": "4", "P05_003": "阿須那公民館", "P05_004": "邑南町阿須那153-1" }, "geometry": { "type": "Point", "coordinates": [ 132.6173513, 34.87439494 ] } },
{ "type": "Feature", "properties": { "P05_001": "32449", "P05_002": "4", "P05_003": "阿須那公民館阿須那分館", "P05_004": "邑南町阿須那6-6" }, "geometry": { "type": "Point", "coordinates": [ 132.617925, 34.86912 ] } },
{ "type": "Feature", "properties": { "P05_001": "32449", "P05_002": "5", "P05_003": "断魚自治会館", "P05_004": "邑南町井原1338-2" }, "geometry": { "type": "Point", "coordinates": [ 132.47612860000001, 34.91601645 ] } },
{ "type": "Feature", "properties": { "P05_001": "32449", "P05_002": "4", "P05_003": "井原公民館", "P05_004": "邑南町井原2140-1" }, "geometry": { "type": "Point", "coordinates": [ 132.4799064, 34.90401454 ] } },
{ "type": "Feature", "properties": { "P05_001": "32449", "P05_002": "5", "P05_003": "井原東自治会館", "P05_004": "邑南町井原2144-1" }, "geometry": { "type": "Point", "coordinates": [ 132.4804829, 34.9044175 ] } },
{ "type": "Feature", "properties": { "P05_001": "32449", "P05_002": "5", "P05_003": "井原南区自治会館", "P05_004": "邑南町井原2571-2" }, "geometry": { "type": "Point", "coordinates": [ 132.4903836, 34.89792621 ] } },
{ "type": "Feature", "properties": { "P05_001": "32449", "P05_002": "5", "P05_003": "井原西区自治会館", "P05_004": "邑南町井原3319" }, "geometry": { "type": "Point", "coordinates": [ 132.47660350000001, 34.89974535 ] } },
{ "type": "Feature", "properties": { "P05_001": "32449", "P05_002": "5", "P05_003": "宇都井区自治会館", "P05_004": "邑南町宇都井424-1" }, "geometry": { "type": "Point", "coordinates": [ 132.6272878, 34.90349888 ] } },
{ "type": "Feature", "properties": { "P05_001": "32449", "P05_002": "5", "P05_003": "瑞穂武道館", "P05_004": "邑南町下亀谷210" }, "geometry": { "type": "Point", "coordinates": [ 132.519662, 34.850625 ] } },
{ "type": "Feature", "properties": { "P05_001": "32449", "P05_002": "5", "P05_003": "下亀谷集会所", "P05_004": "邑南町下亀谷875-23" }, "geometry": { "type": "Point", "coordinates": [ 132.52154, 34.845581 ] } },
{ "type": "Feature", "properties": { "P05_001": "32449", "P05_002": "4", "P05_003": "口羽公民館口羽分館", "P05_004": "邑南町下口羽1248" }, "geometry": { "type": "Point", "coordinates": [ 132.674845, 34.88204 ] } },
{ "type": "Feature", "properties": { "P05_001": "32449", "P05_002": "5", "P05_003": "西ノ原集会所", "P05_004": "邑南町下口羽3596" }, "geometry": { "type": "Point", "coordinates": [ 132.673278, 34.886837 ] } },
{ "type": "Feature", "properties": { "P05_001": "32449", "P05_002": "5", "P05_003": "改善センター", "P05_004": "邑南町矢上7493外" }, "geometry": { "type": "Point", "coordinates": [ 132.4405046, 34.89035505 ] } },
{ "type": "Feature", "properties": { "P05_001": "32449", "P05_002": "2", "P05_003": "羽須美支所", "P05_004": "邑南町下口羽484-1" }, "geometry": { "type": "Point", "coordinates": [ 132.668982199999988, 34.88186185 ] } },
{ "type": "Feature", "properties": { "P05_001": "32449", "P05_002": "4", "P05_003": "田所公民館", "P05_004": "邑南町下田所282" }, "geometry": { "type": "Point", "coordinates": [ 132.5202601, 34.85406157 ] } },
{ "type": "Feature", "properties": { "P05_001": "32449", "P05_002": "5", "P05_003": "健康センター元気館", "P05_004": "邑南町淀原153-1" }, "geometry": { "type": "Point", "coordinates": [ 132.534788099999986, 34.85833477 ] } },
{ "type": "Feature", "properties": { "P05_001": "32449", "P05_002": "4", "P05_003": "口羽公民館", "P05_004": "邑南町下口羽484-1" }, "geometry": { "type": "Point", "coordinates": [ 132.6689364, 34.88183148 ] } },
{ "type": "Feature", "properties": { "P05_001": "32449", "P05_002": "5", "P05_003": "四つ葉自治会館", "P05_004": "邑南町下田所928" }, "geometry": { "type": "Point", "coordinates": [ 132.505265, 34.842398 ] } },
{ "type": "Feature", "properties": { "P05_001": "32449", "P05_002": "5", "P05_003": "口羽中央集会所", "P05_004": "邑南町下口羽484-1" }, "geometry": { "type": "Point", "coordinates": [ 132.6690036, 34.88202907 ] } },
{ "type": "Feature", "properties": { "P05_001": "32449", "P05_002": "5", "P05_003": "久喜多目的集会所", "P05_004": "邑南町久喜660" }, "geometry": { "type": "Point", "coordinates": [ 132.5832251, 34.82292689 ] } },
{ "type": "Feature", "properties": { "P05_001": "32449", "P05_002": "5", "P05_003": "久喜体育館", "P05_004": "邑南町久喜660" }, "geometry": { "type": "Point", "coordinates": [ 132.5832151, 34.82292689 ] } },
{ "type": "Feature", "properties": { "P05_001": "32449", "P05_002": "4", "P05_003": "高原公民館高原分館", "P05_004": "邑南町原村1180-3" }, "geometry": { "type": "Point", "coordinates": [ 132.554806, 34.892961 ] } },
{ "type": "Feature", "properties": { "P05_001": "32449", "P05_002": "5", "P05_003": "和田原自治会館", "P05_004": "邑南町原村340" }, "geometry": { "type": "Point", "coordinates": [ 132.5591737, 34.87490559 ] } },
{ "type": "Feature", "properties": { "P05_001": "32449", "P05_002": "5", "P05_003": "戸河内自治会館", "P05_004": "邑南町戸河内891-1" }, "geometry": { "type": "Point", "coordinates": [ 132.6422279, 34.85021885 ] } },
{ "type": "Feature", "properties": { "P05_001": "32449", "P05_002": "4", "P05_003": "阿須那公民館戸河内分館", "P05_004": "邑南町戸河内893-4" }, "geometry": { "type": "Point", "coordinates": [ 132.64211, 34.850132 ] } },
{ "type": "Feature", "properties": { "P05_001": "32449", "P05_002": "5", "P05_003": "口羽町自治会館", "P05_004": "邑南町口羽1248" }, "geometry": { "type": "Point", "coordinates": [ 132.674994700000013, 34.8819882 ] } },
{ "type": "Feature", "properties": { "P05_001": "32449", "P05_002": "5", "P05_003": "高海自治会館", "P05_004": "邑南町高見1018-1" }, "geometry": { "type": "Point", "coordinates": [ 132.5541778, 34.90161109 ] } },
{ "type": "Feature", "properties": { "P05_001": "32449", "P05_002": "4", "P05_003": "高原公民館", "P05_004": "邑南町高見3014-3" }, "geometry": { "type": "Point", "coordinates": [ 132.5528562, 34.89397231 ] } },
{ "type": "Feature", "properties": { "P05_001": "32449", "P05_002": "5", "P05_003": "高原体育館", "P05_004": "邑南町高見3014-3" }, "geometry": { "type": "Point", "coordinates": [ 132.5528462, 34.89397231 ] } },
{ "type": "Feature", "properties": { "P05_001": "32449", "P05_002": "5", "P05_003": "三日市集会所", "P05_004": "邑南町三日市276" }, "geometry": { "type": "Point", "coordinates": [ 132.547485, 34.862849 ] } },
{ "type": "Feature", "properties": { "P05_001": "32449", "P05_002": "5", "P05_003": "四ツ葉自治会館", "P05_004": "邑南町下田所928" }, "geometry": { "type": "Point", "coordinates": [ 132.505570299999988, 34.84212423 ] } },
{ "type": "Feature", "properties": { "P05_001": "32449", "P05_002": "4", "P05_003": "出羽公民館", "P05_004": "邑南町山田47-1" }, "geometry": { "type": "Point", "coordinates": [ 132.54090260000001, 34.86060432 ] } },
{ "type": "Feature", "properties": { "P05_001": "32449", "P05_002": "4", "P05_003": "市木公民館市木分館", "P05_004": "邑南町市木1986-2" }, "geometry": { "type": "Point", "coordinates": [ 132.404053, 34.832897 ] } },
{ "type": "Feature", "properties": { "P05_001": "32449", "P05_002": "4", "P05_003": "市木公民館", "P05_004": "邑南町市木2046-3" }, "geometry": { "type": "Point", "coordinates": [ 132.403351, 34.829828 ] } },
{ "type": "Feature", "properties": { "P05_001": "32449", "P05_002": "4", "P05_003": "出羽公民館出羽分館", "P05_004": "邑南町出羽4-2" }, "geometry": { "type": "Point", "coordinates": [ 132.544192, 34.857447 ] } },
{ "type": "Feature", "properties": { "P05_001": "32449", "P05_002": "5", "P05_003": "田所体育館", "P05_004": "邑南町上亀谷2180-1" }, "geometry": { "type": "Point", "coordinates": [ 132.515968, 34.845009 ] } },
{ "type": "Feature", "properties": { "P05_001": "32449", "P05_002": "5", "P05_003": "障害者地域生活支援センターハーモニーハウス", "P05_004": "邑南町下田所334" }, "geometry": { "type": "Point", "coordinates": [ 132.517122199999989, 34.85075434 ] } },
{ "type": "Feature", "properties": { "P05_001": "32449", "P05_002": "4", "P05_003": "口羽公民館上口羽分館", "P05_004": "邑南町上口羽941-1" }, "geometry": { "type": "Point", "coordinates": [ 132.653318, 34.876143 ] } },
{ "type": "Feature", "properties": { "P05_001": "32449", "P05_002": "5", "P05_003": "上ヶ畑集会所", "P05_004": "邑南町上田3335-7" }, "geometry": { "type": "Point", "coordinates": [ 132.706716, 34.860312 ] } },
{ "type": "Feature", "properties": { "P05_001": "32449", "P05_002": "5", "P05_003": "上口羽自治会館", "P05_004": "邑南町上口羽941-1" }, "geometry": { "type": "Point", "coordinates": [ 132.6553088, 34.87490409 ] } },
{ "type": "Feature", "properties": { "P05_001": "32449", "P05_002": "4", "P05_003": "口羽公民館長田分館", "P05_004": "邑南町上田335-1" }, "geometry": { "type": "Point", "coordinates": [ 132.677488, 34.853466 ] } },
{ "type": "Feature", "properties": { "P05_001": "32449", "P05_002": "5", "P05_003": "上田所自治会館", "P05_004": "邑南町上田所411-1" }, "geometry": { "type": "Point", "coordinates": [ 132.495392900000013, 34.8292651 ] } },
{ "type": "Feature", "properties": { "P05_001": "32449", "P05_002": "5", "P05_003": "上田自治会館", "P05_004": "邑南町上田335-1" }, "geometry": { "type": "Point", "coordinates": [ 132.6773307, 34.85351167 ] } },
{ "type": "Feature", "properties": { "P05_001": "32449", "P05_002": "4", "P05_003": "阿須那公民館雪田分館", "P05_004": "邑南町雪田1215-1" }, "geometry": { "type": "Point", "coordinates": [ 132.599003, 34.878853 ] } },
{ "type": "Feature", "properties": { "P05_001": "32449", "P05_002": "5", "P05_003": "町立中野体育館", "P05_004": "邑南町中野1003-2" }, "geometry": { "type": "Point", "coordinates": [ 132.4626, 34.903415 ] } },
{ "type": "Feature", "properties": { "P05_001": "32449", "P05_002": "5", "P05_003": "中野北区自治会館", "P05_004": "邑南町中野2064" }, "geometry": { "type": "Point", "coordinates": [ 132.465898900000013, 34.9080474 ] } },
{ "type": "Feature", "properties": { "P05_001": "32449", "P05_002": "5", "P05_003": "茅場自治会館", "P05_004": "邑南町中野2575-1" }, "geometry": { "type": "Point", "coordinates": [ 132.4604467, 34.89476953 ] } },
{ "type": "Feature", "properties": { "P05_001": "32449", "P05_002": "5", "P05_003": "中野西区自治会館", "P05_004": "邑南町中野3828-4" }, "geometry": { "type": "Point", "coordinates": [ 132.451186799999988, 34.89559161 ] } },
{ "type": "Feature", "properties": { "P05_001": "32449", "P05_002": "5", "P05_003": "中野中央自治会館", "P05_004": "邑南町中野962" }, "geometry": { "type": "Point", "coordinates": [ 132.462874699999986, 34.90246141 ] } },
{ "type": "Feature", "properties": { "P05_001": "32449", "P05_002": "4", "P05_003": "中野公民館", "P05_004": "邑南町中野991-1" }, "geometry": { "type": "Point", "coordinates": [ 132.461901, 34.903224 ] } },
{ "type": "Feature", "properties": { "P05_001": "32449", "P05_002": "5", "P05_003": "西鱒渕会館", "P05_004": "邑南町鱒渕1066-1" }, "geometry": { "type": "Point", "coordinates": [ 132.500258, 34.87504959 ] } },
{ "type": "Feature", "properties": { "P05_001": "32449", "P05_002": "4", "P05_003": "日貫公民館", "P05_004": "邑南町日貫1168" }, "geometry": { "type": "Point", "coordinates": [ 132.3650288, 34.88410885 ] } },
{ "type": "Feature", "properties": { "P05_001": "32449", "P05_002": "5", "P05_003": "吉原丸子自治会館", "P05_004": "邑南町日貫1580-2" }, "geometry": { "type": "Point", "coordinates": [ 132.3764794, 34.87766236 ] } },
{ "type": "Feature", "properties": { "P05_001": "32449", "P05_002": "5", "P05_003": "春日自治会館", "P05_004": "邑南町日貫2887-2" }, "geometry": { "type": "Point", "coordinates": [ 132.3463837, 34.87798703 ] } },
{ "type": "Feature", "properties": { "P05_001": "32449", "P05_002": "5", "P05_003": "日貫中央自治会館", "P05_004": "邑南町日貫3330-3" }, "geometry": { "type": "Point", "coordinates": [ 132.3554193, 34.88411241 ] } },
{ "type": "Feature", "properties": { "P05_001": "32449", "P05_002": "5", "P05_003": "山の内自治会館", "P05_004": "邑南町日貫3707-7" }, "geometry": { "type": "Point", "coordinates": [ 132.3439651, 34.89942254 ] } },
{ "type": "Feature", "properties": { "P05_001": "32449", "P05_002": "5", "P05_003": "福原自治会館", "P05_004": "邑南町日貫967-1" }, "geometry": { "type": "Point", "coordinates": [ 132.3788403, 34.89569078 ] } },
{ "type": "Feature", "properties": { "P05_001": "32449", "P05_002": "5", "P05_003": "日和東自治会館", "P05_004": "邑南町日和1566" }, "geometry": { "type": "Point", "coordinates": [ 132.3937402, 34.91460126 ] } },
{ "type": "Feature", "properties": { "P05_001": "32449", "P05_002": "4", "P05_003": "日和公民館", "P05_004": "邑南町日和2525-10" }, "geometry": { "type": "Point", "coordinates": [ 132.3769567, 34.91560155 ] } },
{ "type": "Feature", "properties": { "P05_001": "32449", "P05_002": "5", "P05_003": "青少年旅行村", "P05_004": "邑南町山田443-2" }, "geometry": { "type": "Point", "coordinates": [ 132.5438115, 34.85504572 ] } },
{ "type": "Feature", "properties": { "P05_001": "32449", "P05_002": "5", "P05_003": "桜井自治会館", "P05_004": "邑南町日和267-2" }, "geometry": { "type": "Point", "coordinates": [ 132.379021, 34.923973 ] } },
{ "type": "Feature", "properties": { "P05_001": "32449", "P05_002": "5", "P05_003": "日和中央自治会館", "P05_004": "邑南町日和975-2" }, "geometry": { "type": "Point", "coordinates": [ 132.381094600000011, 34.91609751 ] } },
{ "type": "Feature", "properties": { "P05_001": "32449", "P05_002": "4", "P05_003": "布施公民館", "P05_004": "邑南町布施496" }, "geometry": { "type": "Point", "coordinates": [ 132.573182300000013, 34.93844172 ] } },
{ "type": "Feature", "properties": { "P05_001": "32449", "P05_002": "5", "P05_003": "雪田区自治会館", "P05_004": "邑南町雪田1215-1" }, "geometry": { "type": "Point", "coordinates": [ 132.5995069, 34.87890759 ] } },
{ "type": "Feature", "properties": { "P05_001": "32449", "P05_002": "5", "P05_003": "西鱒淵自治会館", "P05_004": "邑南町鱒渕1066-1" }, "geometry": { "type": "Point", "coordinates": [ 132.500859, 34.875484 ] } },
{ "type": "Feature", "properties": { "P05_001": "32449", "P05_002": "4", "P05_003": "矢上公民館", "P05_004": "邑南町矢上3835-4" }, "geometry": { "type": "Point", "coordinates": [ 132.440081, 34.890125 ] } },
{ "type": "Feature", "properties": { "P05_001": "32449", "P05_002": "5", "P05_003": "御謝山自治会館", "P05_004": "邑南町矢上3847" }, "geometry": { "type": "Point", "coordinates": [ 132.4395711, 34.88968275 ] } },
{ "type": "Feature", "properties": { "P05_001": "32449", "P05_002": "5", "P05_003": "大沢会館", "P05_004": "邑南町矢上4791-1" }, "geometry": { "type": "Point", "coordinates": [ 132.4422193, 34.88126047 ] } },
{ "type": "Feature", "properties": { "P05_001": "32449", "P05_002": "1", "P05_003": "邑南町役場", "P05_004": "邑南町矢上6000" }, "geometry": { "type": "Point", "coordinates": [ 132.4378044, 34.89397782 ] } },
{ "type": "Feature", "properties": { "P05_001": "32449", "P05_002": "5", "P05_003": "加茂山自治会館", "P05_004": "邑南町矢上6423-1" }, "geometry": { "type": "Point", "coordinates": [ 132.4288108, 34.888094 ] } },
{ "type": "Feature", "properties": { "P05_001": "32449", "P05_002": "5", "P05_003": "原山自治会館", "P05_004": "邑南町矢上6651-3" }, "geometry": { "type": "Point", "coordinates": [ 132.421211, 34.88465074 ] } },
{ "type": "Feature", "properties": { "P05_001": "32449", "P05_002": "5", "P05_003": "日和桜井自治会館", "P05_004": "邑南町日和267-2" }, "geometry": { "type": "Point", "coordinates": [ 132.3790779, 34.92429531 ] } },
{ "type": "Feature", "properties": { "P05_001": "32449", "P05_002": "5", "P05_003": "農村環境改善センター", "P05_004": "邑南町矢上3835-3" }, "geometry": { "type": "Point", "coordinates": [ 132.4415917, 34.89072713 ] } },
{ "type": "Feature", "properties": { "P05_001": "32449", "P05_002": "5", "P05_003": "矢上交流センター", "P05_004": "邑南町矢上7493外" }, "geometry": { "type": "Point", "coordinates": [ 132.4404946, 34.89035505 ] } },
{ "type": "Feature", "properties": { "P05_001": "32449", "P05_002": "5", "P05_003": "いわみ中央自治会館", "P05_004": "邑南町矢上7853" }, "geometry": { "type": "Point", "coordinates": [ 132.4487718, 34.88579817 ] } },
{ "type": "Feature", "properties": { "P05_001": "32449", "P05_002": "2", "P05_003": "瑞穂支所", "P05_004": "邑南町淀原153-1" }, "geometry": { "type": "Point", "coordinates": [ 132.5360617, 34.85887611 ] } },
{ "type": "Feature", "properties": { "P05_001": "32501", "P05_002": "4", "P05_003": "笹山地区コミュニティセンター", "P05_004": "津和野町笹山387-2" }, "geometry": { "type": "Point", "coordinates": [ 131.797279550000013, 34.45491505 ] } },
{ "type": "Feature", "properties": { "P05_001": "32501", "P05_002": "4", "P05_003": "津和野町公民館", "P05_004": "津和野町後田ロ66乙" }, "geometry": { "type": "Point", "coordinates": [ 131.77403, 34.466888 ] } },
{ "type": "Feature", "properties": { "P05_001": "32501", "P05_002": "5", "P05_003": "障害者福祉センターはなみずき", "P05_004": "津和野町池村1997-1" }, "geometry": { "type": "Point", "coordinates": [ 131.809752, 34.552891 ] } },
{ "type": "Feature", "properties": { "P05_001": "32501", "P05_002": "4", "P05_003": "左鐙公民館", "P05_004": "津和野町左鐙905" }, "geometry": { "type": "Point", "coordinates": [ 131.869953, 34.495793 ] } },
{ "type": "Feature", "properties": { "P05_001": "32501", "P05_002": "5", "P05_003": "滝元地区多目的集会所", "P05_004": "津和野町滝元24" }, "geometry": { "type": "Point", "coordinates": [ 131.831985779034994, 34.533123980144502 ] } },
{ "type": "Feature", "properties": { "P05_001": "32501", "P05_002": "5", "P05_003": "笹山集会所", "P05_004": "津和野町笹山387-2" }, "geometry": { "type": "Point", "coordinates": [ 131.797302, 34.45488 ] } },
{ "type": "Feature", "properties": { "P05_001": "32501", "P05_002": "5", "P05_003": "寺田集会所", "P05_004": "津和野町寺田311-16" }, "geometry": { "type": "Point", "coordinates": [ 131.775363, 34.486934 ] } },
{ "type": "Feature", "properties": { "P05_001": "32501", "P05_002": "4", "P05_003": "滝元枕瀬公民館", "P05_004": "津和野町枕瀬464-2" }, "geometry": { "type": "Point", "coordinates": [ 131.831945, 34.532738 ] } },
{ "type": "Feature", "properties": { "P05_001": "32501", "P05_002": "4", "P05_003": "小川公民館", "P05_004": "津和野町寺田64" }, "geometry": { "type": "Point", "coordinates": [ 131.775268958656994, 34.480195923762103 ] } },
{ "type": "Feature", "properties": { "P05_001": "32501", "P05_002": "4", "P05_003": "池河公民館商人溪村分館", "P05_004": "津和野町商人1101" }, "geometry": { "type": "Point", "coordinates": [ 131.79684, 34.529124 ] } },
{ "type": "Feature", "properties": { "P05_001": "32501", "P05_002": "5", "P05_003": "津和野図書館", "P05_004": "津和野町森村イ241-1" }, "geometry": { "type": "Point", "coordinates": [ 131.771436, 34.461065 ] } },
{ "type": "Feature", "properties": { "P05_001": "32501", "P05_002": "5", "P05_003": "須川元郷集落センター", "P05_004": "津和野町須川601-1" }, "geometry": { "type": "Point", "coordinates": [ 131.863604, 34.56223 ] } },
{ "type": "Feature", "properties": { "P05_001": "32501", "P05_002": "4", "P05_003": "青原公民館", "P05_004": "津和野町青原267-3" }, "geometry": { "type": "Point", "coordinates": [ 131.795169, 34.578346 ] } },
{ "type": "Feature", "properties": { "P05_001": "32501", "P05_002": "4", "P05_003": "須川公民館", "P05_004": "津和野町相撲が原40" }, "geometry": { "type": "Point", "coordinates": [ 131.869438699999989, 34.56879763 ] } },
{ "type": "Feature", "properties": { "P05_001": "32501", "P05_002": "5", "P05_003": "津和野体育館", "P05_004": "津和野町後田ロ66乙" }, "geometry": { "type": "Point", "coordinates": [ 131.774113397092009, 34.466973398912998 ] } },
{ "type": "Feature", "properties": { "P05_001": "32501", "P05_002": "2", "P05_003": "津和野庁舎", "P05_004": "津和野町後田ロ64-6" }, "geometry": { "type": "Point", "coordinates": [ 131.772516, 34.467016 ] } },
{ "type": "Feature", "properties": { "P05_001": "32501", "P05_002": "4", "P05_003": "池河公民館", "P05_004": "津和野町池村2863-2" }, "geometry": { "type": "Point", "coordinates": [ 131.817954500000013, 34.55222591 ] } },
{ "type": "Feature", "properties": { "P05_001": "32501", "P05_002": "4", "P05_003": "木部公民館", "P05_004": "津和野町中川416" }, "geometry": { "type": "Point", "coordinates": [ 131.722555, 34.525935 ] } },
{ "type": "Feature", "properties": { "P05_001": "32501", "P05_002": "5", "P05_003": "津和野町民センター", "P05_004": "津和野町後田ロ66-乙" }, "geometry": { "type": "Point", "coordinates": [ 131.774271, 34.467557 ] } },
{ "type": "Feature", "properties": { "P05_001": "32501", "P05_002": "5", "P05_003": "津和野町斎場", "P05_004": "津和野町直地1214" }, "geometry": { "type": "Point", "coordinates": [ 131.811761, 34.493248 ] } },
{ "type": "Feature", "properties": { "P05_001": "32501", "P05_002": "1", "P05_003": "津和野町役場", "P05_004": "津和野町日原54-25" }, "geometry": { "type": "Point", "coordinates": [ 131.838286, 34.543681 ] } },
{ "type": "Feature", "properties": { "P05_001": "32501", "P05_002": "4", "P05_003": "日原中央公民館", "P05_004": "津和野町日原22-1" }, "geometry": { "type": "Point", "coordinates": [ 131.838346, 34.542145 ] } },
{ "type": "Feature", "properties": { "P05_001": "32501", "P05_002": "5", "P05_003": "日原山村開発センター", "P05_004": "津和野町日原22-1" }, "geometry": { "type": "Point", "coordinates": [ 131.838336, 34.542145 ] } },
{ "type": "Feature", "properties": { "P05_001": "32501", "P05_002": "4", "P05_003": "日原公民館", "P05_004": "津和野町日原169-1" }, "geometry": { "type": "Point", "coordinates": [ 131.837984, 34.544001 ] } },
{ "type": "Feature", "properties": { "P05_001": "32501", "P05_002": "2", "P05_003": "第２庁舎", "P05_004": "津和野町日原245-1" }, "geometry": { "type": "Point", "coordinates": [ 131.837046515296009, 34.543930696783598 ] } },
{ "type": "Feature", "properties": { "P05_001": "32501", "P05_002": "4", "P05_003": "下町コミュニティセンター", "P05_004": "津和野町日原422-2" }, "geometry": { "type": "Point", "coordinates": [ 131.835155, 34.548223 ] } },
{ "type": "Feature", "properties": { "P05_001": "32501", "P05_002": "3", "P05_003": "名賀地域センター", "P05_004": "津和野町名賀860" }, "geometry": { "type": "Point", "coordinates": [ 131.71368318, 34.43916582 ] } },
{ "type": "Feature", "properties": { "P05_001": "32501", "P05_002": "5", "P05_003": "青原団地集会所", "P05_004": "津和野町冨田イ295-2" }, "geometry": { "type": "Point", "coordinates": [ 131.800213, 34.559762 ] } },
{ "type": "Feature", "properties": { "P05_001": "32501", "P05_002": "4", "P05_003": "畑迫公民館", "P05_004": "津和野町部栄346-1" }, "geometry": { "type": "Point", "coordinates": [ 131.7428722, 34.48363786 ] } },
{ "type": "Feature", "properties": { "P05_001": "32501", "P05_002": "5", "P05_003": "土井敷団地集会所", "P05_004": "津和野町枕瀬330" }, "geometry": { "type": "Point", "coordinates": [ 131.834701, 34.535468 ] } },
{ "type": "Feature", "properties": { "P05_001": "32501", "P05_002": "4", "P05_003": "木部公民館弓道場", "P05_004": "津和野町中川416" }, "geometry": { "type": "Point", "coordinates": [ 131.72268, 34.526004 ] } },
{ "type": "Feature", "properties": { "P05_001": "32501", "P05_002": "2", "P05_003": "役場第２庁舎", "P05_004": "津和野町日原245-1" }, "geometry": { "type": "Point", "coordinates": [ 131.837331, 34.543849 ] } },
{ "type": "Feature", "properties": { "P05_001": "32501", "P05_002": "5", "P05_003": "柳会館", "P05_004": "津和野町柳村561" }, "geometry": { "type": "Point", "coordinates": [ 131.7821381, 34.54575087 ] } },
{ "type": "Feature", "properties": { "P05_001": "32505", "P05_002": "5", "P05_003": "なつめの里交流館", "P05_004": "吉賀町蓼野418-1" }, "geometry": { "type": "Point", "coordinates": [ 131.870626, 34.357019 ] } },
{ "type": "Feature", "properties": { "P05_001": "32505", "P05_002": "5", "P05_003": "伊勢原地区集会所", "P05_004": "吉賀町七日市148-7" }, "geometry": { "type": "Point", "coordinates": [ 131.910202, 34.409651 ] } },
{ "type": "Feature", "properties": { "P05_001": "32505", "P05_002": "5", "P05_003": "横立・皆富地区集会所", "P05_004": "吉賀町七日市746" }, "geometry": { "type": "Point", "coordinates": [ 131.896245, 34.394992 ] } },
{ "type": "Feature", "properties": { "P05_001": "32505", "P05_002": "5", "P05_003": "下高尻地区集会所", "P05_004": "吉賀町下高尻394-3" }, "geometry": { "type": "Point", "coordinates": [ 131.93165298, 34.42656024 ] } },
{ "type": "Feature", "properties": { "P05_001": "32505", "P05_002": "5", "P05_003": "下須自治会館", "P05_004": "吉賀町柿木村下須939" }, "geometry": { "type": "Point", "coordinates": [ 131.8711524, 34.47060578 ] } },
{ "type": "Feature", "properties": { "P05_001": "32505", "P05_002": "5", "P05_003": "河山地区集会所", "P05_004": "吉賀町蓼野1682-2" }, "geometry": { "type": "Point", "coordinates": [ 131.848266, 34.349851 ] } },
{ "type": "Feature", "properties": { "P05_001": "32505", "P05_002": "2", "P05_003": "柿木庁舎", "P05_004": "吉賀町柿木村柿木500-1" }, "geometry": { "type": "Point", "coordinates": [ 131.86791, 34.442099 ] } },
{ "type": "Feature", "properties": { "P05_001": "32505", "P05_002": "5", "P05_003": "河津地区集会所", "P05_004": "吉賀町田野原1626-3" }, "geometry": { "type": "Point", "coordinates": [ 132.018648, 34.456574 ] } },
{ "type": "Feature", "properties": { "P05_001": "32505", "P05_002": "5", "P05_003": "柿木基幹集落センター", "P05_004": "吉賀町柿木村柿木79-1" }, "geometry": { "type": "Point", "coordinates": [ 131.868837, 34.43676 ] } },
{ "type": "Feature", "properties": { "P05_001": "32505", "P05_002": "5", "P05_003": "町民柿木体育館", "P05_004": "吉賀町柿木村柿木682-1" }, "geometry": { "type": "Point", "coordinates": [ 131.863192, 34.440027 ] } },
{ "type": "Feature", "properties": { "P05_001": "32505", "P05_002": "5", "P05_003": "椛谷自治会館", "P05_004": "吉賀町柿木村椛谷747" }, "geometry": { "type": "Point", "coordinates": [ 131.807309, 34.376208 ] } },
{ "type": "Feature", "properties": { "P05_001": "32505", "P05_002": "4", "P05_003": "柿木公民館", "P05_004": "吉賀町柿木村柿木79-1" }, "geometry": { "type": "Point", "coordinates": [ 131.868808, 34.43675 ] } },
{ "type": "Feature", "properties": { "P05_001": "32505", "P05_002": "5", "P05_003": "椛谷集会所", "P05_004": "吉賀町柿木村椛谷211" }, "geometry": { "type": "Point", "coordinates": [ 131.807826, 34.394906 ] } },
{ "type": "Feature", "properties": { "P05_001": "32505", "P05_002": "5", "P05_003": "亀原地区集会所", "P05_004": "吉賀町幸地86" }, "geometry": { "type": "Point", "coordinates": [ 131.94035802, 34.34237785 ] } },
{ "type": "Feature", "properties": { "P05_001": "32505", "P05_002": "5", "P05_003": "吉賀町ふれあいホール", "P05_004": "吉賀町六日市398-2" }, "geometry": { "type": "Point", "coordinates": [ 131.935891, 34.352688 ] } },
{ "type": "Feature", "properties": { "P05_001": "32505", "P05_002": "5", "P05_003": "吉賀町ふれあい会館", "P05_004": "吉賀町柿木村柿木500-1" }, "geometry": { "type": "Point", "coordinates": [ 131.867915, 34.442435 ] } },
{ "type": "Feature", "properties": { "P05_001": "32505", "P05_002": "5", "P05_003": "吉賀町交流研修センター", "P05_004": "吉賀町真田1121-12" }, "geometry": { "type": "Point", "coordinates": [ 131.893068, 34.404113 ] } },
{ "type": "Feature", "properties": { "P05_001": "32505", "P05_002": "5", "P05_003": "吉賀町福祉センター", "P05_004": "吉賀町六日市580-4" }, "geometry": { "type": "Point", "coordinates": [ 131.93567538, 34.35463376 ] } },
{ "type": "Feature", "properties": { "P05_001": "32505", "P05_002": "2", "P05_003": "吉賀町役場柿木庁舎", "P05_004": "吉賀町柿木村柿木500-1" }, "geometry": { "type": "Point", "coordinates": [ 131.867742, 34.442285 ] } },
{ "type": "Feature", "properties": { "P05_001": "32505", "P05_002": "2", "P05_003": "吉賀町役場六日市庁舎", "P05_004": "吉賀町六日市750" }, "geometry": { "type": "Point", "coordinates": [ 131.935108, 34.353494 ] } },
{ "type": "Feature", "properties": { "P05_001": "32505", "P05_002": "5", "P05_003": "吉賀町立図書館", "P05_004": "吉賀町六日市648" }, "geometry": { "type": "Point", "coordinates": [ 131.935078, 34.354032 ] } },
{ "type": "Feature", "properties": { "P05_001": "32505", "P05_002": "5", "P05_003": "金山谷地区集会所", "P05_004": "吉賀町田野原2298-6" }, "geometry": { "type": "Point", "coordinates": [ 131.992059, 34.417543 ] } },
{ "type": "Feature", "properties": { "P05_001": "32505", "P05_002": "5", "P05_003": "九郎原地区集会所", "P05_004": "吉賀町九郎原422" }, "geometry": { "type": "Point", "coordinates": [ 131.961661, 34.360474 ] } },
{ "type": "Feature", "properties": { "P05_001": "32505", "P05_002": "5", "P05_003": "原手集会所", "P05_004": "吉賀町柿木村下須518-1" }, "geometry": { "type": "Point", "coordinates": [ 131.871145399999989, 34.468355 ] } },
{ "type": "Feature", "properties": { "P05_001": "32505", "P05_002": "5", "P05_003": "幸地地区集会所", "P05_004": "吉賀町幸地1433" }, "geometry": { "type": "Point", "coordinates": [ 131.945479, 34.336085 ] } },
{ "type": "Feature", "properties": { "P05_001": "32505", "P05_002": "5", "P05_003": "広石地区集会所", "P05_004": "吉賀町広石354" }, "geometry": { "type": "Point", "coordinates": [ 131.92071994, 34.36479899 ] } },
{ "type": "Feature", "properties": { "P05_001": "32505", "P05_002": "5", "P05_003": "溝上地区集会所", "P05_004": "吉賀町六日市192" }, "geometry": { "type": "Point", "coordinates": [ 131.940701, 34.358131 ] } },
{ "type": "Feature", "properties": { "P05_001": "32505", "P05_002": "5", "P05_003": "高尻地区集会所", "P05_004": "吉賀町上高尻471-2" }, "geometry": { "type": "Point", "coordinates": [ 131.935912, 34.432827 ] } },
{ "type": "Feature", "properties": { "P05_001": "32505", "P05_002": "5", "P05_003": "黒渕集会所", "P05_004": "吉賀町柿木村椛谷451" }, "geometry": { "type": "Point", "coordinates": [ 131.814262, 34.34746 ] } },
{ "type": "Feature", "properties": { "P05_001": "32505", "P05_002": "5", "P05_003": "坂本・中原地区集会所", "P05_004": "吉賀町柿木村柿木856-2" }, "geometry": { "type": "Point", "coordinates": [ 131.857323619999988, 34.43875381 ] } },
{ "type": "Feature", "properties": { "P05_001": "32505", "P05_002": "5", "P05_003": "桟敷地区集会所", "P05_004": "吉賀町真田1555-3" }, "geometry": { "type": "Point", "coordinates": [ 131.88824932, 34.40625324 ] } },
{ "type": "Feature", "properties": { "P05_001": "32505", "P05_002": "5", "P05_003": "七村地区集会所", "P05_004": "吉賀町真田189" }, "geometry": { "type": "Point", "coordinates": [ 131.88716051, 34.3974378 ] } },
{ "type": "Feature", "properties": { "P05_001": "32505", "P05_002": "4", "P05_003": "七日市公民館", "P05_004": "吉賀町七日市942-6" }, "geometry": { "type": "Point", "coordinates": [ 131.890800969999987, 34.38884279 ] } },
{ "type": "Feature", "properties": { "P05_001": "32505", "P05_002": "5", "P05_003": "七日市奥地区集会所", "P05_004": "吉賀町七日市740-2" }, "geometry": { "type": "Point", "coordinates": [ 131.9022235, 34.40316467 ] } },
{ "type": "Feature", "properties": { "P05_001": "32505", "P05_002": "5", "P05_003": "捨河内地区集会所", "P05_004": "吉賀町蓼野1200-2" }, "geometry": { "type": "Point", "coordinates": [ 131.857541, 34.32738 ] } },
{ "type": "Feature", "properties": { "P05_001": "32505", "P05_002": "5", "P05_003": "初見新田地区集会所", "P05_004": "吉賀町田野原2106-3" }, "geometry": { "type": "Point", "coordinates": [ 132.004641, 34.383661 ] } },
{ "type": "Feature", "properties": { "P05_001": "32505", "P05_002": "5", "P05_003": "上木部集会所", "P05_004": "吉賀町柿木村木部谷691-4" }, "geometry": { "type": "Point", "coordinates": [ 131.912595, 34.455371 ] } },
{ "type": "Feature", "properties": { "P05_001": "32505", "P05_002": "5", "P05_003": "新町地区集会所", "P05_004": "吉賀町六日市827" }, "geometry": { "type": "Point", "coordinates": [ 131.930715, 34.352025 ] } },
{ "type": "Feature", "properties": { "P05_001": "32505", "P05_002": "5", "P05_003": "真田地区集会所", "P05_004": "吉賀町真田1277" }, "geometry": { "type": "Point", "coordinates": [ 131.895624809999987, 34.40526149 ] } },
{ "type": "Feature", "properties": { "P05_001": "32505", "P05_002": "5", "P05_003": "杉山集会所", "P05_004": "吉賀町柿木村白谷409-1" }, "geometry": { "type": "Point", "coordinates": [ 131.87629102, 34.45999279 ] } },
{ "type": "Feature", "properties": { "P05_001": "32505", "P05_002": "4", "P05_003": "蔵木公民館", "P05_004": "吉賀町蔵木94-1" }, "geometry": { "type": "Point", "coordinates": [ 131.987123, 34.374371 ] } },
{ "type": "Feature", "properties": { "P05_001": "32505", "P05_002": "5", "P05_003": "星坂地区集会所", "P05_004": "吉賀町田野原681-2" }, "geometry": { "type": "Point", "coordinates": [ 132.008743, 34.367158 ] } },
{ "type": "Feature", "properties": { "P05_001": "32505", "P05_002": "5", "P05_003": "蔵木地区集会所", "P05_004": "吉賀町蔵木434" }, "geometry": { "type": "Point", "coordinates": [ 131.978141, 34.369293 ] } },
{ "type": "Feature", "properties": { "P05_001": "32505", "P05_002": "5", "P05_003": "大井谷集会所", "P05_004": "吉賀町柿木村白谷1092-1" }, "geometry": { "type": "Point", "coordinates": [ 131.84629543, 34.45945247 ] } },
{ "type": "Feature", "properties": { "P05_001": "32505", "P05_002": "5", "P05_003": "斎場清流苑", "P05_004": "吉賀町朝倉1437-60" }, "geometry": { "type": "Point", "coordinates": [ 131.908784, 34.379535 ] } },
{ "type": "Feature", "properties": { "P05_001": "32505", "P05_002": "4", "P05_003": "朝倉公民館", "P05_004": "吉賀町朝倉2160" }, "geometry": { "type": "Point", "coordinates": [ 131.893722, 34.369979 ] } },
{ "type": "Feature", "properties": { "P05_001": "32505", "P05_002": "5", "P05_003": "大谷地区集会所", "P05_004": "吉賀町抜月1727-3" }, "geometry": { "type": "Point", "coordinates": [ 131.877795, 34.39531 ] } },
{ "type": "Feature", "properties": { "P05_001": "32505", "P05_002": "5", "P05_003": "沢田地区集会所", "P05_004": "吉賀町沢田492" }, "geometry": { "type": "Point", "coordinates": [ 131.91791862, 34.34934593 ] } },
{ "type": "Feature", "properties": { "P05_001": "32505", "P05_002": "5", "P05_003": "仲の原地区集会所", "P05_004": "吉賀町注連川326-1" }, "geometry": { "type": "Point", "coordinates": [ 131.900571039999988, 34.36210316 ] } },
{ "type": "Feature", "properties": { "P05_001": "32505", "P05_002": "5", "P05_003": "注連川東地区集会所", "P05_004": "吉賀町注連川1131" }, "geometry": { "type": "Point", "coordinates": [ 131.91217255, 34.36374568 ] } },
{ "type": "Feature", "properties": { "P05_001": "32505", "P05_002": "5", "P05_003": "朝倉西地区集会所", "P05_004": "吉賀町朝倉434" }, "geometry": { "type": "Point", "coordinates": [ 131.897097, 34.376815 ] } },
{ "type": "Feature", "properties": { "P05_001": "32505", "P05_002": "5", "P05_003": "殿明集会所", "P05_004": "吉賀町柿木村大野原52" }, "geometry": { "type": "Point", "coordinates": [ 131.88661486, 34.41441159 ] } },
{ "type": "Feature", "properties": { "P05_001": "32505", "P05_002": "5", "P05_003": "田野原地区集会所", "P05_004": "吉賀町田野原129" }, "geometry": { "type": "Point", "coordinates": [ 131.99806535, 34.3798464 ] } },
{ "type": "Feature", "properties": { "P05_001": "32505", "P05_002": "5", "P05_003": "白谷自治会館", "P05_004": "吉賀町柿木村白谷60-1" }, "geometry": { "type": "Point", "coordinates": [ 131.868745, 34.45243 ] } },
{ "type": "Feature", "properties": { "P05_001": "32505", "P05_002": "5", "P05_003": "畑詰地区集会所", "P05_004": "吉賀町九郎原163" }, "geometry": { "type": "Point", "coordinates": [ 131.955832, 34.359882 ] } },
{ "type": "Feature", "properties": { "P05_001": "32505", "P05_002": "5", "P05_003": "抜月地区集会所", "P05_004": "吉賀町抜月650-1" }, "geometry": { "type": "Point", "coordinates": [ 131.876037, 34.39018 ] } },
{ "type": "Feature", "properties": { "P05_001": "32505", "P05_002": "5", "P05_003": "樋口地区集会所", "P05_004": "吉賀町樋口461" }, "geometry": { "type": "Point", "coordinates": [ 131.987946, 34.377263 ] } },
{ "type": "Feature", "properties": { "P05_001": "32505", "P05_002": "5", "P05_003": "福川自治会館", "P05_004": "吉賀町柿木村福川460-7" }, "geometry": { "type": "Point", "coordinates": [ 131.83541252, 34.42468379 ] } },
{ "type": "Feature", "properties": { "P05_001": "32505", "P05_002": "5", "P05_003": "平野・古本集会所", "P05_004": "吉賀町柿木村福川1614-4" }, "geometry": { "type": "Point", "coordinates": [ 131.829648, 34.421713 ] } },
{ "type": "Feature", "properties": { "P05_001": "32505", "P05_002": "5", "P05_003": "法師渕集会所", "P05_004": "吉賀町柿木村下須33-1" }, "geometry": { "type": "Point", "coordinates": [ 131.863729, 34.456672 ] } },
{ "type": "Feature", "properties": { "P05_001": "32505", "P05_002": "5", "P05_003": "木部谷・大野原自治会館", "P05_004": "吉賀町柿木村木部谷519" }, "geometry": { "type": "Point", "coordinates": [ 131.895702840000013, 34.43014762 ] } },
{ "type": "Feature", "properties": { "P05_001": "32505", "P05_002": "5", "P05_003": "野中地区集会所", "P05_004": "吉賀町六日市359" }, "geometry": { "type": "Point", "coordinates": [ 131.940413, 34.35385 ] } },
{ "type": "Feature", "properties": { "P05_001": "32505", "P05_002": "4", "P05_003": "柳原コミュニティセンター", "P05_004": "吉賀町柿木村柿木236-1" }, "geometry": { "type": "Point", "coordinates": [ 131.86322274, 34.43482762 ] } },
{ "type": "Feature", "properties": { "P05_001": "32505", "P05_002": "5", "P05_003": "有飯地区集会所", "P05_004": "吉賀町有飯200-2" }, "geometry": { "type": "Point", "coordinates": [ 131.94898572, 34.35534731 ] } },
{ "type": "Feature", "properties": { "P05_001": "32505", "P05_002": "5", "P05_003": "立河内地区集会所", "P05_004": "吉賀町立河内360" }, "geometry": { "type": "Point", "coordinates": [ 131.948738, 34.34742 ] } },
{ "type": "Feature", "properties": { "P05_001": "32505", "P05_002": "4", "P05_003": "中央公民館", "P05_004": "吉賀町六日市648" }, "geometry": { "type": "Point", "coordinates": [ 131.935086, 34.354377 ] } },
{ "type": "Feature", "properties": { "P05_001": "32505", "P05_002": "4", "P05_003": "六日市公民館", "P05_004": "吉賀町六日市648" }, "geometry": { "type": "Point", "coordinates": [ 131.935062591193002, 34.354339312963198 ] } },
{ "type": "Feature", "properties": { "P05_001": "32505", "P05_002": "5", "P05_003": "立戸地区集会所", "P05_004": "吉賀町立戸69-7" }, "geometry": { "type": "Point", "coordinates": [ 131.91647895, 34.37471346 ] } },
{ "type": "Feature", "properties": { "P05_001": "32505", "P05_002": "5", "P05_003": "林業総合センター", "P05_004": "吉賀町七日市946" }, "geometry": { "type": "Point", "coordinates": [ 131.8915543, 34.38900341 ] } },
{ "type": "Feature", "properties": { "P05_001": "32505", "P05_002": "5", "P05_003": "老人福祉センター", "P05_004": "柿木村柿木81" }, "geometry": { "type": "Point", "coordinates": [ 131.866545, 34.436267 ] } },
{ "type": "Feature", "properties": { "P05_001": "32505", "P05_002": "5", "P05_003": "六日市基幹集落センター", "P05_004": "吉賀町六日市648" }, "geometry": { "type": "Point", "coordinates": [ 131.934275649999989, 34.35338011 ] } },
{ "type": "Feature", "properties": { "P05_001": "32505", "P05_002": "5", "P05_003": "六日市上地区集会所", "P05_004": "吉賀町六日市777" }, "geometry": { "type": "Point", "coordinates": [ 131.934119, 34.352538 ] } },
{ "type": "Feature", "properties": { "P05_001": "32505", "P05_002": "5", "P05_003": "棗・本郷地区集会所", "P05_004": "吉賀町蓼野703-1" }, "geometry": { "type": "Point", "coordinates": [ 131.875082, 34.360945 ] } },
{ "type": "Feature", "properties": { "P05_001": "32525", "P05_002": "4", "P05_003": "宇受賀区公民館", "P05_004": "海士町宇受賀202-1" }, "geometry": { "type": "Point", "coordinates": [ 133.10695, 36.113761 ] } },
{ "type": "Feature", "properties": { "P05_001": "32525", "P05_002": "4", "P05_003": "西区公民館", "P05_004": "海士町海士116-1" }, "geometry": { "type": "Point", "coordinates": [ 133.080338, 36.086229 ] } },
{ "type": "Feature", "properties": { "P05_001": "32525", "P05_002": "5", "P05_003": "諏訪会館", "P05_004": "海士町海士1453" }, "geometry": { "type": "Point", "coordinates": [ 133.094525, 36.094971 ] } },
{ "type": "Feature", "properties": { "P05_001": "32525", "P05_002": "4", "P05_003": "中里公民館", "P05_004": "海士町海士1453" }, "geometry": { "type": "Point", "coordinates": [ 133.094515, 36.094971 ] } },
{ "type": "Feature", "properties": { "P05_001": "32525", "P05_002": "4", "P05_003": "中央公民館", "P05_004": "海士町海士1490" }, "geometry": { "type": "Point", "coordinates": [ 133.096248077000013, 36.0968779715 ] } },
{ "type": "Feature", "properties": { "P05_001": "32525", "P05_002": "4", "P05_003": "東区公民館", "P05_004": "海士町海士2458-3" }, "geometry": { "type": "Point", "coordinates": [ 133.107802, 36.101594 ] } },
{ "type": "Feature", "properties": { "P05_001": "32525", "P05_002": "5", "P05_003": "キンニャモニャセンター", "P05_004": "海士町福井1365-5" }, "geometry": { "type": "Point", "coordinates": [ 133.076936, 36.10493 ] } },
{ "type": "Feature", "properties": { "P05_001": "32525", "P05_002": "4", "P05_003": "北分区公民館", "P05_004": "海士町海士4390" }, "geometry": { "type": "Point", "coordinates": [ 133.09665794, 36.10753917 ] } },
{ "type": "Feature", "properties": { "P05_001": "32525", "P05_002": "5", "P05_003": "都市農村交流センター", "P05_004": "海士町海士5328-6" }, "geometry": { "type": "Point", "coordinates": [ 133.120631, 36.10506 ] } },
{ "type": "Feature", "properties": { "P05_001": "32525", "P05_002": "4", "P05_003": "御波公民館\t", "P05_004": "海士町御波166-2" }, "geometry": { "type": "Point", "coordinates": [ 133.095393, 36.072455 ] } },
{ "type": "Feature", "properties": { "P05_001": "32525", "P05_002": "5", "P05_003": "ひすか会館", "P05_004": "海士町御波554-1" }, "geometry": { "type": "Point", "coordinates": [ 133.080356, 36.069529 ] } },
{ "type": "Feature", "properties": { "P05_001": "32525", "P05_002": "4", "P05_003": "井区公民館", "P05_004": "海士町崎1052-2" }, "geometry": { "type": "Point", "coordinates": [ 133.094881, 36.057878 ] } },
{ "type": "Feature", "properties": { "P05_001": "32525", "P05_002": "5", "P05_003": "崎文化センター", "P05_004": "海士町崎1748" }, "geometry": { "type": "Point", "coordinates": [ 133.084983, 36.050256 ] } },
{ "type": "Feature", "properties": { "P05_001": "32525", "P05_002": "4", "P05_003": "豊田区公民館", "P05_004": "海士町字豊田146-5" }, "geometry": { "type": "Point", "coordinates": [ 133.127364, 36.106246 ] } },
{ "type": "Feature", "properties": { "P05_001": "32525", "P05_002": "1", "P05_003": "海士町役場", "P05_004": "海士町大字海士1490" }, "geometry": { "type": "Point", "coordinates": [ 133.096697, 36.096565 ] } },
{ "type": "Feature", "properties": { "P05_001": "32525", "P05_002": "5", "P05_003": "知々井会館", "P05_004": "海士町知-井43" }, "geometry": { "type": "Point", "coordinates": [ 133.109954, 36.07842 ] } },
{ "type": "Feature", "properties": { "P05_001": "32525", "P05_002": "5", "P05_003": "天川会館", "P05_004": "海士町知-井498" }, "geometry": { "type": "Point", "coordinates": [ 133.116935, 36.083773 ] } },
{ "type": "Feature", "properties": { "P05_001": "32525", "P05_002": "5", "P05_003": "保健福祉センターひまわり", "P05_004": "海士町海士3969-1" }, "geometry": { "type": "Point", "coordinates": [ 133.094797, 36.098763 ] } },
{ "type": "Feature", "properties": { "P05_001": "32525", "P05_002": "4", "P05_003": "福井区公民館", "P05_004": "海士町福井277-3" }, "geometry": { "type": "Point", "coordinates": [ 133.080091, 36.090583 ] } },
{ "type": "Feature", "properties": { "P05_001": "32525", "P05_002": "4", "P05_003": "菱浦区公民館\t", "P05_004": "海士町福井968-4" }, "geometry": { "type": "Point", "coordinates": [ 133.078533, 36.101587 ] } },
{ "type": "Feature", "properties": { "P05_001": "32526", "P05_002": "5", "P05_003": "宇賀交流施設", "P05_004": "西ノ島町大字宇賀1187" }, "geometry": { "type": "Point", "coordinates": [ 133.07603982, 36.1194224 ] } },
{ "type": "Feature", "properties": { "P05_001": "32526", "P05_002": "1", "P05_003": "西ノ島町役場", "P05_004": "西ノ島町大字浦郷534" }, "geometry": { "type": "Point", "coordinates": [ 132.99440091, 36.09322565 ] } },
{ "type": "Feature", "properties": { "P05_001": "32526", "P05_002": "4", "P05_003": "赤ノ江公民館", "P05_004": "西ノ島町大字浦郷1571-4" }, "geometry": { "type": "Point", "coordinates": [ 132.97660499, 36.08487868 ] } },
{ "type": "Feature", "properties": { "P05_001": "32526", "P05_002": "5", "P05_003": "船越公会堂", "P05_004": "西ノ島町大字美田3197-4" }, "geometry": { "type": "Point", "coordinates": [ 133.007958190000011, 36.10413995 ] } },
{ "type": "Feature", "properties": { "P05_001": "32526", "P05_002": "5", "P05_003": "倉ノ谷高齢者活性化センター", "P05_004": "西ノ島町大字宇賀584" }, "geometry": { "type": "Point", "coordinates": [ 133.06571362, 36.11503513 ] } },
{ "type": "Feature", "properties": { "P05_001": "32526", "P05_002": "4", "P05_003": "中央公民館", "P05_004": "西ノ島町大字浦郷544-38" }, "geometry": { "type": "Point", "coordinates": [ 132.993776419999989, 36.09213114 ] } },
{ "type": "Feature", "properties": { "P05_001": "32526", "P05_002": "5", "P05_003": "珍崎公会堂", "P05_004": "西ノ島町大字浦郷3457-1" }, "geometry": { "type": "Point", "coordinates": [ 132.98525923, 36.06576415 ] } },
{ "type": "Feature", "properties": { "P05_001": "32526", "P05_002": "4", "P05_003": "黒木公民館", "P05_004": "西ノ島町別府46" }, "geometry": { "type": "Point", "coordinates": [ 133.040438, 36.110393 ] } },
{ "type": "Feature", "properties": { "P05_001": "32527", "P05_002": "1", "P05_003": "知夫村役場", "P05_004": "知夫村1065" }, "geometry": { "type": "Point", "coordinates": [ 133.039565, 36.013914 ] } },
{ "type": "Feature", "properties": { "P05_001": "32527", "P05_002": "4", "P05_003": "コミュニティセンター", "P05_004": "知夫村981-1" }, "geometry": { "type": "Point", "coordinates": [ 133.042752, 36.012307 ] } },
{ "type": "Feature", "properties": { "P05_001": "32527", "P05_002": "5", "P05_003": "郡集会所", "P05_004": "知夫村950-1" }, "geometry": { "type": "Point", "coordinates": [ 133.043068, 36.013588 ] } },
{ "type": "Feature", "properties": { "P05_001": "32527", "P05_002": "5", "P05_003": "古海集会所", "P05_004": "知夫村2882-2" }, "geometry": { "type": "Point", "coordinates": [ 133.024615, 36.029502 ] } },
{ "type": "Feature", "properties": { "P05_001": "32527", "P05_002": "5", "P05_003": "仁夫集会所", "P05_004": "知夫村2246-2" }, "geometry": { "type": "Point", "coordinates": [ 133.032819, 36.006567 ] } },
{ "type": "Feature", "properties": { "P05_001": "32527", "P05_002": "5", "P05_003": "多沢集会所", "P05_004": "知夫村578-4" }, "geometry": { "type": "Point", "coordinates": [ 133.048573, 36.008604 ] } },
{ "type": "Feature", "properties": { "P05_001": "32527", "P05_002": "5", "P05_003": "大江集会所", "P05_004": "知夫村1141-4" }, "geometry": { "type": "Point", "coordinates": [ 133.040563, 36.011233 ] } },
{ "type": "Feature", "properties": { "P05_001": "32527", "P05_002": "5", "P05_003": "知夫里島開発総合センター", "P05_004": "知夫村766-1" }, "geometry": { "type": "Point", "coordinates": [ 133.044033, 36.011466 ] } },
{ "type": "Feature", "properties": { "P05_001": "32527", "P05_002": "4", "P05_003": "知夫村立公民館", "P05_004": "知夫村776-1" }, "geometry": { "type": "Point", "coordinates": [ 133.044038, 36.011414 ] } },
{ "type": "Feature", "properties": { "P05_001": "32527", "P05_002": "5", "P05_003": "薄毛集会所", "P05_004": "知夫村298-13" }, "geometry": { "type": "Point", "coordinates": [ 133.056615, 36.005403 ] } },
{ "type": "Feature", "properties": { "P05_001": "32527", "P05_002": "5", "P05_003": "来居集会所", "P05_004": "知夫村1712-1" }, "geometry": { "type": "Point", "coordinates": [ 133.040819, 36.021441 ] } },
{ "type": "Feature", "properties": { "P05_001": "32528", "P05_002": "5", "P05_003": "卯敷集会所", "P05_004": "隠岐の島町卯敷343" }, "geometry": { "type": "Point", "coordinates": [ 133.36184, 36.279144 ] } },
{ "type": "Feature", "properties": { "P05_001": "32528", "P05_002": "5", "P05_003": "朝日ケ丘集会所", "P05_004": "隠岐の島町栄町1157" }, "geometry": { "type": "Point", "coordinates": [ 133.327266, 36.213855 ] } },
{ "type": "Feature", "properties": { "P05_001": "32528", "P05_002": "5", "P05_003": "唐井集会所", "P05_004": "隠岐の島町栄町140" }, "geometry": { "type": "Point", "coordinates": [ 133.332309, 36.210037 ] } },
{ "type": "Feature", "properties": { "P05_001": "32528", "P05_002": "5", "P05_003": "総合体育館", "P05_004": "隠岐の島町栄町1437" }, "geometry": { "type": "Point", "coordinates": [ 133.325614, 36.209652 ] } },
{ "type": "Feature", "properties": { "P05_001": "32528", "P05_002": "5", "P05_003": "栄町３区集会所", "P05_004": "隠岐の島町栄町435-1" }, "geometry": { "type": "Point", "coordinates": [ 133.329634, 36.21241 ] } },
{ "type": "Feature", "properties": { "P05_001": "32528", "P05_002": "5", "P05_003": "船原集会所", "P05_004": "隠岐の島町栄町482-2" }, "geometry": { "type": "Point", "coordinates": [ 133.331518580824991, 36.2119600257641 ] } },
{ "type": "Feature", "properties": { "P05_001": "32528", "P05_002": "5", "P05_003": "栄町７区集会所", "P05_004": "隠岐の島町栄町824-58" }, "geometry": { "type": "Point", "coordinates": [ 133.331885, 36.21698 ] } },
{ "type": "Feature", "properties": { "P05_001": "32528", "P05_002": "5", "P05_003": "島後斎場愁霊苑", "P05_004": "隠岐の島町栄町975-5" }, "geometry": { "type": "Point", "coordinates": [ 133.32658, 36.218813 ] } },
{ "type": "Feature", "properties": { "P05_001": "32528", "P05_002": "5", "P05_003": "下西集会所", "P05_004": "隠岐の島町下西845" }, "geometry": { "type": "Point", "coordinates": [ 133.313714, 36.208703 ] } },
{ "type": "Feature", "properties": { "P05_001": "32528", "P05_002": "5", "P05_003": "箕浦集会所", "P05_004": "隠岐の島町加茂1785" }, "geometry": { "type": "Point", "coordinates": [ 133.289572, 36.179877 ] } },
{ "type": "Feature", "properties": { "P05_001": "32528", "P05_002": "5", "P05_003": "釜集会所", "P05_004": "隠岐の島町釜カス谷19" }, "geometry": { "type": "Point", "coordinates": [ 133.372514, 36.232173 ] } },
{ "type": "Feature", "properties": { "P05_001": "32528", "P05_002": "5", "P05_003": "久見地区多目的共同利用施設", "P05_004": "隠岐の島町久見337-4" }, "geometry": { "type": "Point", "coordinates": [ 133.232692, 36.321386 ] } },
{ "type": "Feature", "properties": { "P05_001": "32528", "P05_002": "5", "P05_003": "農村環境改善センター", "P05_004": "隠岐の島町郡575-1" }, "geometry": { "type": "Point", "coordinates": [ 133.248445, 36.283352 ] } },
{ "type": "Feature", "properties": { "P05_001": "32528", "P05_002": "5", "P05_003": "郡地区集会所", "P05_004": "隠岐の島町郡628" }, "geometry": { "type": "Point", "coordinates": [ 133.247451, 36.281242 ] } },
{ "type": "Feature", "properties": { "P05_001": "32528", "P05_002": "4", "P05_003": "五箇公民館", "P05_004": "隠岐の島町郡74" }, "geometry": { "type": "Point", "coordinates": [ 133.23806, 36.28541 ] } },
{ "type": "Feature", "properties": { "P05_001": "32528", "P05_002": "5", "P05_003": "犬来集会所", "P05_004": "隠岐の島町犬来90-10" }, "geometry": { "type": "Point", "coordinates": [ 133.36867, 36.219523 ] } },
{ "type": "Feature", "properties": { "P05_001": "32528", "P05_002": "5", "P05_003": "上元屋集会所", "P05_004": "隠岐の島町元屋439-3" }, "geometry": { "type": "Point", "coordinates": [ 133.314596, 36.30765 ] } },
{ "type": "Feature", "properties": { "P05_001": "32528", "P05_002": "5", "P05_003": "銚子集会所", "P05_004": "隠岐の島町原田1175-2" }, "geometry": { "type": "Point", "coordinates": [ 133.300055, 36.236423 ] } },
{ "type": "Feature", "properties": { "P05_001": "32528", "P05_002": "5", "P05_003": "芝集会所", "P05_004": "隠岐の島町原田1359-2" }, "geometry": { "type": "Point", "coordinates": [ 133.299172, 36.233607 ] } },
{ "type": "Feature", "properties": { "P05_001": "32528", "P05_002": "5", "P05_003": "前の原集会所", "P05_004": "隠岐の島町原田1448" }, "geometry": { "type": "Point", "coordinates": [ 133.297009, 36.232893 ] } },
{ "type": "Feature", "properties": { "P05_001": "32528", "P05_002": "5", "P05_003": "神谷集会所", "P05_004": "隠岐の島町原田1653-1" }, "geometry": { "type": "Point", "coordinates": [ 133.292975, 36.234737 ] } },
{ "type": "Feature", "properties": { "P05_001": "32528", "P05_002": "5", "P05_003": "中条地区多目的共同利用施設", "P05_004": "隠岐の島町原田2161-3" }, "geometry": { "type": "Point", "coordinates": [ 133.296651849999989, 36.23109592 ] } },
{ "type": "Feature", "properties": { "P05_001": "32528", "P05_002": "5", "P05_003": "社会福祉センター", "P05_004": "隠岐の島町原田396" }, "geometry": { "type": "Point", "coordinates": [ 133.296893, 36.22878 ] } },
{ "type": "Feature", "properties": { "P05_001": "32528", "P05_002": "5", "P05_003": "斎宮集会所", "P05_004": "隠岐の島町原田396" }, "geometry": { "type": "Point", "coordinates": [ 133.296903, 36.22877 ] } },
{ "type": "Feature", "properties": { "P05_001": "32528", "P05_002": "5", "P05_003": "中条町民体育館", "P05_004": "隠岐の島町原田396" }, "geometry": { "type": "Point", "coordinates": [ 133.296893, 36.22877 ] } },
{ "type": "Feature", "properties": { "P05_001": "32528", "P05_002": "5", "P05_003": "原田中央集会所", "P05_004": "隠岐の島町原田440-1" }, "geometry": { "type": "Point", "coordinates": [ 133.297702, 36.230774 ] } },
{ "type": "Feature", "properties": { "P05_001": "32528", "P05_002": "5", "P05_003": "港町集会所", "P05_004": "隠岐の島町港町塩口80-1" }, "geometry": { "type": "Point", "coordinates": [ 133.328142, 36.204262 ] } },
{ "type": "Feature", "properties": { "P05_001": "32528", "P05_002": "5", "P05_003": "岸浜集会所", "P05_004": "隠岐の島町今津1551-1" }, "geometry": { "type": "Point", "coordinates": [ 133.3015, 36.176846 ] } },
{ "type": "Feature", "properties": { "P05_001": "32528", "P05_002": "5", "P05_003": "総合学習センター", "P05_004": "隠岐の島町今津346-2" }, "geometry": { "type": "Point", "coordinates": [ 133.30615, 36.181724 ] } },
{ "type": "Feature", "properties": { "P05_001": "32528", "P05_002": "5", "P05_003": "今津集会所", "P05_004": "隠岐の島町今津548-36" }, "geometry": { "type": "Point", "coordinates": [ 133.309714, 36.180014 ] } },
{ "type": "Feature", "properties": { "P05_001": "32528", "P05_002": "5", "P05_003": "山田地区生活改善センター", "P05_004": "隠岐の島町山田395" }, "geometry": { "type": "Point", "coordinates": [ 133.25513, 36.287557 ] } },
{ "type": "Feature", "properties": { "P05_001": "32528", "P05_002": "5", "P05_003": "小路地区集会所", "P05_004": "隠岐の島町小路988" }, "geometry": { "type": "Point", "coordinates": [ 133.250789, 36.276306 ] } },
{ "type": "Feature", "properties": { "P05_001": "32528", "P05_002": "5", "P05_003": "雨来集会所", "P05_004": "隠岐の島町上西中脇29-3" }, "geometry": { "type": "Point", "coordinates": [ 133.290010990000013, 36.23502023 ] } },
{ "type": "Feature", "properties": { "P05_001": "32528", "P05_002": "5", "P05_003": "都万目集会所", "P05_004": "隠岐の島町上西津戸畑2-1" }, "geometry": { "type": "Point", "coordinates": [ 133.256656, 36.246725 ] } },
{ "type": "Feature", "properties": { "P05_001": "32528", "P05_002": "5", "P05_003": "皆市集会所", "P05_004": "隠岐の島町上西面田3" }, "geometry": { "type": "Point", "coordinates": [ 133.270567, 36.238523 ] } },
{ "type": "Feature", "properties": { "P05_001": "32528", "P05_002": "5", "P05_003": "八田集会所", "P05_004": "隠岐の島町城北町181" }, "geometry": { "type": "Point", "coordinates": [ 133.320026, 36.215059 ] } },
{ "type": "Feature", "properties": { "P05_001": "32528", "P05_002": "5", "P05_003": "西村地区多目的集会施設", "P05_004": "隠岐の島町西村101" }, "geometry": { "type": "Point", "coordinates": [ 133.293709, 36.327765 ] } },
{ "type": "Feature", "properties": { "P05_001": "32528", "P05_002": "5", "P05_003": "西郷武道館", "P05_004": "隠岐の島町西町吉田の三3-2" }, "geometry": { "type": "Point", "coordinates": [ 133.32594939, 36.20848587 ] } },
{ "type": "Feature", "properties": { "P05_001": "32528", "P05_002": "5", "P05_003": "吉田集会所", "P05_004": "隠岐の島町西町吉田の四4-4" }, "geometry": { "type": "Point", "coordinates": [ 133.326747, 36.208333 ] } },
{ "type": "Feature", "properties": { "P05_001": "32528", "P05_002": "4", "P05_003": "西郷公民館", "P05_004": "隠岐の島町西町吉田ノ二" }, "geometry": { "type": "Point", "coordinates": [ 133.325106, 36.208216 ] } },
{ "type": "Feature", "properties": { "P05_001": "32528", "P05_002": "5", "P05_003": "上八尾集会所", "P05_004": "隠岐の島町西町八尾の四92" }, "geometry": { "type": "Point", "coordinates": [ 133.326773, 36.206275 ] } },
{ "type": "Feature", "properties": { "P05_001": "32528", "P05_002": "5", "P05_003": "御崎町集会所", "P05_004": "隠岐の島町西町八尾の二43-1" }, "geometry": { "type": "Point", "coordinates": [ 133.331327, 36.204927 ] } },
{ "type": "Feature", "properties": { "P05_001": "32528", "P05_002": "5", "P05_003": "名田集会所", "P05_004": "隠岐の島町西町名田の一9-3" }, "geometry": { "type": "Point", "coordinates": [ 133.325361, 36.21378 ] } },
{ "type": "Feature", "properties": { "P05_001": "32528", "P05_002": "5", "P05_003": "磯地区多目的共同利用施設", "P05_004": "隠岐の島町西田228-1" }, "geometry": { "type": "Point", "coordinates": [ 133.304799, 36.199098 ] } },
{ "type": "Feature", "properties": { "P05_001": "32528", "P05_002": "5", "P05_003": "蔵田地区集会所", "P05_004": "隠岐の島町蔵田2598-4" }, "geometry": { "type": "Point", "coordinates": [ 133.188642, 36.249582 ] } },
{ "type": "Feature", "properties": { "P05_001": "32528", "P05_002": "5", "P05_003": "代地区集会所", "P05_004": "隠岐の島町代130-1" }, "geometry": { "type": "Point", "coordinates": [ 133.219722, 36.303161 ] } },
{ "type": "Feature", "properties": { "P05_001": "32528", "P05_002": "5", "P05_003": "大久集会所", "P05_004": "隠岐の島町大久上浜24-2" }, "geometry": { "type": "Point", "coordinates": [ 133.372627, 36.251268 ] } },
{ "type": "Feature", "properties": { "P05_001": "32528", "P05_002": "5", "P05_003": "蛸木集会所", "P05_004": "隠岐の島町蛸木61-4" }, "geometry": { "type": "Point", "coordinates": [ 133.249116, 36.161935 ] } },
{ "type": "Feature", "properties": { "P05_001": "32528", "P05_002": "5", "P05_003": "浜田集会所", "P05_004": "隠岐の島町中村1447" }, "geometry": { "type": "Point", "coordinates": [ 133.306687, 36.31803 ] } },
{ "type": "Feature", "properties": { "P05_001": "32528", "P05_002": "5", "P05_003": "出雲結集会所", "P05_004": "隠岐の島町中町出雲結の三1-18" }, "geometry": { "type": "Point", "coordinates": [ 133.328444, 36.20958 ] } },
{ "type": "Feature", "properties": { "P05_001": "32528", "P05_002": "5", "P05_003": "中町集会所", "P05_004": "隠岐の島町中町目貫の二48" }, "geometry": { "type": "Point", "coordinates": [ 133.334582, 36.205737 ] } },
{ "type": "Feature", "properties": { "P05_001": "32528", "P05_002": "5", "P05_003": "津戸集会所", "P05_004": "隠岐の島町津戸10-1" }, "geometry": { "type": "Point", "coordinates": [ 133.240823, 36.167356 ] } },
{ "type": "Feature", "properties": { "P05_001": "32528", "P05_002": "5", "P05_003": "向陽集会所", "P05_004": "隠岐の島町津戸1037-23" }, "geometry": { "type": "Point", "coordinates": [ 133.245907, 36.179488 ] } },
{ "type": "Feature", "properties": { "P05_001": "32528", "P05_002": "5", "P05_003": "釜屋地区集落センター", "P05_004": "隠岐の島町都万1602-16" }, "geometry": { "type": "Point", "coordinates": [ 133.236957, 36.191753 ] } },
{ "type": "Feature", "properties": { "P05_001": "32528", "P05_002": "4", "P05_003": "都万公民館", "P05_004": "隠岐の島町都万1773-1" }, "geometry": { "type": "Point", "coordinates": [ 133.235373790000011, 36.19652415 ] } },
{ "type": "Feature", "properties": { "P05_001": "32528", "P05_002": "5", "P05_003": "中里地区多目的集会施設", "P05_004": "隠岐の島町都万2015-1" }, "geometry": { "type": "Point", "coordinates": [ 133.23534508, 36.19646443 ] } },
{ "type": "Feature", "properties": { "P05_001": "32528", "P05_002": "5", "P05_003": "美田地区集会所", "P05_004": "隠岐の島町都万2589-15" }, "geometry": { "type": "Point", "coordinates": [ 133.229294, 36.196519 ] } },
{ "type": "Feature", "properties": { "P05_001": "32528", "P05_002": "5", "P05_003": "歌木地区集落センター", "P05_004": "隠岐の島町都万277-1" }, "geometry": { "type": "Point", "coordinates": [ 133.23530305, 36.19639778 ] } },
{ "type": "Feature", "properties": { "P05_001": "32528", "P05_002": "5", "P05_003": "西地区集会所", "P05_004": "隠岐の島町都万2865-4" }, "geometry": { "type": "Point", "coordinates": [ 133.2267, 36.194225 ] } },
{ "type": "Feature", "properties": { "P05_001": "32528", "P05_002": "5", "P05_003": "森地区集会所", "P05_004": "隠岐の島町都万3341" }, "geometry": { "type": "Point", "coordinates": [ 133.227502, 36.202594 ] } },
{ "type": "Feature", "properties": { "P05_001": "32528", "P05_002": "5", "P05_003": "砂子谷地区集会所", "P05_004": "隠岐の島町都万3645-2" }, "geometry": { "type": "Point", "coordinates": [ 133.232113, 36.204567 ] } },
{ "type": "Feature", "properties": { "P05_001": "32528", "P05_002": "5", "P05_003": "向山地区集会所", "P05_004": "隠岐の島町都万3646-1" }, "geometry": { "type": "Point", "coordinates": [ 133.231188, 36.202366 ] } },
{ "type": "Feature", "properties": { "P05_001": "32528", "P05_002": "5", "P05_003": "上地区集会所", "P05_004": "隠岐の島町都万4120-1" }, "geometry": { "type": "Point", "coordinates": [ 133.234001, 36.205111 ] } },
{ "type": "Feature", "properties": { "P05_001": "32528", "P05_002": "5", "P05_003": "大津久集会所", "P05_004": "隠岐の島町都万6134-1" }, "geometry": { "type": "Point", "coordinates": [ 133.20852, 36.209999 ] } },
{ "type": "Feature", "properties": { "P05_001": "32528", "P05_002": "5", "P05_003": "里集会所", "P05_004": "隠岐の島町東郷宮尾3-1" }, "geometry": { "type": "Point", "coordinates": [ 133.337415, 36.212847 ] } },
{ "type": "Feature", "properties": { "P05_001": "32528", "P05_002": "5", "P05_003": "東郷集会所", "P05_004": "隠岐の島町東郷川尻18-1" }, "geometry": { "type": "Point", "coordinates": [ 133.340203, 36.222056 ] } },
{ "type": "Feature", "properties": { "P05_001": "32528", "P05_002": "5", "P05_003": "東町集会所", "P05_004": "隠岐の島町東町宇屋の上8" }, "geometry": { "type": "Point", "coordinates": [ 133.334614, 36.207428 ] } },
{ "type": "Feature", "properties": { "P05_001": "32528", "P05_002": "5", "P05_003": "登具集会所", "P05_004": "隠岐の島町東町登具75" }, "geometry": { "type": "Point", "coordinates": [ 133.335827, 36.209959 ] } },
{ "type": "Feature", "properties": { "P05_001": "32528", "P05_002": "5", "P05_003": "上那久集会所", "P05_004": "隠岐の島町那久289-4" }, "geometry": { "type": "Point", "coordinates": [ 133.206254, 36.220638 ] } },
{ "type": "Feature", "properties": { "P05_001": "32528", "P05_002": "5", "P05_003": "浜那久集会所", "P05_004": "隠岐の島町那久62-1" }, "geometry": { "type": "Point", "coordinates": [ 133.19559181, 36.21404666 ] } },
{ "type": "Feature", "properties": { "P05_001": "32528", "P05_002": "5", "P05_003": "那久路地区生活改善センター", "P05_004": "隠岐の島町那久路268-1" }, "geometry": { "type": "Point", "coordinates": [ 133.244093, 36.267888 ] } },
{ "type": "Feature", "properties": { "P05_001": "32528", "P05_002": "5", "P05_003": "南方地区集落センター", "P05_004": "隠岐の島町南方1149-1" }, "geometry": { "type": "Point", "coordinates": [ 133.230288, 36.285817 ] } },
{ "type": "Feature", "properties": { "P05_001": "32528", "P05_002": "5", "P05_003": "福浦公会堂", "P05_004": "隠岐の島町南方2012" }, "geometry": { "type": "Point", "coordinates": [ 133.200294, 36.278193 ] } },
{ "type": "Feature", "properties": { "P05_001": "32528", "P05_002": "5", "P05_003": "東郷地区多目的共同利用施設", "P05_004": "隠岐の島町飯田前田2" }, "geometry": { "type": "Point", "coordinates": [ 133.349137, 36.219285 ] } },
{ "type": "Feature", "properties": { "P05_001": "32528", "P05_002": "5", "P05_003": "津井集会所", "P05_004": "隠岐の島町飯田田の前14-1" }, "geometry": { "type": "Point", "coordinates": [ 133.350418, 36.209276 ] } },
{ "type": "Feature", "properties": { "P05_001": "32528", "P05_002": "5", "P05_003": "飯美集会所", "P05_004": "隠岐の島町飯美361-1" }, "geometry": { "type": "Point", "coordinates": [ 133.335643, 36.305708 ] } },
{ "type": "Feature", "properties": { "P05_001": "32528", "P05_002": "5", "P05_003": "苗代田地区集落センター", "P05_004": "隠岐の島町苗代田277" }, "geometry": { "type": "Point", "coordinates": [ 133.23677752, 36.2772806 ] } },
{ "type": "Feature", "properties": { "P05_001": "32528", "P05_002": "2", "P05_003": "布施支所", "P05_004": "隠岐の島町布施218-24" }, "geometry": { "type": "Point", "coordinates": [ 133.357143, 36.293661 ] } },
{ "type": "Feature", "properties": { "P05_001": "32528", "P05_002": "4", "P05_003": "布施公民館", "P05_004": "隠岐の島町布施578-1" }, "geometry": { "type": "Point", "coordinates": [ 133.352421209999989, 36.29336867 ] } },
{ "type": "Feature", "properties": { "P05_001": "32528", "P05_002": "5", "P05_003": "平集会所", "P05_004": "隠岐の島町平142" }, "geometry": { "type": "Point", "coordinates": [ 133.302949, 36.219008 ] } },
{ "type": "Feature", "properties": { "P05_001": "32528", "P05_002": "5", "P05_003": "長尾田地区集落センター", "P05_004": "隠岐の島町北方1739-6" }, "geometry": { "type": "Point", "coordinates": [ 133.187399, 36.266614 ] } },
{ "type": "Feature", "properties": { "P05_001": "32528", "P05_002": "5", "P05_003": "岬町集会所", "P05_004": "隠岐の島町岬町川原田の一21" }, "geometry": { "type": "Point", "coordinates": [ 133.327528, 36.188058 ] } },
{ "type": "Feature", "properties": { "P05_001": "32528", "P05_002": "5", "P05_003": "湊集会所", "P05_004": "隠岐の島町湊210-2" }, "geometry": { "type": "Point", "coordinates": [ 133.300628, 36.324374 ] } },
{ "type": "Feature", "properties": { "P05_001": "32528", "P05_002": "5", "P05_003": "月無集会所", "P05_004": "隠岐の島町有木月無3" }, "geometry": { "type": "Point", "coordinates": [ 133.322294, 36.215783 ] } },
{ "type": "Feature", "properties": { "P05_001": "32528", "P05_002": "5", "P05_003": "有木集会所", "P05_004": "隠岐の島町有木殿屋敷29-6" }, "geometry": { "type": "Point", "coordinates": [ 133.316772, 36.22350298 ] } },
{ "type": "Feature", "properties": { "P05_001": "32528", "P05_002": "1", "P05_003": "隠岐の島町役場", "P05_004": "隠岐郡隠岐の島町城北町1" }, "geometry": { "type": "Point", "coordinates": [ 133.3218, 36.209064 ] } },
{ "type": "Feature", "properties": { "P05_001": "32528", "P05_002": "2", "P05_003": "隠岐の島町役場中出張所", "P05_004": "隠岐郡隠岐の島町中村1541-4" }, "geometry": { "type": "Point", "coordinates": [ 133.304963, 36.321639 ] } },
{ "type": "Feature", "properties": { "P05_001": "32528", "P05_002": "5", "P05_003": "隠岐島文化会館", "P05_004": "隠岐郡隠岐の島町西町吉田の二" }, "geometry": { "type": "Point", "coordinates": [ 133.325069, 36.208219 ] } },
{ "type": "Feature", "properties": { "P05_001": "32528", "P05_002": "2", "P05_003": "役場五箇支所", "P05_004": "隠岐郡隠岐の島町北方901-1" }, "geometry": { "type": "Point", "coordinates": [ 133.227658, 36.290123 ] } },
{ "type": "Feature", "properties": { "P05_001": "32528", "P05_002": "2", "P05_003": "役場都万支所", "P05_004": "隠岐郡隠岐の島町都万2016" }, "geometry": { "type": "Point", "coordinates": [ 133.234933, 36.197275 ] } },
{ "type": "Feature", "properties": { "P05_001": "32528", "P05_002": "2", "P05_003": "役場布施支所", "P05_004": "隠岐郡隠岐の島町布施218-24" }, "geometry": { "type": "Point", "coordinates": [ 133.355971, 36.294261 ] } },
{ "type": "Feature", "properties": { "P05_001": "32528", "P05_002": "5", "P05_003": "岬町民体育館", "P05_004": "隠岐郡隠岐の島町岬町中の津四2109-1" }, "geometry": { "type": "Point", "coordinates": [ 133.335322, 36.188283 ] } }
]
}
